address_full,number,street,city,state,zip,longitude,latitude,statefp,countyfp,tractce,blkgrpce
"358 CAMPERS LN CONCORD, VT 05824 ",358,CAMPERS LN,CONCORD,VT,05824,-71.801261,44.446611,50,009,950500,2
"689 SPENCER HILL RD BLOOMFIELD, VT 05905 ",689,SPENCER HILL RD,BLOOMFIELD,VT,05905,-71.627722,44.761586,50,009,950100,1
"1311 VT ROUTE 114 S NORTON, VT 05907 ",1311,VT ROUTE 114   S,NORTON,VT,05907,-71.803143,44.990478,50,009,950100,1
"361 JACKSON LODGE RD CANAAN, VT 05903 ",361,JACKSON LODGE RD,CANAAN,VT,05903,-71.609303,45.01209,50,009,950100,2
"289 E MAIN ST LUNENBURG, VT 05906 ",289,E   MAIN ST,LUNENBURG,VT,05906,-71.671461,44.464462,50,009,950500,1
"1627 WESTSIDE LAKE RD MAIDSTONE, VT 05905 ",1627,WESTSIDE LAKE RD,MAIDSTONE,VT,05905,-71.654457,44.647159,50,009,950100,1
"0 SFH MAIDSTONE, VT 05905 ",0,SFH,MAIDSTONE,VT,05905,-71.646093,44.636178,50,009,950100,1
"384 ROYALSTON CORNER RD CONCORD, VT 05824 ",384,ROYALSTON CORNER RD,CONCORD,VT,05824,-71.878533,44.430698,50,009,950500,2
"379 HIGH RIDGE RD CONCORD, VT 05824 ",379,HIGH RIDGE RD,CONCORD,VT,05824,-71.861802,44.386323,50,009,950500,2
"198 BEACH RD AVERILL, VT 05901 ",198,BEACH RD,AVERILL,VT,05901,-71.685189,44.96948,50,009,950100,1
"757 GEORGES BLVD EAST HAVEN, VT 05837 ",757,GEORGES BLVD,EAST HAVEN,VT,05837,-71.861784,44.637721,50,009,950500,1
"173 W SIDE RD LUNENBURG, VT 05906 ",173,W  SIDE RD,LUNENBURG,VT,05906,-71.69556,44.486069,50,009,950500,1
"553 BASIL HILL RD BRIGHTON, VT 05846 ",553,BASIL HILL RD,BRIGHTON,VT,05846,-71.942964,44.80668,50,009,950200,1
"3127 VT ROUTE 102 BRUNSWICK, VT 05905 ",3127,VT ROUTE 102,BRUNSWICK,VT,05905,-71.612519,44.715297,50,009,950100,1
"188 POLLARD HL CANAAN, VT 05903 ",188,POLLARD HL,CANAAN,VT,05903,-71.597777,44.957409,50,009,950100,2
"153 SPUR RD BLOOMFIELD, VT 05905 ",153,SPUR RD,BLOOMFIELD,VT,05905,-71.577285,44.811987,50,009,950100,1
"68 ALBERTS WAY AVERILL, VT 05901 ",68,ALBERTS WAY,AVERILL,VT,05901,-71.685446,44.984918,50,009,950100,1
"966 COZY NOOK RD CONCORD, VT 05824 ",966,COZY NOOK RD,CONCORD,VT,05824,-71.761811,44.411676,50,009,950500,2
"201 AUSTIN RD EAST HAVEN, VT 05837 ",201,AUSTIN RD,EAST HAVEN,VT,05837,-71.86683,44.646803,50,009,950500,1
"131 RIVER RD CANAAN, VT 05902 ",131,RIVER RD,CANAAN,VT,05902,-71.505207,45.00889,50,009,950100,2
"337 NELSON RD NORTON, VT 05907 ",337,NELSON RD,NORTON,VT,05907,-71.798994,45.010389,50,009,950100,1
"46 GLENSIDE LN CONCORD, VT 05858 ",46,GLENSIDE LN,CONCORD,VT,05858,-71.861009,44.470241,50,009,950500,2
"53 FITZGERALD AVE BRIGHTON, VT 05846 ",53,FITZGERALD AVE,BRIGHTON,VT,05846,-71.883732,44.811163,50,009,950200,1
"460 ROYALSTON CORNER RD CONCORD, VT 05824 ",460,ROYALSTON CORNER RD,CONCORD,VT,05824,-71.876646,44.430512,50,009,950500,2
"0 VT ROUTE 105 BLOOMFIELD, VT 05905 ",0,VT ROUTE 105,BLOOMFIELD,VT,05905,-71.642714,44.760972,50,009,950100,1
"0 SFH MAIDSTONE, VT 05905 ",0,SFH,MAIDSTONE,VT,05905,-71.644151,44.63792,50,009,950100,1
"787 TUG MOUNTAIN RD LUNENBURG, VT 05906 ",787,TUG MOUNTAIN RD,LUNENBURG,VT,05906,-71.732759,44.528371,50,009,950500,1
"143 CHAMBERLAIN RD CANAAN, VT 05903 ",143,CHAMBERLAIN RD,CANAAN,VT,05903,-71.547512,44.968641,50,009,950100,2
"131 FITZGERALD AVE BRIGHTON, VT 05846 ",131,FITZGERALD AVE,BRIGHTON,VT,05846,-71.883012,44.811914,50,009,950200,1
"148 GOUDREAULT HILL RD CONCORD, VT 05824 ",148,GOUDREAULT HILL RD,CONCORD,VT,05824,-71.859482,44.43403,50,009,950500,2
"444 ARTHUR JOHN RD BRIGHTON, VT 05846 ",444,ARTHUR JOHN RD,BRIGHTON,VT,05846,-71.839519,44.760568,50,009,950200,1
"462 BAUMANN RD NORTON, VT 05907 ",462,BAUMANN RD,NORTON,VT,05907,-71.804741,45.005142,50,009,950100,1
"1465 LADD RD CONCORD, VT 05858 ",1465,LADD RD,CONCORD,VT,05858,-71.841866,44.458681,50,009,950500,2
"667 COZY NOOK RD CONCORD, VT 05906 ",667,COZY NOOK RD,CONCORD,VT,05906,-71.759915,44.415183,50,009,950500,2
"41 GREEN HILL RD CANAAN, VT 05903 ",41,GREEN HILL RD,CANAAN,VT,05903,-71.531704,45.001105,50,009,950100,2
"6138 VT ROUTE 114 CANAAN, VT 05903 ",6138,VT ROUTE 114,CANAAN,VT,05903,-71.65974,45.006172,50,009,950100,2
"6593 VT ROUTE 102 CANAAN, VT 05903 ",6593,VT ROUTE 102,CANAAN,VT,05903,-71.540725,44.993187,50,009,950100,2
"0 S LUNENBURG RD LUNENBURG, VT 05906 ",0,S  LUNENBURG RD,LUNENBURG,VT,05906,-71.677146,44.452496,50,009,950500,3
"2408 RIVER RD LUNENBURG, VT 05904 ",2408,RIVER RD,LUNENBURG,VT,05904,-71.70284,44.415994,50,009,950500,3
"0 DOW DR LUNENBURG, VT 05906 ",0,DOW DR,LUNENBURG,VT,05906,-71.741636,44.419241,50,009,950500,3
"1271 HATCHERY BROOK RD AVERILL, VT 05901 ",1271,HATCHERY BROOK RD,AVERILL,VT,05901,-71.682361,44.967599,50,009,950100,1
"0 VT ROUTE 114 CANAAN, VT 05903 ",0,VT ROUTE 114,CANAAN,VT,05903,-71.592137,45.006843,50,009,950100,2
"130 DREAM LN CONCORD, VT 05824 ",130,DREAM LN,CONCORD,VT,05824,-71.873824,44.403822,50,009,950500,2
"5455 VT ROUTE 105 BRUNSWICK, VT 05905 ",5455,VT ROUTE 105,BRUNSWICK,VT,05905,-71.70247,44.76576,50,009,950100,1
"22 MASTEN RD VICTORY, VT 05858 ",22,MASTEN RD,VICTORY,VT,05858,-71.850877,44.528329,50,009,950500,1
"78 MILTIMORE RD CONCORD, VT 05824 ",78,MILTIMORE RD,CONCORD,VT,05824,-71.890405,44.41007,50,009,950500,2
"0 S LUNENBURG RD LUNENBURG, VT 05906 ",0,S   LUNENBURG RD,LUNENBURG,VT,05906,-71.682354,44.460683,50,009,950500,3
"837 JACKSON RD AVERILL, VT 05901 ",837,JACKSON RD,AVERILL,VT,05901,-71.706719,44.978901,50,009,950100,1
"3 ANNIE DR LUNENBURG, VT 05906 ",3,ANNIE DR,LUNENBURG,VT,05906,-71.731029,44.44274,50,009,950500,3
"0 VT ROUTE 114 CANAAN, VT 05903 ",0,VT ROUTE 114,CANAAN,VT,05903,-71.686401,45.005772,50,009,950100,2
"0 SFH MAIDSTONE, VT 05905 ",0,SFH,MAIDSTONE,VT,05905,-71.644505,44.636969,50,009,950100,1
"663 VT ROUTE 102 CANAAN, VT 05903 ",663,VT ROUTE 102,CANAAN,VT,05903,-71.515746,44.918106,50,009,950100,2
"6585 VT ROUTE 102 BLOOMFIELD, VT 05905 ",6585,VT ROUTE 102,BLOOMFIELD,VT,05905,-71.571085,44.826721,50,009,950100,1
"1811 OREGON RD CONCORD, VT 05906 ",1811,OREGON RD,CONCORD,VT,05906,-71.761332,44.441114,50,009,950500,2
"461 LOOP RD AVERILL, VT 05901 ",461,LOOP RD,AVERILL,VT,05901,-71.69254,44.967257,50,009,950100,1
"72 HILLSIDE TER BRIGHTON, VT 05846 ",72,HILLSIDE TER,BRIGHTON,VT,05846,-71.878648,44.819857,50,009,950200,1
"511 WALLACE RD LEMINGTON, VT 05903 ",511,WALLACE RD,LEMINGTON,VT,05903,-71.58906,44.868837,50,009,950100,1
"120 MOUNTAIN ST BRIGHTON, VT 05846 ",120,MOUNTAIN ST,BRIGHTON,VT,05846,-71.879944,44.817928,50,009,950200,1
"165 LLOYD POTTER RD LEWIS, VT 05907 ",165,LLOYD POTTER RD,LEWIS,VT,05907,-71.777327,44.881784,50,009,950100,1
"1279 PORRELL RD GRANBY, VT 05858 ",1279,PORRELL RD,GRANBY,VT,05858,-71.756253,44.585224,50,009,950500,1
"823 GIDEONS MILL RD BRIGHTON, VT 05846 ",823,GIDEONS MILL RD,BRIGHTON,VT,05846,-71.928019,44.816063,50,009,950200,1
"1383 CANAAN HILL RD AVERILL, VT 05901 ",1383,CANAAN HILL RD,AVERILL,VT,05901,-71.6562,44.981608,50,009,950100,1
"503 DERBY ST BRIGHTON, VT 05846 ",503,DERBY ST,BRIGHTON,VT,05846,-71.886949,44.807075,50,009,950200,1
"1507 HEAD OF THE POND RD BRIGHTON, VT 05846 ",1507,HEAD OF THE POND RD,BRIGHTON,VT,05846,-71.850512,44.775685,50,009,950200,1
"2286 CROSS RD CONCORD, VT 05824 ",2286,CROSS RD,CONCORD,VT,05824,-71.89756,44.426994,50,009,950500,2
"0 SPENCER HILL RD BLOOMFIELD, VT 05905 ",0,SPENCER HILL RD,BLOOMFIELD,VT,05905,-71.634342,44.754612,50,009,950100,1
"866 MOUNTAIN RD EAST HAVEN, VT 05837 ",866,MOUNTAIN RD,EAST HAVEN,VT,05837,-71.877086,44.643,50,009,950500,1
"1396 RIVER RD LUNENBURG, VT 05906 ",1396,RIVER RD,LUNENBURG,VT,05906,-71.679871,44.435452,50,009,950500,3
"44 CROSS ST BRIGHTON, VT 05846 ",44,CROSS ST,BRIGHTON,VT,05846,-71.8815,44.814417,50,009,950200,1
"213 NORTON LAKE ACCESS RD WARRENS GORE, VT 05907 ",213,NORTON LAKE ACCESS RD,WARRENS GORE,VT,05907,-71.870657,44.923978,50,009,950100,1
"2704 HALL RD MAIDSTONE, VT 05905 ",2704,HALL RD,MAIDSTONE,VT,05905,-71.633693,44.638211,50,009,950100,1
"161 FISHING VILLAGE RD BRIGHTON, VT 05846 ",161,FISHING VILLAGE RD,BRIGHTON,VT,05846,-71.855772,44.803881,50,009,950200,1
"1268 LAKESHORE DR BRIGHTON, VT 05846 ",1268,LAKESHORE DR,BRIGHTON,VT,05846,-71.856797,44.802175,50,009,950200,1
"397 WESTSIDE LAKE RD MAIDSTONE, VT 05905 ",397,WESTSIDE LAKE RD,MAIDSTONE,VT,05905,-71.648871,44.662298,50,009,950100,1
"6412 VT ROUTE 102 GUILDHALL, VT 05905 ",6412,VT ROUTE 102,GUILDHALL,VT,05905,-71.576781,44.565897,50,009,950500,1
"2556 RIVER RD LUNENBURG, VT 05904 ",2556,RIVER RD,LUNENBURG,VT,05904,-71.70768,44.414969,50,009,950500,3
"2011 E BRIGHTON RD BRIGHTON, VT 05846 ",2011,E  BRIGHTON RD,BRIGHTON,VT,05846,-71.849339,44.806528,50,009,950200,1
"344 GOUDREAULT HILL RD CONCORD, VT 05824 ",344,GOUDREAULT HILL RD,CONCORD,VT,05824,-71.858417,44.436886,50,009,950500,2
"0 TODD HILL RD LEMINGTON, VT 05903 ",0,TODD HILL RD,LEMINGTON,VT,05903,-71.587703,44.930852,50,009,950100,1
"4 FELKER RD GRANBY, VT 05858 ",4,FELKER RD,GRANBY,VT,05858,-71.749798,44.56891,50,009,950500,1
"4716 VT ROUTE 114 CANAAN, VT 05903 ",4716,VT ROUTE 114,CANAAN,VT,05903,-71.632514,45.009585,50,009,950100,2
"0 BOBBIN MILL RD LUNENBURG, VT 05906 ",0,BOBBIN MILL RD,LUNENBURG,VT,05906,-71.668952,44.490633,50,009,950500,1
"196 SLADYK TRL WARRENS GORE, VT 05907 ",196,SLADYK TRL,WARRENS GORE,VT,05907,-71.869925,44.935826,50,009,950100,1
"0 SNOW HILL RD BLOOMFIELD, VT 05905 ",0,SNOW HILL RD,BLOOMFIELD,VT,05905,-71.612053,44.791335,50,009,950100,1
"501 TEN MILE SQUARE RD BRIGHTON, VT 05846 ",501,TEN MILE SQUARE RD,BRIGHTON,VT,05846,-71.911267,44.827413,50,009,950200,1
"433 WALKER RD FERDINAND, VT 05846 ",433,WALKER RD,FERDINAND,VT,05846,-71.801342,44.779201,50,009,950100,1
"0 WESTSIDE LAKE RD MAIDSTONE, VT 05905 ",0,WESTSIDE LAKE RD,MAIDSTONE,VT,05905,-71.657254,44.644988,50,009,950100,1
"503 LAKE VIEW RD NORTON, VT 05907 ",503,LAKE VIEW RD,NORTON,VT,05907,-71.710386,44.997914,50,009,950100,1
"0 JOHNSON RD CONCORD, VT 05824 ",0,JOHNSON RD,CONCORD,VT,05824,-71.824295,44.399344,50,009,950500,2
"1798 VT ROUTE 105 FERDINAND, VT 05846 ",1798,VT ROUTE 105,FERDINAND,VT,05846,-71.768936,44.779947,50,009,950100,1
"997 VT ROUTE 102 CANAAN, VT 05903 ",997,VT ROUTE 102,CANAAN,VT,05903,-71.520105,44.921687,50,009,950100,2
"350 HUDSON RD CANAAN, VT 05903 ",350,HUDSON RD,CANAAN,VT,05903,-71.540397,44.935233,50,009,950100,2
"1764 VT ROUTE 114 WARRENS GORE, VT 05907 ",1764,VT ROUTE 114,WARRENS GORE,VT,05907,-71.87507,44.909194,50,009,950100,1
"1495 COLBY RD LUNENBURG, VT 05906 ",1495,COLBY RD,LUNENBURG,VT,05906,-71.674624,44.51831,50,009,950500,1
"347 NELSON RD NORTON, VT 05907 ",347,NELSON RD,NORTON,VT,05907,-71.798944,45.010549,50,009,950100,1
"245 FAY RD FERDINAND, VT 05846 ",245,FAY RD,FERDINAND,VT,05846,-71.776063,44.783079,50,009,950100,1
"4064 VT ROUTE 114 CANAAN, VT 05903 ",4064,VT ROUTE 114,CANAAN,VT,05903,-71.619607,45.009811,50,009,950100,2
"56 ENID CIR CANAAN, VT 05903 ",56,ENID CIR,CANAAN,VT,05903,-71.541632,44.99935,50,009,950100,2
"109 BACK ST BRIGHTON, VT 05846 ",109,BACK ST,BRIGHTON,VT,05846,-71.875021,44.817109,50,009,950200,1
"944 CAMPERS LN CONCORD, VT 05824 ",944,CAMPERS LN,CONCORD,VT,05824,-71.811822,44.443406,50,009,950500,2
"94 PATNAUDE HILL RD BLOOMFIELD, VT 05905 ",94,PATNAUDE HILL RD,BLOOMFIELD,VT,05905,-71.633891,44.749889,50,009,950100,1
"17 ETHAN ALLEN DR CANAAN, VT 05903 ",17,ETHAN ALLEN DR,CANAAN,VT,05903,-71.541606,44.998312,50,009,950100,2
"151 JACKSON LODGE VLG CANAAN, VT 05903 ",151,JACKSON LODGE VLG,CANAAN,VT,05903,-71.612874,45.012492,50,009,950100,2
"204 W MAIN ST LUNENBURG, VT 05906 ",204,W  MAIN ST,LUNENBURG,VT,05906,-71.689953,44.462526,50,009,950500,1
"7037 E BRANCH RD LEWIS, VT 05907 ",7037,E   BRANCH RD,LEWIS,VT,05907,-71.684111,44.883184,50,009,950100,1
"1394 N CONCORD RD CONCORD, VT 05858 ",1394,N   CONCORD RD,CONCORD,VT,05858,-71.851251,44.468992,50,009,950500,2
"90 E MAIN ST LUNENBURG, VT 05906 ",90,E   MAIN ST,LUNENBURG,VT,05906,-71.679086,44.463054,50,009,950500,3
"742 GRAHAM RD BLOOMFIELD, VT 05905 ",742,GRAHAM RD,BLOOMFIELD,VT,05905,-71.636804,44.754611,50,009,950100,1
"184 PLEASANT ST BRIGHTON, VT 05846 ",184,PLEASANT ST,BRIGHTON,VT,05846,-71.882849,44.808219,50,009,950200,1
"275 NORCOTT LN BLOOMFIELD, VT 05905 ",275,NORCOTT LN,BLOOMFIELD,VT,05905,-71.647937,44.778476,50,009,950100,1
"79 CHARLOTTE LN CONCORD, VT 05824 ",79,CHARLOTTE LN,CONCORD,VT,05824,-71.872135,44.405562,50,009,950500,2
"0 BAPTIST HILL RD LUNENBURG, VT 05906 ",0,BAPTIST HILL RD,LUNENBURG,VT,05906,-71.69948,44.459719,50,009,950500,3
"494 PLEASANT ST BRIGHTON, VT 05846 ",494,PLEASANT ST,BRIGHTON,VT,05846,-71.879593,44.804491,50,009,950200,1
"53 MOUNTAIN ST BRIGHTON, VT 05846 ",53,MOUNTAIN ST,BRIGHTON,VT,05846,-71.881254,44.817077,50,009,950200,1
"128 GALE ST CANAAN, VT 05903 ",128,GALE ST,CANAAN,VT,05903,-71.537319,44.996424,50,009,950100,2
"174 VT ROUTE 114 CANAAN, VT 05903 ",174,VT ROUTE 114,CANAAN,VT,05903,-71.546865,45.001659,50,009,950100,2
"297 BOYS CAMP RD LUNENBURG, VT 05906 ",297,BOYS CAMP RD,LUNENBURG,VT,05906,-71.696315,44.494446,50,009,950500,1
"0 CEDAR ST LUNENBURG, VT 05904 ",0,CEDAR ST,LUNENBURG,VT,05904,-71.719957,44.415034,50,009,950500,3
"576 DERBY ST BRIGHTON, VT 05846 ",576,DERBY ST,BRIGHTON,VT,05846,-71.888185,44.806524,50,009,950200,1
"210 GLENSIDE LN CONCORD, VT 05858 ",210,GLENSIDE LN,CONCORD,VT,05858,-71.859701,44.469424,50,009,950500,2
"46 PRIVATE WEST 9 MAIDSTONE, VT 05905 ",46,PRIVATE WEST 9,MAIDSTONE,VT,05905,-71.660591,44.640596,50,009,950100,1
"0 BAPTIST HILL RD LUNENBURG, VT 05906 ",0,BAPTIST HILL RD,LUNENBURG,VT,05906,-71.721483,44.430531,50,009,950500,3
"14 DERBY ST BRIGHTON, VT 05846 ",14,DERBY ST,BRIGHTON,VT,05846,-71.881808,44.812852,50,009,950200,1
"296 LAKE ST BRIGHTON, VT 05846 ",296,LAKE ST,BRIGHTON,VT,05846,-71.865393,44.812802,50,009,950200,1
"122 W MCCONNELL POND RD BRIGHTON, VT 05846 ",122,W  MCCONNELL POND RD,BRIGHTON,VT,05846,-71.838666,44.800445,50,009,950200,1
"1400 CROSS RD CONCORD, VT 05824 ",1400,CROSS RD,CONCORD,VT,05824,-71.911729,44.422567,50,009,950500,2
"2832 LEONARD HILL RD CONCORD, VT 05824 ",2832,LEONARD HILL RD,CONCORD,VT,05824,-71.808799,44.421222,50,009,950500,2
"1520 CAMPERS LN CONCORD, VT 05824 ",1520,CAMPERS LN,CONCORD,VT,05824,-71.821284,44.44659,50,009,950500,2
"500 DANCE HALL RD LUNENBURG, VT 05906 ",500,DANCE HALL RD,LUNENBURG,VT,05906,-71.766999,44.458543,50,009,950500,3
"0 VT ROUTE 141 CANAAN, VT 05903 ",0,VT ROUTE 141,CANAAN,VT,05903,-71.559676,45.010761,50,009,950100,2
"3241 GRANBY RD GUILDHALL, VT 05905 ",3241,GRANBY RD,GUILDHALL,VT,05905,-71.657947,44.572447,50,009,950500,1
"391 HALL STREAM RD CANAAN, VT 05902 ",391,HALL STREAM RD,CANAAN,VT,05902,-71.500056,45.012844,50,009,950100,2
"3959 VT ROUTE 102 CANAAN, VT 05903 ",3959,VT ROUTE 102,CANAAN,VT,05903,-71.528891,44.96212,50,009,950100,2
"0 STEVENS RD BLOOMFIELD, VT 05905 ",0,STEVENS RD,BLOOMFIELD,VT,05905,-71.577253,44.802116,50,009,950100,1
"231 COTTAGE DR BRIGHTON, VT 05846 ",231,COTTAGE DR,BRIGHTON,VT,05846,-71.872846,44.800187,50,009,950200,1
"589 VT ROUTE 105 FERDINAND, VT 05846 ",589,VT ROUTE 105,FERDINAND,VT,05846,-71.792007,44.783003,50,009,950100,1
"199 BEACH RD AVERILL, VT 05901 ",199,BEACH RD,AVERILL,VT,05901,-71.686062,44.969184,50,009,950100,1
"0 BOBBIN MILL RD LUNENBURG, VT 05906 ",0,BOBBIN MILL RD,LUNENBURG,VT,05906,-71.677314,44.477321,50,009,950500,1
"875 HATCHERY BROOK RD AVERILL, VT 05901 ",875,HATCHERY BROOK RD,AVERILL,VT,05901,-71.689708,44.965801,50,009,950100,1
"0 MAIDSTONE LAKE RD MAIDSTONE, VT 05905 ",0,MAIDSTONE LAKE RD,MAIDSTONE,VT,05905,-71.645628,44.66318,50,009,950100,1
"180 GLENSIDE LN CONCORD, VT 05858 ",180,GLENSIDE LN,CONCORD,VT,05858,-71.859727,44.468792,50,009,950500,2
"4273 VT ROUTE 102 BLOOMFIELD, VT 05905 ",4273,VT ROUTE 102,BLOOMFIELD,VT,05905,-71.577893,44.794115,50,009,950100,1
"61 COURTHOUSE DR GUILDHALL, VT 05905 ",61,COURTHOUSE DR,GUILDHALL,VT,05905,-71.561661,44.565495,50,009,950500,1
"494 MAIN ST CONCORD, VT 05824 ",494,MAIN ST,CONCORD,VT,05824,-71.885714,44.42844,50,009,950500,2
"0 MAIDSTONE LAKE RD MAIDSTONE, VT 05905 ",0,MAIDSTONE LAKE RD,MAIDSTONE,VT,05905,-71.640158,44.650297,50,009,950100,1
"467 POND HILL RD LUNENBURG, VT 05906 ",467,POND HILL RD,LUNENBURG,VT,05906,-71.692362,44.480568,50,009,950500,1
"0 MAIDSTONE LAKE RD MAIDSTONE, VT 05905 ",0,MAIDSTONE LAKE RD,MAIDSTONE,VT,05905,-71.647989,44.66543,50,009,950100,1
"4 LAKE EAST 2 MAIDSTONE, VT 05905 ",4,LAKE EAST 2,MAIDSTONE,VT,05905,-71.641285,44.642154,50,009,950100,1
"47 BEAGLE DR CONCORD, VT 05906 ",47,BEAGLE DR,CONCORD,VT,05906,-71.754804,44.427999,50,009,950500,2
"0 BAPTIST HILL RD LUNENBURG, VT 05906 ",0,BAPTIST HILL RD,LUNENBURG,VT,05906,-71.72496,44.435978,50,009,950500,3
"547 E MAIN ST CONCORD, VT 05824 ",547,E   MAIN ST,CONCORD,VT,05824,-71.875919,44.448045,50,009,950500,2
"79 COMMERCIAL AVE LUNENBURG, VT 05904 ",79,COMMERCIAL AVE,LUNENBURG,VT,05904,-71.717789,44.413302,50,009,950500,3
"18 LAKE ACCESS RD CANAAN, VT 05903 ",18,LAKE ACCESS RD,CANAAN,VT,05903,-71.633941,45.008649,50,009,950100,2
"0 PENN RD CANAAN, VT 05903 ",0,PENN RD,CANAAN,VT,05903,-71.603922,45.005127,50,009,950100,2
"43 WASHINGTON AVE LUNENBURG, VT 05904 ",43,WASHINGTON AVE,LUNENBURG,VT,05904,-71.717684,44.412792,50,009,950500,3
"10 BACK ST BRIGHTON, VT 05846 ",10,BACK ST,BRIGHTON,VT,05846,-71.876868,44.817768,50,009,950200,1
"513 LADD RD CONCORD, VT 05824 ",513,LADD RD,CONCORD,VT,05824,-71.859197,44.458094,50,009,950500,2
"146 HIGH ST CONCORD, VT 05824 ",146,HIGH ST,CONCORD,VT,05824,-71.886963,44.42974,50,009,950500,2
"480 NOTCH POND RD BRUNSWICK, VT 05905 ",480,NOTCH POND RD,BRUNSWICK,VT,05905,-71.7073,44.736712,50,009,950100,1
"195 HASTINGS RD LUNENBURG, VT 05906 ",195,HASTINGS RD,LUNENBURG,VT,05906,-71.738223,44.459384,50,009,950500,3
"0 LECLAIR RD CONCORD, VT 05824 ",0,LECLAIR RD,CONCORD,VT,05824,-71.834356,44.390535,50,009,950500,2
"36 MIDDLE ST BRIGHTON, VT 05846 ",36,MIDDLE ST,BRIGHTON,VT,05846,-71.88192,44.817213,50,009,950200,1
"763 LONG HILL RD CONCORD, VT 05824 ",763,LONG HILL RD,CONCORD,VT,05824,-71.869655,44.423769,50,009,950500,2
"130 ISLAND VIEW DR BRIGHTON, VT 05846 ",130,ISLAND VIEW DR,BRIGHTON,VT,05846,-71.859963,44.804659,50,009,950200,1
"651 US ROUTE 2 GUILDHALL, VT 05905 ",651,US ROUTE 2,GUILDHALL,VT,05905,-71.600415,44.491051,50,009,950500,1
"10 BLUE HERON LN CONCORD, VT 05824 ",10,BLUE HERON LN,CONCORD,VT,05824,-71.802248,44.446757,50,009,950500,2
"1002 S LUNENBURG RD LUNENBURG, VT 05906 ",1002,S  LUNENBURG RD,LUNENBURG,VT,05906,-71.675341,44.437942,50,009,950500,3
"0 VT ROUTE 102 BLOOMFIELD, VT 05905 ",0,VT ROUTE 102,BLOOMFIELD,VT,05905,-71.568652,44.825663,50,009,950100,1
"70 BUNNELL RD CONCORD, VT 05824 ",70,BUNNELL RD,CONCORD,VT,05824,-71.862423,44.38458,50,009,950500,2
"40 LANCASTER RD LUNENBURG, VT 05906 ",40,LANCASTER RD,LUNENBURG,VT,05906,-71.65192,44.465987,50,009,950500,3
"4003 LEONARD HILL RD CONCORD, VT 05824 ",4003,LEONARD HILL RD,CONCORD,VT,05824,-71.831384,44.416135,50,009,950500,2
"230 HALL RD MAIDSTONE, VT 05905 ",230,HALL RD,MAIDSTONE,VT,05905,-71.595759,44.65742,50,009,950100,1
"37 COMMERCIAL AVE LUNENBURG, VT 05904 ",37,COMMERCIAL AVE,LUNENBURG,VT,05904,-71.716303,44.413474,50,009,950500,3
"1041 TODD HILL RD CANAAN, VT 05903 ",1041,TODD HILL RD,CANAAN,VT,05903,-71.54275,44.925129,50,009,950100,2
"107 STODDARD RD LUNENBURG, VT 05906 ",107,STODDARD RD,LUNENBURG,VT,05906,-71.696732,44.488425,50,009,950500,1
"170 DOLLOFF MOUNTAIN RD BRIGHTON, VT 05846 ",170,DOLLOFF MOUNTAIN RD,BRIGHTON,VT,05846,-71.932853,44.825171,50,009,950200,1
"34 ALBERTS WAY AVERILL, VT 05901 ",34,ALBERTS WAY,AVERILL,VT,05901,-71.685208,44.985458,50,009,950100,1
"104 PARADIS MOUNTAIN RD BRIGHTON, VT 05846 ",104,PARADIS MOUNTAIN RD,BRIGHTON,VT,05846,-71.888648,44.803877,50,009,950200,1
"1007 TOLMAN BROOK RD GRANBY, VT 05858 ",1007,TOLMAN BROOK RD,GRANBY,VT,05858,-71.721954,44.610753,50,009,950500,1
"2641 MAIDSTONE LAKE RD MAIDSTONE, VT 05905 ",2641,MAIDSTONE LAKE RD,MAIDSTONE,VT,05905,-71.63727,44.678533,50,009,950100,1
"119 WOODLAND TRAIL RD BRIGHTON, VT 05846 ",119,WOODLAND TRAIL RD,BRIGHTON,VT,05846,-71.855151,44.799701,50,009,950200,1
"146 SAWMILL RD CONCORD, VT 05824 ",146,SAWMILL RD,CONCORD,VT,05824,-71.899133,44.43472,50,009,950500,2
"0 RIVER RD LUNENBURG, VT 05906 ",0,RIVER RD,LUNENBURG,VT,05906,-71.661775,44.444258,50,009,950500,3
"420 COTTAGE RD AVERILL, VT 05901 ",420,COTTAGE RD,AVERILL,VT,05901,-71.704087,44.993585,50,009,950100,1
"268 BAKER LN CONCORD, VT 05824 ",268,BAKER LN,CONCORD,VT,05824,-71.876573,44.401254,50,009,950500,2
"917 OREGON RD CONCORD, VT 05906 ",917,OREGON RD,CONCORD,VT,05906,-71.768818,44.452702,50,009,950500,2
"332 MCRAE RD BRIGHTON, VT 05846 ",332,MCRAE RD,BRIGHTON,VT,05846,-71.938951,44.801611,50,009,950200,1
"200 BOBBIN MILL RD LUNENBURG, VT 05906 ",200,BOBBIN MILL RD,LUNENBURG,VT,05906,-71.681648,44.468753,50,009,950500,1
"0 COLBY RD LUNENBURG, VT 05906 ",0,COLBY RD,LUNENBURG,VT,05906,-71.675695,44.50274,50,009,950500,1
"0 RIVER RD LUNENBURG, VT 05906 ",0,RIVER RD,LUNENBURG,VT,05906,-71.679473,44.435951,50,009,950500,3
"1551 VT ROUTE 114 S NORTON, VT 05907 ",1551,VT ROUTE 114   S,NORTON,VT,05907,-71.804269,44.987963,50,009,950100,1
"23 MARKO RD CONCORD, VT 05824 ",23,MARKO RD,CONCORD,VT,05824,-71.910318,44.426008,50,009,950500,2
"0 VT ROUTE 102 BLOOMFIELD, VT 05905 ",0,VT ROUTE 102,BLOOMFIELD,VT,05905,-71.575241,44.800104,50,009,950100,1
"393 E CONCORD RD LUNENBURG, VT 05906 ",393,E  CONCORD RD,LUNENBURG,VT,05906,-71.743091,44.41789,50,009,950500,3
"725 ROSEBROOK HILL RD BRIGHTON, VT 05846 ",725,ROSEBROOK HILL RD,BRIGHTON,VT,05846,-71.921047,44.787944,50,009,950200,1
"1141 PLEASANT ST BRIGHTON, VT 05846 ",1141,PLEASANT ST,BRIGHTON,VT,05846,-71.872143,44.796919,50,009,950200,1
"7166 VT ROUTE 102 GUILDHALL, VT 05905 ",7166,VT ROUTE 102,GUILDHALL,VT,05905,-71.561373,44.564401,50,009,950500,1
"1450 BOBBIN MILL RD LUNENBURG, VT 05906 ",1450,BOBBIN MILL RD,LUNENBURG,VT,05906,-71.660915,44.497141,50,009,950500,1
"53 SPUR RD BLOOMFIELD, VT 05905 ",53,SPUR RD,BLOOMFIELD,VT,05905,-71.576238,44.810389,50,009,950100,1
"16 FOREST ST BRIGHTON, VT 05846 ",16,FOREST ST,BRIGHTON,VT,05846,-71.88108,44.818639,50,009,950200,1
"3148 SHADOW LAKE RD CONCORD, VT 05824 ",3148,SHADOW LAKE RD,CONCORD,VT,05824,-71.868782,44.401367,50,009,950500,2
"58 BEECH ST LUNENBURG, VT 05904 ",58,BEECH ST,LUNENBURG,VT,05904,-71.719991,44.411957,50,009,950500,3
"125 BONA RD CONCORD, VT 05858 ",125,BONA RD,CONCORD,VT,05858,-71.856111,44.471197,50,009,950500,2
"0 KEMP HILL RD CANAAN, VT 05903 ",0,KEMP HILL RD,CANAAN,VT,05903,-71.552591,44.967259,50,009,950100,2
"4037 VT ROUTE 102 GUILDHALL, VT 05905 ",4037,VT ROUTE 102,GUILDHALL,VT,05905,-71.589918,44.547689,50,009,950500,1
"994 NEWARK RD BRIGHTON, VT 05846 ",994,NEWARK RD,BRIGHTON,VT,05846,-71.927033,44.780179,50,009,950200,1
"4788 FELLOWS RD GUILDHALL, VT 05905 ",4788,FELLOWS RD,GUILDHALL,VT,05905,-71.637948,44.558908,50,009,950500,1
"1699 VT ROUTE 102 GUILDHALL, VT 05905 ",1699,VT ROUTE 102,GUILDHALL,VT,05905,-71.597342,44.519742,50,009,950500,1
"1991 RIVER RD CANAAN, VT 05902 ",1991,RIVER RD,CANAAN,VT,05902,-71.473134,45.012111,50,009,950100,2
"2341 MASTEN RD VICTORY, VT 05858 ",2341,MASTEN RD,VICTORY,VT,05858,-71.88605,44.548132,50,009,950500,1
"0 GALE ST CANAAN, VT 05903 ",0,GALE ST,CANAAN,VT,05903,-71.541716,44.998544,50,009,950100,2
"0 VT ROUTE 114 CANAAN, VT 05903 ",0,VT ROUTE 114,CANAAN,VT,05903,-71.62986,45.008963,50,009,950100,2
"91 BAPTIST HILL RD LUNENBURG, VT 05906 ",91,BAPTIST HILL RD,LUNENBURG,VT,05906,-71.700119,44.459038,50,009,950500,3
"339 LEONARD HILL RD CONCORD, VT 05824 ",339,LEONARD HILL RD,CONCORD,VT,05824,-71.760526,44.424213,50,009,950500,2
"0 W MCCONNELL POND RD BRIGHTON, VT 05846 ",0,W  MCCONNELL POND RD,BRIGHTON,VT,05846,-71.814764,44.799215,50,009,950200,1
"1207 PLEASANT ST BRIGHTON, VT 05846 ",1207,PLEASANT ST,BRIGHTON,VT,05846,-71.871344,44.79598,50,009,950200,1
"1438 S AMERICA POND RD FERDINAND, VT 05846 ",1438,S  AMERICA POND RD,FERDINAND,VT,05846,-71.759943,44.775092,50,009,950100,1
"8 GLENSIDE LN CONCORD, VT 05858 ",8,GLENSIDE LN,CONCORD,VT,05858,-71.860521,44.470283,50,009,950500,2
"293 GAGNON RD NORTON, VT 05907 ",293,GAGNON RD,NORTON,VT,05907,-71.823778,44.980946,50,009,950100,1
"2099 RIVER RD CANAAN, VT 05902 ",2099,RIVER RD,CANAAN,VT,05902,-71.471498,45.012654,50,009,950100,2
"26 WALNUT ST BRIGHTON, VT 05846 ",26,WALNUT ST,BRIGHTON,VT,05846,-71.88287,44.816911,50,009,950200,1
"322 LAKE RD LUNENBURG, VT 05906 ",322,LAKE RD,LUNENBURG,VT,05906,-71.688893,44.489028,50,009,950500,1
"522 VT ROUTE 114 E NORTON, VT 05907 ",522,VT ROUTE 114  E,NORTON,VT,05907,-71.785374,45.00769,50,009,950100,1
"0 DANCE HALL RD LUNENBURG, VT 05906 ",0,DANCE HALL RD,LUNENBURG,VT,05906,-71.757992,44.464691,50,009,950500,3
"179 NORCOTT LN BLOOMFIELD, VT 05905 ",179,NORCOTT LN,BLOOMFIELD,VT,05905,-71.649292,44.777407,50,009,950100,1
"1471 TODD HILL RD CANAAN, VT 05903 ",1471,TODD HILL RD,CANAAN,VT,05903,-71.547295,44.926969,50,009,950100,2
"286 BLUEBERRY LN BRIGHTON, VT 05846 ",286,BLUEBERRY LN,BRIGHTON,VT,05846,-71.870814,44.796405,50,009,950200,1
"652 LEONARD HILL RD CONCORD, VT 05824 ",652,LEONARD HILL RD,CONCORD,VT,05824,-71.767518,44.424311,50,009,950500,2
"88 RIVER RD EAST HAVEN, VT 05837 ",88,RIVER RD,EAST HAVEN,VT,05837,-71.890441,44.656606,50,009,950500,1
"830 BAPTIST HILL RD LUNENBURG, VT 05906 ",830,BAPTIST HILL RD,LUNENBURG,VT,05906,-71.720066,44.444441,50,009,950500,3
"60 BIRCH ST BRIGHTON, VT 05846 ",60,BIRCH ST,BRIGHTON,VT,05846,-71.880399,44.81221,50,009,950200,1
"3212 VT ROUTE 114 E NORTON, VT 05907 ",3212,VT ROUTE 114   E,NORTON,VT,05907,-71.733953,44.995726,50,009,950100,1
"4997 VT ROUTE 102 MAIDSTONE, VT 05905 ",4997,VT ROUTE 102,MAIDSTONE,VT,05905,-71.560054,44.631291,50,009,950100,1
"0 VT ROUTE 114 CANAAN, VT 05903 ",0,VT ROUTE 114,CANAAN,VT,05903,-71.63153,45.009325,50,009,950100,2
"2294 VT ROUTE 114 WARRENS GORE, VT 05907 ",2294,VT ROUTE 114,WARRENS GORE,VT,05907,-71.872041,44.916618,50,009,950100,1
"2389 N CONCORD RD CONCORD, VT 05858 ",2389,N  CONCORD RD,CONCORD,VT,05858,-71.833778,44.462834,50,009,950500,2
"524 PLEASANT ST BRIGHTON, VT 05846 ",524,PLEASANT ST,BRIGHTON,VT,05846,-71.879228,44.804211,50,009,950200,1
"569 LADD RD CONCORD, VT 05824 ",569,LADD RD,CONCORD,VT,05824,-71.858324,44.458747,50,009,950500,2
"0 WESTSIDE LAKE RD MAIDSTONE, VT 05905 ",0,WESTSIDE LAKE RD,MAIDSTONE,VT,05905,-71.656764,44.647369,50,009,950100,1
"665 LAKESHORE DR BRIGHTON, VT 05846 ",665,LAKESHORE DR,BRIGHTON,VT,05846,-71.857553,44.794481,50,009,950200,1
"235 COLE HILL RD LUNENBURG, VT 05906 ",235,COLE HILL RD,LUNENBURG,VT,05906,-71.667322,44.508144,50,009,950500,1
"1269 BOBBIN MILL RD LUNENBURG, VT 05906 ",1269,BOBBIN MILL RD,LUNENBURG,VT,05906,-71.669622,44.49577,50,009,950500,1
"27 KIMBALL RD LUNENBURG, VT 05906 ",27,KIMBALL RD,LUNENBURG,VT,05906,-71.694644,44.46205,50,009,950500,1
"133 S LUNENBURG RD LUNENBURG, VT 05906 ",133,S  LUNENBURG RD,LUNENBURG,VT,05906,-71.681457,44.459539,50,009,950500,3
"260 GILMAN FARM RD LUNENBURG, VT 05906 ",260,GILMAN FARM RD,LUNENBURG,VT,05906,-71.706804,44.427222,50,009,950500,3
"0 MAIDSTONE LAKE RD MAIDSTONE, VT 05905 ",0,MAIDSTONE LAKE RD,MAIDSTONE,VT,05905,-71.640303,44.649952,50,009,950100,1
"212 SCHOOL ST EAST HAVEN, VT 05837 ",212,SCHOOL ST,EAST HAVEN,VT,05837,-71.890161,44.641843,50,009,950500,1
"1858 W LUNENBURG RD LUNENBURG, VT 05906 ",1858,W   LUNENBURG RD,LUNENBURG,VT,05906,-71.766079,44.467591,50,009,950500,1
"0 POND HILL RD LUNENBURG, VT 05906 ",0,POND HILL RD,LUNENBURG,VT,05906,-71.719158,44.510601,50,009,950500,1
"535 VT ROUTE 102 GUILDHALL, VT 05905 ",535,VT ROUTE 102,GUILDHALL,VT,05905,-71.595016,44.503271,50,009,950500,1
"20 BOBBIN MILL RD LUNENBURG, VT 05906 ",20,BOBBIN MILL RD,LUNENBURG,VT,05906,-71.682228,44.463774,50,009,950500,1
"2975 VT ROUTE 114 WARRENS GORE, VT 05907 ",2975,VT ROUTE 114,WARRENS GORE,VT,05907,-71.875581,44.926953,50,009,950100,1
"92 BONA RD CONCORD, VT 05858 ",92,BONA RD,CONCORD,VT,05858,-71.854576,44.470269,50,009,950500,2
"450 PROSPECT ST CONCORD, VT 05824 ",450,PROSPECT ST,CONCORD,VT,05824,-71.894676,44.422558,50,009,950500,2
"46 TRANSFER STATION RD LUNENBURG, VT 05906 ",46,TRANSFER STATION RD,LUNENBURG,VT,05906,-71.668339,44.460206,50,009,950500,3
"0 RIVER RD CANAAN, VT 05902 ",0,RIVER RD,CANAAN,VT,05902,-71.500484,45.007349,50,009,950100,2
"0 W MCCONNELL POND RD BRIGHTON, VT 05846 ",0,W  MCCONNELL POND RD,BRIGHTON,VT,05846,-71.806912,44.816028,50,009,950200,1
"0 VT ROUTE 102 CANAAN, VT 05903 ",0,VT ROUTE 102,CANAAN,VT,05903,-71.516964,44.919132,50,009,950100,2
"61 CAMPBELL RD LUNENBURG, VT 05906 ",61,CAMPBELL RD,LUNENBURG,VT,05906,-71.668299,44.465776,50,009,950500,1
"4140 VICTORY RD VICTORY, VT 05858 ",4140,VICTORY RD,VICTORY,VT,05858,-71.786847,44.575131,50,009,950500,1
"0 VT ROUTE 102 CANAAN, VT 05903 ",0,VT ROUTE 102,CANAAN,VT,05903,-71.529729,44.963098,50,009,950100,2
"5982 LEWIS POND RD LEWIS, VT 05907 ",5982,LEWIS POND RD,LEWIS,VT,05907,-71.770879,44.841558,50,009,950100,1
"100 NORTON LAKE ACCESS RD WARRENS GORE, VT 05907 ",100,NORTON LAKE ACCESS RD,WARRENS GORE,VT,05907,-71.870811,44.925776,50,009,950100,1
"0 MAIDSTONE LAKE RD MAIDSTONE, VT 05905 ",0,MAIDSTONE LAKE RD,MAIDSTONE,VT,05905,-71.648584,44.66636,50,009,950100,1
"1736 CANAAN HILL RD AVERILL, VT 05901 ",1736,CANAAN HILL RD,AVERILL,VT,05901,-71.652325,44.97759,50,009,950100,1
"5188 CANAAN HILL RD CANAAN, VT 05903 ",5188,CANAAN HILL RD,CANAAN,VT,05903,-71.628545,44.970091,50,009,950100,2
"6 HIGH ST EXT CONCORD, VT 05824 ",6,HIGH ST EXT,CONCORD,VT,05824,-71.888581,44.429887,50,009,950500,2
"0 MARSHALL RD BLOOMFIELD, VT 05905 ",0,MARSHALL RD,BLOOMFIELD,VT,05905,-71.632402,44.75643,50,009,950100,1
"10219 LEWIS POND RD LEWIS, VT 05907 ",10219,LEWIS POND RD,LEWIS,VT,05907,-71.770667,44.885301,50,009,950100,1
"396 VT ROUTE 102 BRUNSWICK, VT 05905 ",396,VT ROUTE 102,BRUNSWICK,VT,05905,-71.631722,44.74468,50,009,950100,1
"0 VT ROUTE 141 CANAAN, VT 05903 ",0,VT ROUTE 141,CANAAN,VT,05903,-71.55851,45.008597,50,009,950100,2
"0 VT ROUTE 102 BLOOMFIELD, VT 05905 ",0,VT ROUTE 102,BLOOMFIELD,VT,05905,-71.577974,44.793974,50,009,950100,1
"458 FIVE MILE SQUARE RD BRIGHTON, VT 05846 ",458,FIVE MILE SQUARE RD,BRIGHTON,VT,05846,-71.904078,44.820446,50,009,950200,1
"374 CRANK RD BLOOMFIELD, VT 05905 ",374,CRANK RD,BLOOMFIELD,VT,05905,-71.579945,44.8219,50,009,950100,1
"60 RUBYS RD EAST HAVEN, VT 05837 ",60,RUBYS RD,EAST HAVEN,VT,05837,-71.889161,44.644327,50,009,950500,1
"789 W MAIN ST CONCORD, VT 05824 ",789,W   MAIN ST,CONCORD,VT,05824,-71.909799,44.438867,50,009,950500,2
"336 PLEASANT ST BRIGHTON, VT 05846 ",336,PLEASANT ST,BRIGHTON,VT,05846,-71.881204,44.806556,50,009,950200,1
"985 W LUNENBURG RD LUNENBURG, VT 05906 ",985,W  LUNENBURG RD,LUNENBURG,VT,05906,-71.734518,44.46385,50,009,950500,3
"48 HILLTOP DR CANAAN, VT 05903 ",48,HILLTOP DR,CANAAN,VT,05903,-71.53714,45.001623,50,009,950100,2
"1335 SHADOW LAKE RD CONCORD, VT 05824 ",1335,SHADOW LAKE RD,CONCORD,VT,05824,-71.888424,44.411687,50,009,950500,2
"35 PARK AVE LUNENBURG, VT 05906 ",35,PARK AVE,LUNENBURG,VT,05906,-71.684043,44.464816,50,009,950500,1
"236 RUSSELL FARM RD LUNENBURG, VT 05906 ",236,RUSSELL FARM RD,LUNENBURG,VT,05906,-71.732652,44.441882,50,009,950500,3
"2766 SHADOW LAKE RD CONCORD, VT 05824 ",2766,SHADOW LAKE RD,CONCORD,VT,05824,-71.867311,44.40455,50,009,950500,2
"285 HATCHERY BROOK RD AVERILL, VT 05901 ",285,HATCHERY BROOK RD,AVERILL,VT,05901,-71.700089,44.963487,50,009,950100,1
"208 RIVER RD LUNENBURG, VT 05906 ",208,RIVER RD,LUNENBURG,VT,05906,-71.655622,44.459409,50,009,950500,3
"193 DOLLOFF MOUNTAIN RD BRIGHTON, VT 05846 ",193,DOLLOFF MOUNTAIN RD,BRIGHTON,VT,05846,-71.929948,44.827157,50,009,950200,1
"108 LAKE VW CANAAN, VT 05903 ",108,LAKE VW,CANAAN,VT,05903,-71.634117,45.00691,50,009,950100,2
"5847 VT ROUTE 105 BRUNSWICK, VT 05905 ",5847,VT ROUTE 105,BRUNSWICK,VT,05905,-71.71016,44.764238,50,009,950100,1
"2323 LONG HILL RD CONCORD, VT 05824 ",2323,LONG HILL RD,CONCORD,VT,05824,-71.861001,44.402555,50,009,950500,2
"0 SIMONDS RD LUNENBURG, VT 05906 ",0,SIMONDS RD,LUNENBURG,VT,05906,-71.650295,44.498308,50,009,950500,1
"707 BAPTIST HILL RD LUNENBURG, VT 05906 ",707,BAPTIST HILL RD,LUNENBURG,VT,05906,-71.713444,44.44662,50,009,950500,3
"61 ALDER ST BRIGHTON, VT 05846 ",61,ALDER ST,BRIGHTON,VT,05846,-71.882626,44.814072,50,009,950200,1
"3509 VT ROUTE 114 S NORTON, VT 05907 ",3509,VT ROUTE 114  S,NORTON,VT,05907,-71.821839,44.964277,50,009,950100,1
"0 VT ROUTE 102 BLOOMFIELD, VT 05905 ",0,VT ROUTE 102,BLOOMFIELD,VT,05905,-71.631286,44.754002,50,009,950100,1
"1465 BAPTIST HILL RD LUNENBURG, VT 05906 ",1465,BAPTIST HILL RD,LUNENBURG,VT,05906,-71.720657,44.430314,50,009,950500,3
"247 VT ROUTE 253 CANAAN, VT 05902 ",247,VT ROUTE 253,CANAAN,VT,05902,-71.522706,45.002876,50,009,950100,2
"507 LANCASTER RD LUNENBURG, VT 05906 ",507,LANCASTER RD,LUNENBURG,VT,05906,-71.644069,44.477599,50,009,950500,1
"2367 VT ROUTE 105 BLOOMFIELD, VT 05905 ",2367,VT ROUTE 105,BLOOMFIELD,VT,05905,-71.654997,44.777379,50,009,950100,1
"449 MAIN ST CONCORD, VT 05824 ",449,MAIN ST,CONCORD,VT,05824,-71.886662,44.428868,50,009,950500,2
"57 MAILLETT RD LUNENBURG, VT 05906 ",57,MAILLETT RD,LUNENBURG,VT,05906,-71.690697,44.460657,50,009,950500,3
"1766 CANAAN HILL RD AVERILL, VT 05901 ",1766,CANAAN HILL RD,AVERILL,VT,05901,-71.650728,44.976986,50,009,950100,1
"214 WENTWORTH RD LUNENBURG, VT 05906 ",214,WENTWORTH RD,LUNENBURG,VT,05906,-71.710845,44.456568,50,009,950500,3
"439 CANAAN HILL RD CANAAN, VT 05903 ",439,CANAAN HILL RD,CANAAN,VT,05903,-71.55185,44.981165,50,009,950100,2
"3399 CANAAN HILL RD CANAAN, VT 05903 ",3399,CANAAN HILL RD,CANAAN,VT,05903,-71.59793,44.976166,50,009,950100,2
"5360 VT ROUTE 105 BRUNSWICK, VT 05905 ",5360,VT ROUTE 105,BRUNSWICK,VT,05905,-71.701943,44.768125,50,009,950100,1
"386 WOODWARD RD CONCORD, VT 05824 ",386,WOODWARD RD,CONCORD,VT,05824,-71.892564,44.435266,50,009,950500,2
"2176 RIVER RD LUNENBURG, VT 05906 ",2176,RIVER RD,LUNENBURG,VT,05906,-71.697362,44.421469,50,009,950500,3
"72 SHORES HL GRANBY, VT 05858 ",72,SHORES HL,GRANBY,VT,05858,-71.751063,44.568124,50,009,950500,1
"643 N CONCORD RD CONCORD, VT 05858 ",643,N   CONCORD RD,CONCORD,VT,05858,-71.862321,44.463178,50,009,950500,2
"49 BREAULT DR BRIGHTON, VT 05846 ",49,BREAULT DR,BRIGHTON,VT,05846,-71.85538,44.806338,50,009,950200,1
"1412 COLBY RD LUNENBURG, VT 05906 ",1412,COLBY RD,LUNENBURG,VT,05906,-71.670144,44.514107,50,009,950500,1
"0 RIVER RD LUNENBURG, VT 05904 ",0,RIVER RD,LUNENBURG,VT,05904,-71.695526,44.421036,50,009,950500,3
"76 STEVENS LOOP BRIGHTON, VT 05846 ",76,STEVENS LOOP,BRIGHTON,VT,05846,-71.906327,44.842268,50,009,950200,1
"140 JACK BROOK RD EAST HAVEN, VT 05837 ",140,JACK BROOK RD,EAST HAVEN,VT,05837,-71.848526,44.696922,50,009,950500,1
"1381 LANCASTER RD LUNENBURG, VT 05906 ",1381,LANCASTER RD,LUNENBURG,VT,05906,-71.616877,44.486871,50,009,950500,1
"185 ATWOOD DR BRIGHTON, VT 05846 ",185,ATWOOD DR,BRIGHTON,VT,05846,-71.842076,44.776298,50,009,950200,1
"4583 E BRANCH RD BLOOMFIELD, VT 05905 ",4583,E   BRANCH RD,BLOOMFIELD,VT,05905,-71.675294,44.840652,50,009,950100,1
"437 E BRIGHTON RD BRIGHTON, VT 05846 ",437,E  BRIGHTON RD,BRIGHTON,VT,05846,-71.86881,44.822294,50,009,950200,1
"62 HANCOCK RD BRIGHTON, VT 05846 ",62,HANCOCK RD,BRIGHTON,VT,05846,-71.897132,44.76026,50,009,950200,1
"588 DERBY ST BRIGHTON, VT 05846 ",588,DERBY ST,BRIGHTON,VT,05846,-71.888237,44.806342,50,009,950200,1
"1448 PLEASANT ST BRIGHTON, VT 05846 ",1448,PLEASANT ST,BRIGHTON,VT,05846,-71.870744,44.791631,50,009,950200,1
"291 FELLOWS RD GUILDHALL, VT 05905 ",291,FELLOWS RD,GUILDHALL,VT,05905,-71.600023,44.511806,50,009,950500,1
"0 VT ROUTE 141 CANAAN, VT 05903 ",0,VT ROUTE 141,CANAAN,VT,05903,-71.55897,45.011265,50,009,950100,2
"5463 SHADOW LAKE RD CONCORD, VT 05824 ",5463,SHADOW LAKE RD,CONCORD,VT,05824,-71.853213,44.371646,50,009,950500,2
"531 DERBY ST BRIGHTON, VT 05846 ",531,DERBY ST,BRIGHTON,VT,05846,-71.886927,44.806576,50,009,950200,1
"353 DERBY ST BRIGHTON, VT 05846 ",353,DERBY ST,BRIGHTON,VT,05846,-71.88536,44.809223,50,009,950200,1
"1071 PORRELL RD GRANBY, VT 05858 ",1071,PORRELL RD,GRANBY,VT,05858,-71.761014,44.58336,50,009,950500,1
"399 VT ROUTE 102 GUILDHALL, VT 05905 ",399,VT ROUTE 102,GUILDHALL,VT,05905,-71.595538,44.50195,50,009,950500,1
"1157 E BRIGHTON RD BRIGHTON, VT 05846 ",1157,E  BRIGHTON RD,BRIGHTON,VT,05846,-71.860978,44.813034,50,009,950200,1
"3293 VT ROUTE 102 BRUNSWICK, VT 05905 ",3293,VT ROUTE 102,BRUNSWICK,VT,05905,-71.610242,44.712815,50,009,950100,1
"0 KIMBALL RD LUNENBURG, VT 05906 ",0,KIMBALL RD,LUNENBURG,VT,05906,-71.69512,44.46282,50,009,950500,1
"419 LLOYD POTTER RD LEWIS, VT 05907 ",419,LLOYD POTTER RD,LEWIS,VT,05907,-71.778479,44.885465,50,009,950100,1
"0 WENTWORTH RD LUNENBURG, VT 05906 ",0,WENTWORTH RD,LUNENBURG,VT,05906,-71.712992,44.455909,50,009,950500,3
"3894 MAIDSTONE LAKE RD MAIDSTONE, VT 05905 ",3894,MAIDSTONE LAKE RD,MAIDSTONE,VT,05905,-71.646932,44.664041,50,009,950100,1
"1090 GRANBY RD GUILDHALL, VT 05905 ",1090,GRANBY RD,GUILDHALL,VT,05905,-71.620812,44.557745,50,009,950500,1
"685 TODD HILL RD LEMINGTON, VT 05903 ",685,TODD HILL RD,LEMINGTON,VT,05903,-71.558277,44.921553,50,009,950100,1
"337 VT ROUTE 102 BRUNSWICK, VT 05905 ",337,VT ROUTE 102,BRUNSWICK,VT,05905,-71.631074,44.745759,50,009,950100,1
"0 ETHAN ALLEN DR CANAAN, VT 05903 ",0,ETHAN ALLEN DR,CANAAN,VT,05903,-71.539886,45.000051,50,009,950100,2
"316 PARADIS MOUNTAIN RD BRIGHTON, VT 05846 ",316,PARADIS MOUNTAIN RD,BRIGHTON,VT,05846,-71.889595,44.800975,50,009,950200,1
"62 MAPLE TREE LN CONCORD, VT 05824 ",62,MAPLE TREE LN,CONCORD,VT,05824,-71.873143,44.406036,50,009,950500,2
"2509 POND HILL RD LUNENBURG, VT 05906 ",2509,POND HILL RD,LUNENBURG,VT,05906,-71.734503,44.500538,50,009,950500,1
"987 BOUDLE RD BLOOMFIELD, VT 05905 ",987,BOUDLE RD,BLOOMFIELD,VT,05905,-71.669014,44.833253,50,009,950100,1
"1011 VT ROUTE 102 MAIDSTONE, VT 05905 ",1011,VT ROUTE 102,MAIDSTONE,VT,05905,-71.553491,44.584594,50,009,950100,1
"1146 SNOW HILL RD BLOOMFIELD, VT 05905 ",1146,SNOW HILL RD,BLOOMFIELD,VT,05905,-71.625983,44.799522,50,009,950100,1
"90 SLADYK TRL WARRENS GORE, VT 05907 ",90,SLADYK TRL,WARRENS GORE,VT,05907,-71.871328,44.934264,50,009,950100,1
"1425 E CONCORD RD CONCORD, VT 05906 ",1425,E  CONCORD RD,CONCORD,VT,05906,-71.774331,44.465361,50,009,950500,2
"137 CANAAN MOBILE HOME PARK CANAAN, VT 05903 ",137,CANAAN MOBILE HOME PARK,CANAAN,VT,05903,-71.542157,44.995092,50,009,950100,2
"110 ALDER ST BRIGHTON, VT 05846 ",110,ALDER ST,BRIGHTON,VT,05846,-71.882231,44.814639,50,009,950200,1
"4485 VT ROUTE 114 CANAAN, VT 05903 ",4485,VT ROUTE 114,CANAAN,VT,05903,-71.627875,45.009668,50,009,950100,2
"122 FIVE MILE SQUARE RD BRIGHTON, VT 05846 ",122,FIVE MILE SQUARE RD,BRIGHTON,VT,05846,-71.902269,44.824229,50,009,950200,1
"363 JAQUES RD CONCORD, VT 05824 ",363,JAQUES RD,CONCORD,VT,05824,-71.812768,44.414656,50,009,950500,2
"236 COMMERCIAL AVE LUNENBURG, VT 05904 ",236,COMMERCIAL AVE,LUNENBURG,VT,05904,-71.723872,44.413303,50,009,950500,3
"3210 SHADOW LAKE RD CONCORD, VT 05824 ",3210,SHADOW LAKE RD,CONCORD,VT,05824,-71.862014,44.400209,50,009,950500,2
"133 FISHING VILLAGE RD BRIGHTON, VT 05846 ",133,FISHING VILLAGE RD,BRIGHTON,VT,05846,-71.855237,44.804138,50,009,950200,1
"395 VT ROUTE 102 MAIDSTONE, VT 05905 ",395,VT ROUTE 102,MAIDSTONE,VT,05905,-71.554568,44.575892,50,009,950100,1
"604 BONA RD CONCORD, VT 05858 ",604,BONA RD,CONCORD,VT,05858,-71.849755,44.473092,50,009,950500,2
"30 LAKE RD LUNENBURG, VT 05906 ",30,LAKE RD,LUNENBURG,VT,05906,-71.690982,44.496769,50,009,950500,1
"274 VICTORIAN RD EAST HAVEN, VT 05837 ",274,VICTORIAN RD,EAST HAVEN,VT,05837,-71.887397,44.6616,50,009,950500,1
"1497 OREGON RD CONCORD, VT 05906 ",1497,OREGON RD,CONCORD,VT,05906,-71.764715,44.444929,50,009,950500,2
"102 MOUNTAIN ST BRIGHTON, VT 05846 ",102,MOUNTAIN ST,BRIGHTON,VT,05846,-71.879769,44.817361,50,009,950200,1
"352 MOUNTAIN ST BRIGHTON, VT 05846 ",352,MOUNTAIN ST,BRIGHTON,VT,05846,-71.879323,44.82147,50,009,950200,1
"359 PLEASANT ST BRIGHTON, VT 05846 ",359,PLEASANT ST,BRIGHTON,VT,05846,-71.880296,44.806416,50,009,950200,1
"692 FELLOWS RD GUILDHALL, VT 05905 ",692,FELLOWS RD,GUILDHALL,VT,05905,-71.605966,44.51608,50,009,950500,1
"2597 SIMS HILL RD LEMINGTON, VT 05903 ",2597,SIMS HILL RD,LEMINGTON,VT,05903,-71.59016,44.860589,50,009,950100,1
"187 VT ROUTE 105 BLOOMFIELD, VT 05905 ",187,VT ROUTE 105,BLOOMFIELD,VT,05905,-71.634635,44.75428,50,009,950100,1
"76 WILLSON RD LUNENBURG, VT 05906 ",76,WILLSON RD,LUNENBURG,VT,05906,-71.691949,44.483352,50,009,950500,1
"1492 RIVER RD LUNENBURG, VT 05906 ",1492,RIVER RD,LUNENBURG,VT,05906,-71.679814,44.432686,50,009,950500,3
"162 MAPLE ST EAST HAVEN, VT 05837 ",162,MAPLE ST,EAST HAVEN,VT,05837,-71.890641,44.643884,50,009,950500,1
"74 PATNAUDE HILL RD BLOOMFIELD, VT 05905 ",74,PATNAUDE HILL RD,BLOOMFIELD,VT,05905,-71.633919,44.750091,50,009,950100,1
"1194 VT ROUTE 114 S NORTON, VT 05907 ",1194,VT ROUTE 114   S,NORTON,VT,05907,-71.806239,44.993964,50,009,950100,1
"1681 LINE BROOK RD GRANBY, VT 05858 ",1681,LINE BROOK RD,GRANBY,VT,05858,-71.78473,44.616725,50,009,950500,1
"7625 RIVER RD VICTORY, VT 05858 ",7625,RIVER RD,VICTORY,VT,05858,-71.851541,44.501382,50,009,950500,1
"262 DANCE HALL RD LUNENBURG, VT 05906 ",262,DANCE HALL RD,LUNENBURG,VT,05906,-71.75905,44.462458,50,009,950500,3
"0 VT ROUTE 102 BLOOMFIELD, VT 05905 ",0,VT ROUTE 102,BLOOMFIELD,VT,05905,-71.574225,44.823103,50,009,950100,1
"1145 EAST HAVEN RD BRIGHTON, VT 05846 ",1145,EAST HAVEN RD,BRIGHTON,VT,05846,-71.909565,44.782016,50,009,950200,1
"2600 S AMERICA POND RD FERDINAND, VT 05846 ",2600,S  AMERICA POND RD,FERDINAND,VT,05846,-71.749602,44.735059,50,009,950100,1
"0 VT ROUTE 114 CANAAN, VT 05903 ",0,VT ROUTE 114,CANAAN,VT,05903,-71.628414,45.009147,50,009,950100,2
"598 SHADOW LAKE RD CONCORD, VT 05824 ",598,SHADOW LAKE RD,CONCORD,VT,05824,-71.886521,44.421201,50,009,950500,2
"116 CLAY BROOK RD CANAAN, VT 05903 ",116,CLAY BROOK RD,CANAAN,VT,05903,-71.586725,44.968288,50,009,950100,2
"1959 WESTSIDE LAKE RD MAIDSTONE, VT 05905 ",1959,WESTSIDE LAKE RD,MAIDSTONE,VT,05905,-71.657182,44.644556,50,009,950100,1
"764 CAMPERS LN CONCORD, VT 05824 ",764,CAMPERS LN,CONCORD,VT,05824,-71.808143,44.443783,50,009,950500,2
"1844 POND HILL RD LUNENBURG, VT 05906 ",1844,POND HILL RD,LUNENBURG,VT,05906,-71.718759,44.510576,50,009,950500,1
"8792 GRANBY RD GRANBY, VT 05858 ",8792,GRANBY RD,GRANBY,VT,05858,-71.754121,44.571649,50,009,950500,1
"0 ENID CIR CANAAN, VT 05903 ",0,ENID CIR,CANAAN,VT,05903,-71.540819,44.999657,50,009,950100,2
"2840 NORTH RD MAIDSTONE, VT 05905 ",2840,NORTH RD,MAIDSTONE,VT,05905,-71.591777,44.603161,50,009,950100,1
"1305 VT ROUTE 114 S NORTON, VT 05907 ",1305,VT ROUTE 114   S,NORTON,VT,05907,-71.806162,44.991924,50,009,950100,1
"123 POWERS RD LUNENBURG, VT 05906 ",123,POWERS RD,LUNENBURG,VT,05906,-71.708988,44.445809,50,009,950500,3
"218 MOISE WOOD RD BRIGHTON, VT 05846 ",218,MOISE WOOD RD,BRIGHTON,VT,05846,-71.866515,44.780575,50,009,950200,1
"236 RIVERSIDE AVE LUNENBURG, VT 05906 ",236,RIVERSIDE AVE,LUNENBURG,VT,05906,-71.729138,44.412396,50,009,950500,3
"39 MOUNTAIN ST EXT BRIGHTON, VT 05846 ",39,MOUNTAIN ST EXT,BRIGHTON,VT,05846,-71.875648,44.828846,50,009,950200,1
"410 BOUCHER RD GUILDHALL, VT 05905 ",410,BOUCHER RD,GUILDHALL,VT,05905,-71.631946,44.529042,50,009,950500,1
"1047 HATCHERY BROOK RD AVERILL, VT 05901 ",1047,HATCHERY BROOK RD,AVERILL,VT,05901,-71.686345,44.966274,50,009,950100,1
"270 RIVER RD EAST HAVEN, VT 05837 ",270,RIVER RD,EAST HAVEN,VT,05837,-71.887798,44.654804,50,009,950500,1
"10 SIGOUIN RD LUNENBURG, VT 05906 ",10,SIGOUIN RD,LUNENBURG,VT,05906,-71.704072,44.493552,50,009,950500,1
"211 COTTAGE DR BRIGHTON, VT 05846 ",211,COTTAGE DR,BRIGHTON,VT,05846,-71.873185,44.800455,50,009,950200,1
"3978 MAIDSTONE LAKE RD MAIDSTONE, VT 05905 ",3978,MAIDSTONE LAKE RD,MAIDSTONE,VT,05905,-71.645938,44.66325,50,009,950100,1
"74 CAMPERS LN CONCORD, VT 05824 ",74,CAMPERS LN,CONCORD,VT,05824,-71.796632,44.446481,50,009,950500,2
"0 W LUNENBURG RD LUNENBURG, VT 05906 ",0,W  LUNENBURG RD,LUNENBURG,VT,05906,-71.76069,44.467384,50,009,950500,3
"293 FISHING VILLAGE RD BRIGHTON, VT 05846 ",293,FISHING VILLAGE RD,BRIGHTON,VT,05846,-71.855684,44.801919,50,009,950200,1
"0 NATHAN ST CANAAN, VT 05903 ",0,NATHAN ST,CANAAN,VT,05903,-71.539482,44.997925,50,009,950100,2
"1584 VT ROUTE 102 MAIDSTONE, VT 05905 ",1584,VT ROUTE 102,MAIDSTONE,VT,05905,-71.549218,44.591147,50,009,950100,1
"484 FOREST LAKE RD AVERILL, VT 05901 ",484,FOREST LAKE RD,AVERILL,VT,05901,-71.698896,44.997299,50,009,950100,1
"34 CANAAN MOBILE HOME PARK CANAAN, VT 05903 ",34,CANAAN MOBILE HOME PARK,CANAAN,VT,05903,-71.54006,44.995048,50,009,950100,2
"3316 SHADOW LAKE RD CONCORD, VT 05824 ",3316,SHADOW LAKE RD,CONCORD,VT,05824,-71.862527,44.399026,50,009,950500,2
"85 BLUEBERRY LN BRIGHTON, VT 05846 ",85,BLUEBERRY LN,BRIGHTON,VT,05846,-71.872342,44.799515,50,009,950200,1
"0 VT ROUTE 102 BLOOMFIELD, VT 05905 ",0,VT ROUTE 102,BLOOMFIELD,VT,05905,-71.569036,44.824916,50,009,950100,1
"154 CAMPERS LN CONCORD, VT 05824 ",154,CAMPERS LN,CONCORD,VT,05824,-71.797761,44.446203,50,009,950500,2
"1841 PORRELL RD GRANBY, VT 05858 ",1841,PORRELL RD,GRANBY,VT,05858,-71.753144,44.593744,50,009,950500,1
"444 FOREST LAKE RD AVERILL, VT 05901 ",444,FOREST LAKE RD,AVERILL,VT,05901,-71.699662,44.997486,50,009,950100,1
"643 FIVE MILE SQUARE RD BRIGHTON, VT 05846 ",643,FIVE MILE SQUARE RD,BRIGHTON,VT,05846,-71.902884,44.816676,50,009,950200,1
"427 GRANBY RD GUILDHALL, VT 05905 ",427,GRANBY RD,GUILDHALL,VT,05905,-71.608865,44.557916,50,009,950500,1
"0 S LUNENBURG RD LUNENBURG, VT 05906 ",0,S   LUNENBURG RD,LUNENBURG,VT,05906,-71.680187,44.455852,50,009,950500,3
"497 SCHOOL ST EAST HAVEN, VT 05837 ",497,SCHOOL ST,EAST HAVEN,VT,05837,-71.891654,44.646131,50,009,950500,1
"801 HATCHERY BROOK RD AVERILL, VT 05901 ",801,HATCHERY BROOK RD,AVERILL,VT,05901,-71.69172,44.964658,50,009,950100,1
"266 BOYS CAMP RD LUNENBURG, VT 05906 ",266,BOYS CAMP RD,LUNENBURG,VT,05906,-71.695993,44.493507,50,009,950500,1
"0 LAKE ACCESS RD CANAAN, VT 05903 ",0,LAKE ACCESS RD,CANAAN,VT,05903,-71.634674,45.010914,50,009,950100,2
"3038 SHADOW LAKE RD CONCORD, VT 05824 ",3038,SHADOW LAKE RD,CONCORD,VT,05824,-71.868083,44.403146,50,009,950500,2
"0 RIVER RD LUNENBURG, VT 05904 ",0,RIVER RD,LUNENBURG,VT,05904,-71.698613,44.418026,50,009,950500,3
"100 STONE MOUNTAIN DR GUILDHALL, VT 05905 ",100,STONE MOUNTAIN DR,GUILDHALL,VT,05905,-71.644504,44.556038,50,009,950500,1
"31 PARISH ST LUNENBURG, VT 05904 ",31,PARISH ST,LUNENBURG,VT,05904,-71.716351,44.414132,50,009,950500,3
"1247 VT ROUTE 114 EAST HAVEN, VT 05837 ",1247,VT ROUTE 114,EAST HAVEN,VT,05837,-71.89202,44.656724,50,009,950500,1
"1954 HUDSON RD CANAAN, VT 05903 ",1954,HUDSON RD,CANAAN,VT,05903,-71.568136,44.941293,50,009,950100,2
"0 RIVER RD LUNENBURG, VT 05906 ",0,RIVER RD,LUNENBURG,VT,05906,-71.679698,44.431046,50,009,950500,3
"40 ED BATES RD AVERILL, VT 05901 ",40,ED BATES RD,AVERILL,VT,05901,-71.715814,44.985971,50,009,950100,1
"0 VT ROUTE 114 CANAAN, VT 05903 ",0,VT ROUTE 114,CANAAN,VT,05903,-71.632439,45.008198,50,009,950100,2
"2091 WESTSIDE LAKE RD MAIDSTONE, VT 05905 ",2091,WESTSIDE LAKE RD,MAIDSTONE,VT,05905,-71.658327,44.642956,50,009,950100,1
"149 DALE AVE BRIGHTON, VT 05846 ",149,DALE AVE,BRIGHTON,VT,05846,-71.880921,44.809183,50,009,950200,1
"3216 VT ROUTE 102 BRUNSWICK, VT 05905 ",3216,VT ROUTE 102,BRUNSWICK,VT,05905,-71.612162,44.713844,50,009,950100,1
"3233 VT ROUTE 114 S NORTON, VT 05907 ",3233,VT ROUTE 114  S,NORTON,VT,05907,-71.817578,44.966833,50,009,950100,1
"61 LOOP RD EXT AVERILL, VT 05901 ",61,LOOP RD EXT,AVERILL,VT,05901,-71.690178,44.967381,50,009,950100,1
"25 JACKSON LODGE RD CANAAN, VT 05903 ",25,JACKSON LODGE RD,CANAAN,VT,05903,-71.615411,45.009786,50,009,950100,2
"599 ROAD MAKER LN CANAAN, VT 05903 ",599,ROAD MAKER LN,CANAAN,VT,05903,-71.538502,45.010286,50,009,950100,2
"1210 STEVENS RD BLOOMFIELD, VT 05905 ",1210,STEVENS RD,BLOOMFIELD,VT,05905,-71.588259,44.811536,50,009,950100,1
"0 KIMBALL RD LUNENBURG, VT 05906 ",0,KIMBALL RD,LUNENBURG,VT,05906,-71.695691,44.464382,50,009,950500,1
"5225 VT ROUTE 114 S NORTON, VT 05907 ",5225,VT ROUTE 114   S,NORTON,VT,05907,-71.846153,44.947547,50,009,950100,1
"195 JACKSON LODGE VLG CANAAN, VT 05903 ",195,JACKSON LODGE VLG,CANAAN,VT,05903,-71.613101,45.011855,50,009,950100,2
"1425 VT ROUTE 102 LEMINGTON, VT 05905 ",1425,VT ROUTE 102,LEMINGTON,VT,05905,-71.557796,44.844809,50,009,950100,1
"98 MAILLETT RD LUNENBURG, VT 05906 ",98,MAILLETT RD,LUNENBURG,VT,05906,-71.691979,44.45989,50,009,950500,3
"333 YOUNGS RD EAST HAVEN, VT 05837 ",333,YOUNGS RD,EAST HAVEN,VT,05837,-71.874039,44.639142,50,009,950500,1
"6026 VT ROUTE 114 CANAAN, VT 05903 ",6026,VT ROUTE 114,CANAAN,VT,05903,-71.658431,45.006921,50,009,950100,2
"2984 VT ROUTE 102 BRUNSWICK, VT 05905 ",2984,VT ROUTE 102,BRUNSWICK,VT,05905,-71.614902,44.715672,50,009,950100,1
"517 S LUNENBURG RD LUNENBURG, VT 05906 ",517,S  LUNENBURG RD,LUNENBURG,VT,05906,-71.675411,44.449701,50,009,950500,3
"6192 VT ROUTE 102 LEMINGTON, VT 05905 ",6192,VT ROUTE 102,LEMINGTON,VT,05905,-71.509283,44.897509,50,009,950100,1
"388 GUILDHALL HILL RD LUNENBURG, VT 05906 ",388,GUILDHALL HILL RD,LUNENBURG,VT,05906,-71.655922,44.507369,50,009,950500,1
"2042 RIVER RD LUNENBURG, VT 05904 ",2042,RIVER RD,LUNENBURG,VT,05904,-71.691061,44.422748,50,009,950500,3
"0 SFH MAIDSTONE, VT 05905 ",0,SFH,MAIDSTONE,VT,05905,-71.644071,44.636873,50,009,950100,1
"1042 PLEASANT ST BRIGHTON, VT 05846 ",1042,PLEASANT ST,BRIGHTON,VT,05846,-71.873866,44.798049,50,009,950200,1
"964 EAST HAVEN RD BRIGHTON, VT 05846 ",964,EAST HAVEN RD,BRIGHTON,VT,05846,-71.911739,44.784334,50,009,950200,1
"231 HOVEY WILLEY LN CONCORD, VT 05858 ",231,HOVEY WILLEY LN,CONCORD,VT,05858,-71.84765,44.471445,50,009,950500,2
"790 BAPTIST HILL RD LUNENBURG, VT 05906 ",790,BAPTIST HILL RD,LUNENBURG,VT,05906,-71.717832,44.44528,50,009,950500,3
"828 MITCHELL RD CONCORD, VT 05824 ",828,MITCHELL RD,CONCORD,VT,05824,-71.851637,44.393693,50,009,950500,2
"2006 VT ROUTE 102 CANAAN, VT 05903 ",2006,VT ROUTE 102,CANAAN,VT,05903,-71.52356,44.935918,50,009,950100,2
"26 PRIVATE WEST 4 MAIDSTONE, VT 05905 ",26,PRIVATE WEST 4,MAIDSTONE,VT,05905,-71.653112,44.655732,50,009,950100,1
"84 ELM ST BRIGHTON, VT 05846 ",84,ELM ST,BRIGHTON,VT,05846,-71.880784,44.817186,50,009,950200,1
"88 MARKO RD CONCORD, VT 05824 ",88,MARKO RD,CONCORD,VT,05824,-71.910089,44.427866,50,009,950500,2
"263 SOUTH ST CONCORD, VT 05824 ",263,SOUTH ST,CONCORD,VT,05824,-71.883028,44.427957,50,009,950500,2
"1928 W LUNENBURG RD LUNENBURG, VT 05906 ",1928,W   LUNENBURG RD,LUNENBURG,VT,05906,-71.768618,44.466868,50,009,950500,1
"106 WOODWARD RD CONCORD, VT 05824 ",106,WOODWARD RD,CONCORD,VT,05824,-71.895036,44.431676,50,009,950500,2
"2242 LEONARD HILL RD CONCORD, VT 05824 ",2242,LEONARD HILL RD,CONCORD,VT,05824,-71.801653,44.426783,50,009,950500,2
"3209 LOST NATION RD EAST HAVEN, VT 05837 ",3209,LOST NATION RD,EAST HAVEN,VT,05837,-71.841836,44.699972,50,009,950500,1
"0 WHEELER POND RD BRUNSWICK, VT 05905 ",0,WHEELER POND RD,BRUNSWICK,VT,05905,-71.641756,44.712672,50,009,950100,1
"104 MOUNT VIEW LN CONCORD, VT 05824 ",104,MOUNT VIEW LN,CONCORD,VT,05824,-71.87391,44.403394,50,009,950500,2
"4202 MAIDSTONE LAKE RD MAIDSTONE, VT 05905 ",4202,MAIDSTONE LAKE RD,MAIDSTONE,VT,05905,-71.642402,44.661181,50,009,950100,1
"31 CANAAN MOBILE HOME PARK CANAAN, VT 05903 ",31,CANAAN MOBILE HOME PARK,CANAAN,VT,05903,-71.540192,44.994603,50,009,950100,2
"1876 CROSS RD CONCORD, VT 05824 ",1876,CROSS RD,CONCORD,VT,05824,-71.904359,44.424276,50,009,950500,2
"305 CHRISTIAN HL CANAAN, VT 05903 ",305,CHRISTIAN HL,CANAAN,VT,05903,-71.534243,44.999313,50,009,950100,2
"333 CHAMBERLAIN RD CANAAN, VT 05903 ",333,CHAMBERLAIN RD,CANAAN,VT,05903,-71.545868,44.965998,50,009,950100,2
"1029 PAUL STREAM RD FERDINAND, VT 05905 ",1029,PAUL STREAM RD,FERDINAND,VT,05905,-71.709979,44.673096,50,009,950100,1
"534 LOOP RD AVERILL, VT 05901 ",534,LOOP RD,AVERILL,VT,05901,-71.691909,44.966235,50,009,950100,1
"3355 EAST HAVEN RD BRIGHTON, VT 05846 ",3355,EAST HAVEN RD,BRIGHTON,VT,05846,-71.888063,44.756128,50,009,950200,1
"3689 JACKSON RD AVERILL, VT 05901 ",3689,JACKSON RD,AVERILL,VT,05901,-71.72872,44.957628,50,009,950100,1
"0 VT ROUTE 102 BLOOMFIELD, VT 05905 ",0,VT ROUTE 102,BLOOMFIELD,VT,05905,-71.574961,44.800014,50,009,950100,1
"236 MOUNTAIN ST BRIGHTON, VT 05846 ",236,MOUNTAIN ST,BRIGHTON,VT,05846,-71.880106,44.819667,50,009,950200,1
"118 GLENSIDE LN CONCORD, VT 05858 ",118,GLENSIDE LN,CONCORD,VT,05858,-71.860941,44.468749,50,009,950500,2
"1340 VT ROUTE 114 E NORTON, VT 05907 ",1340,VT ROUTE 114   E,NORTON,VT,05907,-71.769137,45.005311,50,009,950100,1
"0 CRANK RD BLOOMFIELD, VT 05905 ",0,CRANK RD,BLOOMFIELD,VT,05905,-71.584799,44.826338,50,009,950100,1
"0 RIVER RD LUNENBURG, VT 05904 ",0,RIVER RD,LUNENBURG,VT,05904,-71.702211,44.417303,50,009,950500,3
"7 COVEY RD LUNENBURG, VT 05906 ",7,COVEY RD,LUNENBURG,VT,05906,-71.689025,44.462742,50,009,950500,1
"3511 SHADOW LAKE RD CONCORD, VT 05824 ",3511,SHADOW LAKE RD,CONCORD,VT,05824,-71.8621,44.396451,50,009,950500,2
"432 VT ROUTE 114 AVERILL, VT 05901 ",432,VT ROUTE 114,AVERILL,VT,05901,-71.701265,45.001912,50,009,950100,1
"3926 CANAAN HILL RD CANAAN, VT 05903 ",3926,CANAAN HILL RD,CANAAN,VT,05903,-71.606125,44.978221,50,009,950100,2
"2342 E BRIGHTON RD BRIGHTON, VT 05846 ",2342,E  BRIGHTON RD,BRIGHTON,VT,05846,-71.844839,44.802714,50,009,950200,1
"1383 LANCASTER RD LUNENBURG, VT 05906 ",1383,LANCASTER RD,LUNENBURG,VT,05906,-71.616232,44.486876,50,009,950500,1
"102 RAILROAD ST BRIGHTON, VT 05846 ",102,RAILROAD ST,BRIGHTON,VT,05846,-71.883368,44.81572,50,009,950200,1
"1566 RIVER RD LUNENBURG, VT 05906 ",1566,RIVER RD,LUNENBURG,VT,05906,-71.679486,44.431309,50,009,950500,3
"1401 MAILLETT RD LUNENBURG, VT 05906 ",1401,MAILLETT RD,LUNENBURG,VT,05906,-71.681476,44.430206,50,009,950500,3
"133 SPECTACLE POND RD BRIGHTON, VT 05846 ",133,SPECTACLE POND RD,BRIGHTON,VT,05846,-71.855058,44.800996,50,009,950200,1
"0 CANAAN HILL RD CANAAN, VT 05903 ",0,CANAAN HILL RD,CANAAN,VT,05903,-71.601107,44.979883,50,009,950100,2
"715 CLAY BROOK RD CANAAN, VT 05903 ",715,CLAY BROOK RD,CANAAN,VT,05903,-71.58972,44.960294,50,009,950100,2
"1021 POND HILL RD LUNENBURG, VT 05906 ",1021,POND HILL RD,LUNENBURG,VT,05906,-71.703626,44.492269,50,009,950500,1
"0 SCHOOL HOUSE BROOK RD CANAAN, VT 05903 ",0,SCHOOL HOUSE BROOK RD,CANAAN,VT,05903,-71.607362,44.972473,50,009,950100,2
"0 WESTSIDE LAKE RD MAIDSTONE, VT 05905 ",0,WESTSIDE LAKE RD,MAIDSTONE,VT,05905,-71.661587,44.639672,50,009,950100,1
"217 GALE ST CANAAN, VT 05903 ",217,GALE ST,CANAAN,VT,05903,-71.539193,44.996316,50,009,950100,2
"83 TREMBLAY LN CONCORD, VT 05824 ",83,TREMBLAY LN,CONCORD,VT,05824,-71.875625,44.398384,50,009,950500,2
"0 LAKE EAST 2 MAIDSTONE, VT 05905 ",0,LAKE EAST 2,MAIDSTONE,VT,05905,-71.641124,44.641281,50,009,950100,1
"1323 BOBBIN MILL RD LUNENBURG, VT 05906 ",1323,BOBBIN MILL RD,LUNENBURG,VT,05906,-71.665366,44.496322,50,009,950500,1
"6487 VT ROUTE 102 CANAAN, VT 05903 ",6487,VT ROUTE 102,CANAAN,VT,05903,-71.542028,44.991999,50,009,950100,2
"361 CHRISTIAN HL CANAAN, VT 05903 ",361,CHRISTIAN HL,CANAAN,VT,05903,-71.533277,44.999779,50,009,950100,2
"355 WENTWORTH RD LUNENBURG, VT 05906 ",355,WENTWORTH RD,LUNENBURG,VT,05906,-71.71788,44.456691,50,009,950500,3
"1581 VT ROUTE 102 MAIDSTONE, VT 05905 ",1581,VT ROUTE 102,MAIDSTONE,VT,05905,-71.5503,44.590511,50,009,950100,1
"6995 VT ROUTE 102 GUILDHALL, VT 05905 ",6995,VT ROUTE 102,GUILDHALL,VT,05905,-71.564705,44.565288,50,009,950500,1
"694 WHEATON RD CONCORD, VT 05824 ",694,WHEATON RD,CONCORD,VT,05824,-71.861138,44.429568,50,009,950500,2
"1344 MASTEN RD VICTORY, VT 05858 ",1344,MASTEN RD,VICTORY,VT,05858,-71.867364,44.537427,50,009,950500,1
"1050 CAMPERS LN CONCORD, VT 05824 ",1050,CAMPERS LN,CONCORD,VT,05824,-71.813745,44.443494,50,009,950500,2
"149 BLUEBERRY LN BRIGHTON, VT 05846 ",149,BLUEBERRY LN,BRIGHTON,VT,05846,-71.871682,44.798509,50,009,950200,1
"379 FUND RD CANAAN, VT 05903 ",379,FUND RD,CANAAN,VT,05903,-71.569484,44.983489,50,009,950100,2
"0 BOYS CAMP RD LUNENBURG, VT 05906 ",0,BOYS CAMP RD,LUNENBURG,VT,05906,-71.69569,44.492328,50,009,950500,1
"302 VT ROUTE 102 BLOOMFIELD, VT 05905 ",302,VT ROUTE 102,BLOOMFIELD,VT,05905,-71.63094,44.753603,50,009,950100,1
"1146 OREGON RD CONCORD, VT 05906 ",1146,OREGON RD,CONCORD,VT,05906,-71.769572,44.449162,50,009,950500,2
"468 MAIN ST CONCORD, VT 05824 ",468,MAIN ST,CONCORD,VT,05824,-71.886064,44.428377,50,009,950500,2
"7680 VT ROUTE 102 GUILDHALL, VT 05905 ",7680,VT ROUTE 102,GUILDHALL,VT,05905,-71.557545,44.570911,50,009,950500,1
"183 BAKER LN CONCORD, VT 05824 ",183,BAKER LN,CONCORD,VT,05824,-71.876466,44.402524,50,009,950500,2
"0 CROSS RD BLOOMFIELD, VT 05905 ",0,CROSS RD,BLOOMFIELD,VT,05905,-71.601144,44.8024,50,009,950100,1
"1927 ROYALSTON CORNER RD CONCORD, VT 05824 ",1927,ROYALSTON CORNER RD,CONCORD,VT,05824,-71.847592,44.430568,50,009,950500,2
"0 RIVER RD LUNENBURG, VT 05904 ",0,RIVER RD,LUNENBURG,VT,05904,-71.708387,44.414586,50,009,950500,3
"77 HALL RD MAIDSTONE, VT 05905 ",77,HALL RD,MAIDSTONE,VT,05905,-71.59338,44.657028,50,009,950100,1
"380 VT ROUTE 114 S NORTON, VT 05907 ",380,VT ROUTE 114   S,NORTON,VT,05907,-71.799386,45.004232,50,009,950100,1
"227 PARADIS MOUNTAIN RD BRIGHTON, VT 05846 ",227,PARADIS MOUNTAIN RD,BRIGHTON,VT,05846,-71.888611,44.802119,50,009,950200,1
"0 MAILLETT RD LUNENBURG, VT 05906 ",0,MAILLETT RD,LUNENBURG,VT,05906,-71.691289,44.459432,50,009,950500,3
"0 W THOMAS RD LUNENBURG, VT 05906 ",0,W  THOMAS RD,LUNENBURG,VT,05906,-71.742964,44.425431,50,009,950500,3
"975 E BRANCH RD BLOOMFIELD, VT 05905 ",975,E   BRANCH RD,BLOOMFIELD,VT,05905,-71.665371,44.791244,50,009,950100,1
"181 US ROUTE 2 GUILDHALL, VT 05905 ",181,US ROUTE 2,GUILDHALL,VT,05905,-71.607476,44.487531,50,009,950500,1
"290 LOOP RD AVERILL, VT 05901 ",290,LOOP RD,AVERILL,VT,05901,-71.693159,44.965948,50,009,950100,1
"0 WOODS RD CANAAN, VT 05903 ",0,WOODS RD,CANAAN,VT,05903,-71.64117,44.994729,50,009,950100,2
"434 VT ROUTE 114 AVERILL, VT 05901 ",434,VT ROUTE 114,AVERILL,VT,05901,-71.701032,45.001966,50,009,950100,1
"0 BOBBIN MILL RD LUNENBURG, VT 05906 ",0,BOBBIN MILL RD,LUNENBURG,VT,05906,-71.647732,44.475824,50,009,950500,1
"0 SE POND RD LUNENBURG, VT 05906 ",0,SE   POND RD,LUNENBURG,VT,05906,-71.689162,44.486332,50,009,950500,1
"7 HAVEN ST EAST HAVEN, VT 05837 ",7,HAVEN ST,EAST HAVEN,VT,05837,-71.88991,44.643236,50,009,950500,1
"120 JUDD RD CANAAN, VT 05903 ",120,JUDD RD,CANAAN,VT,05903,-71.560663,45.001431,50,009,950100,2
"955 LAKESHORE DR BRIGHTON, VT 05846 ",955,LAKESHORE DR,BRIGHTON,VT,05846,-71.85767,44.797841,50,009,950200,1
"1570 VT ROUTE 105 FERDINAND, VT 05846 ",1570,VT ROUTE 105,FERDINAND,VT,05846,-71.773336,44.780028,50,009,950100,1
"1500 COLBY RD LUNENBURG, VT 05906 ",1500,COLBY RD,LUNENBURG,VT,05906,-71.671376,44.519178,50,009,950500,1
"229 BULLARD WOODS RD CONCORD, VT 05824 ",229,BULLARD WOODS RD,CONCORD,VT,05824,-71.913301,44.449003,50,009,950500,2
"2177 SHADOW LAKE RD CONCORD, VT 05824 ",2177,SHADOW LAKE RD,CONCORD,VT,05824,-71.87838,44.406084,50,009,950500,2
"2699 VT ROUTE 105 BLOOMFIELD, VT 05905 ",2699,VT ROUTE 105,BLOOMFIELD,VT,05905,-71.660725,44.778028,50,009,950100,1
"1030 WOODWARD RD CONCORD, VT 05824 ",1030,WOODWARD RD,CONCORD,VT,05824,-71.892449,44.444284,50,009,950500,2
"0 BAPTIST HILL RD LUNENBURG, VT 05906 ",0,BAPTIST HILL RD,LUNENBURG,VT,05906,-71.715415,44.447108,50,009,950500,3
"723 WOODWARD RD CONCORD, VT 05824 ",723,WOODWARD RD,CONCORD,VT,05824,-71.892662,44.440318,50,009,950500,2
"27 WALNUT ST BRIGHTON, VT 05846 ",27,WALNUT ST,BRIGHTON,VT,05846,-71.883239,44.817115,50,009,950200,1
"0 COMMERCIAL AVE LUNENBURG, VT 05904 ",0,COMMERCIAL AVE,LUNENBURG,VT,05904,-71.724042,44.413477,50,009,950500,3
"655 SNOW HILL RD BLOOMFIELD, VT 05905 ",655,SNOW HILL RD,BLOOMFIELD,VT,05905,-71.617965,44.794121,50,009,950100,1
"1768 VICTORY HL VICTORY, VT 05858 ",1768,VICTORY HL,VICTORY,VT,05858,-71.851303,44.533576,50,009,950500,1
"1407 OREGON RD CONCORD, VT 05906 ",1407,OREGON RD,CONCORD,VT,05906,-71.765303,44.446394,50,009,950500,2
"0 RIVER RD CANAAN, VT 05902 ",0,RIVER RD,CANAAN,VT,05902,-71.493625,45.004524,50,009,950100,2
"1399 VT ROUTE 114 CANAAN, VT 05903 ",1399,VT ROUTE 114,CANAAN,VT,05903,-71.566386,45.009186,50,009,950100,2
"3545 SHADOW LAKE RD CONCORD, VT 05824 ",3545,SHADOW LAKE RD,CONCORD,VT,05824,-71.862748,44.395864,50,009,950500,2
"577 FIVE MILE SQUARE RD BRIGHTON, VT 05846 ",577,FIVE MILE SQUARE RD,BRIGHTON,VT,05846,-71.902569,44.817822,50,009,950200,1
"3390 OREGON RD CONCORD, VT 05906 ",3390,OREGON RD,CONCORD,VT,05906,-71.750504,44.421571,50,009,950500,2
"2119 WESTSIDE LAKE RD MAIDSTONE, VT 05905 ",2119,WESTSIDE LAKE RD,MAIDSTONE,VT,05905,-71.65868,44.642241,50,009,950100,1
"480 S LUNENBURG RD LUNENBURG, VT 05906 ",480,S  LUNENBURG RD,LUNENBURG,VT,05906,-71.677626,44.451641,50,009,950500,3
"87 COTTAGE DR BRIGHTON, VT 05846 ",87,COTTAGE DR,BRIGHTON,VT,05846,-71.874549,44.802013,50,009,950200,1
"7087 VT ROUTE 102 GUILDHALL, VT 05905 ",7087,VT ROUTE 102,GUILDHALL,VT,05905,-71.562858,44.565064,50,009,950500,1
"0 DUBEAU RD CANAAN, VT 05903 ",0,DUBEAU RD,CANAAN,VT,05903,-71.6381,45.005673,50,009,950100,2
"4146 MAIDSTONE LAKE RD MAIDSTONE, VT 05905 ",4146,MAIDSTONE LAKE RD,MAIDSTONE,VT,05905,-71.643226,44.661812,50,009,950100,1
"2494 WESTSIDE LAKE RD MAIDSTONE, VT 05905 ",2494,WESTSIDE LAKE RD,MAIDSTONE,VT,05905,-71.662032,44.637667,50,009,950100,1
"414 COTTAGE RD AVERILL, VT 05901 ",414,COTTAGE RD,AVERILL,VT,05901,-71.704222,44.993709,50,009,950100,1
"0 COLBY RD LUNENBURG, VT 05906 ",0,COLBY RD,LUNENBURG,VT,05906,-71.673505,44.517629,50,009,950500,1
"1993 WESTSIDE LAKE RD MAIDSTONE, VT 05905 ",1993,WESTSIDE LAKE RD,MAIDSTONE,VT,05905,-71.657333,44.644004,50,009,950100,1
"84 MOUNT VIEW LN CONCORD, VT 05824 ",84,MOUNT VIEW LN,CONCORD,VT,05824,-71.874375,44.403345,50,009,950500,2
"5879 VT ROUTE 105 BRUNSWICK, VT 05905 ",5879,VT ROUTE 105,BRUNSWICK,VT,05905,-71.710138,44.763693,50,009,950100,1
"1300 LEONARD HILL RD CONCORD, VT 05824 ",1300,LEONARD HILL RD,CONCORD,VT,05824,-71.78026,44.427082,50,009,950500,2
"250 SUNRISE ACRES LUNENBURG, VT 05906 ",250,SUNRISE ACRES,LUNENBURG,VT,05906,-71.660159,44.460728,50,009,950500,3
"0 MAILLETT RD LUNENBURG, VT 05906 ",0,MAILLETT RD,LUNENBURG,VT,05906,-71.69001,44.461898,50,009,950500,3
"0 MAILLETT RD LUNENBURG, VT 05906 ",0,MAILLETT RD,LUNENBURG,VT,05906,-71.692203,44.460856,50,009,950500,3
"37 RUBYS RD EAST HAVEN, VT 05837 ",37,RUBYS RD,EAST HAVEN,VT,05837,-71.889703,44.6443,50,009,950500,1
"4996 VT ROUTE 102 BRUNSWICK, VT 05905 ",4996,VT ROUTE 102,BRUNSWICK,VT,05905,-71.599946,44.690809,50,009,950100,1
"0 PRIVATE WEST 2 MAIDSTONE, VT 05905 ",0,PRIVATE WEST 2,MAIDSTONE,VT,05905,-71.651824,44.658234,50,009,950100,1
"0 MAIDSTONE LAKE RD MAIDSTONE, VT 05905 ",0,MAIDSTONE LAKE RD,MAIDSTONE,VT,05905,-71.641017,44.640548,50,009,950100,1
"8892 GRANBY RD GRANBY, VT 05858 ",8892,GRANBY RD,GRANBY,VT,05858,-71.756857,44.571331,50,009,950500,1
"150 STAGECOACH RD CONCORD, VT 05824 ",150,STAGECOACH RD,CONCORD,VT,05824,-71.8546,44.401472,50,009,950500,2
"44 BAPTIST HILL RD LUNENBURG, VT 05906 ",44,BAPTIST HILL RD,LUNENBURG,VT,05906,-71.698552,44.461021,50,009,950500,3
"110 VT ROUTE 102 BRUNSWICK, VT 05905 ",110,VT ROUTE 102,BRUNSWICK,VT,05905,-71.633494,44.748781,50,009,950100,1
"1700 VT ROUTE 102 CANAAN, VT 05903 ",1700,VT ROUTE 102,CANAAN,VT,05903,-71.523619,44.931467,50,009,950100,2
"2566 VT ROUTE 102 CANAAN, VT 05903 ",2566,VT ROUTE 102,CANAAN,VT,05903,-71.526603,44.943373,50,009,950100,2
"0 CANAAN HILL RD CANAAN, VT 05903 ",0,CANAAN HILL RD,CANAAN,VT,05903,-71.603294,44.977605,50,009,950100,2
"3613 VT ROUTE 102 MAIDSTONE, VT 05905 ",3613,VT ROUTE 102,MAIDSTONE,VT,05905,-71.560894,44.613404,50,009,950100,1
"0 DOWNING RD LUNENBURG, VT 05906 ",0,DOWNING RD,LUNENBURG,VT,05906,-71.67954,44.481412,50,009,950500,1
"1594 JACKSON RD AVERILL, VT 05901 ",1594,JACKSON RD,AVERILL,VT,05901,-71.698388,44.97006,50,009,950100,1
"0 POLLARD HL CANAAN, VT 05903 ",0,POLLARD HL,CANAAN,VT,05903,-71.600376,44.961355,50,009,950100,2
"54 PROSPECT ST CONCORD, VT 05824 ",54,PROSPECT ST,CONCORD,VT,05824,-71.891793,44.42752,50,009,950500,2
"0 VT ROUTE 253 CANAAN, VT 05902 ",0,VT ROUTE 253,CANAAN,VT,05902,-71.513672,45.005385,50,009,950100,2
"183 BLUEBERRY LN BRIGHTON, VT 05846 ",183,BLUEBERRY LN,BRIGHTON,VT,05846,-71.869773,44.799322,50,009,950200,1
"1995 OREGON RD CONCORD, VT 05906 ",1995,OREGON RD,CONCORD,VT,05906,-71.759784,44.438837,50,009,950500,2
"3308 VT ROUTE 114 S NORTON, VT 05907 ",3308,VT ROUTE 114  S,NORTON,VT,05907,-71.81923,44.966108,50,009,950100,1
"540 VT ROUTE 114 S NORTON, VT 05907 ",540,VT ROUTE 114   S,NORTON,VT,05907,-71.800202,45.00192,50,009,950100,1
"357 VT ROUTE 114 S NORTON, VT 05907 ",357,VT ROUTE 114  S,NORTON,VT,05907,-71.797337,45.004066,50,009,950100,1
"0 WESTSIDE LAKE RD MAIDSTONE, VT 05905 ",0,WESTSIDE LAKE RD,MAIDSTONE,VT,05905,-71.656032,44.647142,50,009,950100,1
"444 GREEN HILL RD CANAAN, VT 05903 ",444,GREEN HILL RD,CANAAN,VT,05903,-71.52762,45.0053,50,009,950100,2
"106 RIVER RD CANAAN, VT 05902 ",106,RIVER RD,CANAAN,VT,05902,-71.505638,45.008433,50,009,950100,2
"877 HALL RD LUNENBURG, VT 05906 ",877,HALL RD,LUNENBURG,VT,05906,-71.696767,44.5236,50,009,950500,1
"1958 BAPTIST HILL RD LUNENBURG, VT 05906 ",1958,BAPTIST HILL RD,LUNENBURG,VT,05906,-71.716293,44.416657,50,009,950500,3
"154 SLADYK TRL WARRENS GORE, VT 05907 ",154,SLADYK TRL,WARRENS GORE,VT,05907,-71.869975,44.935389,50,009,950100,1
"4314 MAIDSTONE LAKE RD MAIDSTONE, VT 05905 ",4314,MAIDSTONE LAKE RD,MAIDSTONE,VT,05905,-71.641446,44.659949,50,009,950100,1
"0 CANAAN HILL RD CANAAN, VT 05903 ",0,CANAAN HILL RD,CANAAN,VT,05903,-71.586899,44.969746,50,009,950100,2
"0 AUBURN STAR RD LUNENBURG, VT 05906 ",0,AUBURN STAR RD,LUNENBURG,VT,05906,-71.621786,44.48108,50,009,950500,1
"85 PRIVATE WEST 2 MAIDSTONE, VT 05905 ",85,PRIVATE WEST 2,MAIDSTONE,VT,05905,-71.6515,44.657805,50,009,950100,1
"190 CAMP RD NORTON, VT 05907 ",190,CAMP RD,NORTON,VT,05907,-71.813345,44.970896,50,009,950100,1
"33 SPENCER HILL RD BLOOMFIELD, VT 05905 ",33,SPENCER HILL RD,BLOOMFIELD,VT,05905,-71.634117,44.754435,50,009,950100,1
"131 VT ROUTE 114 EAST HAVEN, VT 05837 ",131,VT ROUTE 114,EAST HAVEN,VT,05837,-71.894898,44.640466,50,009,950500,1
"595 PLEASANT ST BRIGHTON, VT 05846 ",595,PLEASANT ST,BRIGHTON,VT,05846,-71.877563,44.803614,50,009,950200,1
"1234 EAGLES NEST RD LEWIS, VT 05907 ",1234,EAGLES NEST RD,LEWIS,VT,05907,-71.751463,44.848501,50,009,950100,1
"0 VT ROUTE 102 CANAAN, VT 05903 ",0,VT ROUTE 102,CANAAN,VT,05903,-71.529368,44.962228,50,009,950100,2
"1088 VT ROUTE 105 BLOOMFIELD, VT 05905 ",1088,VT ROUTE 105,BLOOMFIELD,VT,05905,-71.645034,44.763917,50,009,950100,1
"0 POND HILL RD LUNENBURG, VT 05906 ",0,POND HILL RD,LUNENBURG,VT,05906,-71.69616,44.482599,50,009,950500,1
"1133 VT ROUTE 102 BLOOMFIELD, VT 05905 ",1133,VT ROUTE 102,BLOOMFIELD,VT,05905,-71.61649,44.761063,50,009,950100,1
"0 GRAHAM RD BLOOMFIELD, VT 05905 ",0,GRAHAM RD,BLOOMFIELD,VT,05905,-71.654123,44.762211,50,009,950100,1
"710 BAPTIST HILL RD LUNENBURG, VT 05906 ",710,BAPTIST HILL RD,LUNENBURG,VT,05906,-71.715741,44.447236,50,009,950500,3
"0 CLAY BROOK RD CANAAN, VT 05903 ",0,CLAY BROOK RD,CANAAN,VT,05903,-71.587069,44.964123,50,009,950100,2
"4516 MAIDSTONE LAKE RD MAIDSTONE, VT 05905 ",4516,MAIDSTONE LAKE RD,MAIDSTONE,VT,05905,-71.639134,44.657577,50,009,950100,1
"0 WESTSIDE LAKE RD MAIDSTONE, VT 05905 ",0,WESTSIDE LAKE RD,MAIDSTONE,VT,05905,-71.66227,44.637596,50,009,950100,1
"2179 VT ROUTE 114 WARRENS GORE, VT 05907 ",2179,VT ROUTE 114,WARRENS GORE,VT,05907,-71.875343,44.915394,50,009,950100,1
"1112 PLEASANT ST BRIGHTON, VT 05846 ",1112,PLEASANT ST,BRIGHTON,VT,05846,-71.872907,44.796559,50,009,950200,1
"0 WESTSIDE LAKE RD MAIDSTONE, VT 05905 ",0,WESTSIDE LAKE RD,MAIDSTONE,VT,05905,-71.657592,44.644126,50,009,950100,1
"71 RANDOM VALE BRIGHTON, VT 05846 ",71,RANDOM VALE,BRIGHTON,VT,05846,-71.869455,44.793874,50,009,950200,1
"29 COMMERCIAL AVE LUNENBURG, VT 05904 ",29,COMMERCIAL AVE,LUNENBURG,VT,05904,-71.715904,44.413552,50,009,950500,3
"5656 VT ROUTE 114 CANAAN, VT 05903 ",5656,VT ROUTE 114,CANAAN,VT,05903,-71.650568,45.006058,50,009,950100,2
"6822 VT ROUTE 102 LEMINGTON, VT 05905 ",6822,VT ROUTE 102,LEMINGTON,VT,05905,-71.501516,44.904743,50,009,950100,1
"96 MOUNTAIN ST BRIGHTON, VT 05846 ",96,MOUNTAIN ST,BRIGHTON,VT,05846,-71.880708,44.817577,50,009,950200,1
"1475 VT ROUTE 102 GUILDHALL, VT 05905 ",1475,VT ROUTE 102,GUILDHALL,VT,05905,-71.595086,44.516683,50,009,950500,1
"2688 LOST NATION RD EAST HAVEN, VT 05837 ",2688,LOST NATION RD,EAST HAVEN,VT,05837,-71.846091,44.693555,50,009,950500,1
"1427 HURRICANE BROOK RD WARRENS GORE, VT 05907 ",1427,HURRICANE BROOK RD,WARRENS GORE,VT,05907,-71.884131,44.926435,50,009,950100,1
"596 OREGON RD CONCORD, VT 05906 ",596,OREGON RD,CONCORD,VT,05906,-71.771545,44.456533,50,009,950500,2
"260 DANCE HALL RD LUNENBURG, VT 05906 ",260,DANCE HALL RD,LUNENBURG,VT,05906,-71.758933,44.462909,50,009,950500,3
"950 LAMOTTE RD GUILDHALL, VT 05905 ",950,LAMOTTE RD,GUILDHALL,VT,05905,-71.650849,44.518938,50,009,950500,1
"2753 HEAD OF THE POND RD BRIGHTON, VT 05846 ",2753,HEAD OF THE POND RD,BRIGHTON,VT,05846,-71.833917,44.77963,50,009,950200,1
"116 ETHAN ALLEN DR CANAAN, VT 05903 ",116,ETHAN ALLEN DR,CANAAN,VT,05903,-71.53957,44.999027,50,009,950100,2
"2141 GRANBY RD GUILDHALL, VT 05905 ",2141,GRANBY RD,GUILDHALL,VT,05905,-71.639554,44.562669,50,009,950500,1
"982 COZY NOOK RD CONCORD, VT 05824 ",982,COZY NOOK RD,CONCORD,VT,05824,-71.761873,44.411291,50,009,950500,2
"149 VT ROUTE 105 BLOOMFIELD, VT 05905 ",149,VT ROUTE 105,BLOOMFIELD,VT,05905,-71.633942,44.754017,50,009,950100,1
"807 E MAIN ST CONCORD, VT 05824 ",807,E   MAIN ST,CONCORD,VT,05824,-71.872165,44.451618,50,009,950500,2
"60 GLENSIDE LN CONCORD, VT 05858 ",60,GLENSIDE LN,CONCORD,VT,05858,-71.861147,44.4696,50,009,950500,2
"3264 SIMS HILL RD LEMINGTON, VT 05903 ",3264,SIMS HILL RD,LEMINGTON,VT,05903,-71.602008,44.864092,50,009,950100,1
"320 TODD HILL RD CANAAN, VT 05903 ",320,TODD HILL RD,CANAAN,VT,05903,-71.529298,44.926786,50,009,950100,2
"49 E BRIGHTON RD BRIGHTON, VT 05846 ",49,E  BRIGHTON RD,BRIGHTON,VT,05846,-71.880097,44.815815,50,009,950200,1
"567 PENN RD CANAAN, VT 05903 ",567,PENN RD,CANAAN,VT,05903,-71.591577,45.000497,50,009,950100,2
"4418 MAIDSTONE LAKE RD MAIDSTONE, VT 05905 ",4418,MAIDSTONE LAKE RD,MAIDSTONE,VT,05905,-71.639648,44.658568,50,009,950100,1
"80 COMMERCIAL AVE LUNENBURG, VT 05904 ",80,COMMERCIAL AVE,LUNENBURG,VT,05904,-71.717943,44.413714,50,009,950500,3
"116 GOUDREAULT HILL RD CONCORD, VT 05824 ",116,GOUDREAULT HILL RD,CONCORD,VT,05824,-71.859807,44.433475,50,009,950500,2
"201 HANCOCK RD BRIGHTON, VT 05846 ",201,HANCOCK RD,BRIGHTON,VT,05846,-71.899766,44.758897,50,009,950200,1
"4120 VT ROUTE 102 MAIDSTONE, VT 05905 ",4120,VT ROUTE 102,MAIDSTONE,VT,05905,-71.558485,44.618107,50,009,950100,1
"4036 MAIDSTONE LAKE RD MAIDSTONE, VT 05905 ",4036,MAIDSTONE LAKE RD,MAIDSTONE,VT,05905,-71.644828,44.662581,50,009,950100,1
"48 ALLARD FARM RD BRIGHTON, VT 05846 ",48,ALLARD FARM RD,BRIGHTON,VT,05846,-71.919229,44.785535,50,009,950200,1
"994 VT ROUTE 105 BLOOMFIELD, VT 05905 ",994,VT ROUTE 105,BLOOMFIELD,VT,05905,-71.645056,44.763263,50,009,950100,1
"90 HALL STREAM RD CANAAN, VT 05902 ",90,HALL STREAM RD,CANAAN,VT,05902,-71.501331,45.008665,50,009,950100,2
"1157 VT ROUTE 114 E NORTON, VT 05907 ",1157,VT ROUTE 114  E,NORTON,VT,05907,-71.771854,45.006637,50,009,950100,1
"81 GALE ST CANAAN, VT 05903 ",81,GALE ST,CANAAN,VT,05903,-71.536555,44.995877,50,009,950100,2
"0 VT ROUTE 105 BLOOMFIELD, VT 05905 ",0,VT ROUTE 105,BLOOMFIELD,VT,05905,-71.632825,44.753538,50,009,950100,1
"1497 W MAIN ST CONCORD, VT 05824 ",1497,W   MAIN ST,CONCORD,VT,05824,-71.898957,44.432252,50,009,950500,2
"45 JEFFERSON AVE LUNENBURG, VT 05904 ",45,JEFFERSON AVE,LUNENBURG,VT,05904,-71.720376,44.414228,50,009,950500,3
"1507 BAPTIST HILL RD LUNENBURG, VT 05906 ",1507,BAPTIST HILL RD,LUNENBURG,VT,05906,-71.719845,44.428994,50,009,950500,3
"146 CANAAN MOBILE HOME PARK CANAAN, VT 05903 ",146,CANAAN MOBILE HOME PARK,CANAAN,VT,05903,-71.542236,44.995676,50,009,950100,2
"0 COLE HILL RD LUNENBURG, VT 05906 ",0,COLE HILL RD,LUNENBURG,VT,05906,-71.664485,44.5061,50,009,950500,1
"3417 GRANBY RD GUILDHALL, VT 05905 ",3417,GRANBY RD,GUILDHALL,VT,05905,-71.662051,44.572728,50,009,950500,1
"45 CAMP RD NORTON, VT 05907 ",45,CAMP RD,NORTON,VT,05907,-71.814782,44.972985,50,009,950100,1
"234 SLADYK TRL WARRENS GORE, VT 05907 ",234,SLADYK TRL,WARRENS GORE,VT,05907,-71.869716,44.936379,50,009,950100,1
"1661 NEWARK RD BRIGHTON, VT 05846 ",1661,NEWARK RD,BRIGHTON,VT,05846,-71.926383,44.770732,50,009,950200,1
"31 SORRELL FARM RD CONCORD, VT 05858 ",31,SORRELL FARM RD,CONCORD,VT,05858,-71.861375,44.475068,50,009,950500,2
"1268 VT ROUTE 102 GUILDHALL, VT 05905 ",1268,VT ROUTE 102,GUILDHALL,VT,05905,-71.594083,44.513766,50,009,950500,1
"0 RIVER RD LUNENBURG, VT 05904 ",0,RIVER RD,LUNENBURG,VT,05904,-71.706608,44.414687,50,009,950500,3
"415 S LUNENBURG RD LUNENBURG, VT 05906 ",415,S  LUNENBURG RD,LUNENBURG,VT,05906,-71.677068,44.452725,50,009,950500,3
"1187 OREGON RD CONCORD, VT 05906 ",1187,OREGON RD,CONCORD,VT,05906,-71.766786,44.449159,50,009,950500,2
"200 BAPTIST HILL RD LUNENBURG, VT 05906 ",200,BAPTIST HILL RD,LUNENBURG,VT,05906,-71.70254,44.45766,50,009,950500,3
"2384 BOBBIN MILL RD LUNENBURG, VT 05906 ",2384,BOBBIN MILL RD,LUNENBURG,VT,05906,-71.648366,44.475595,50,009,950500,1
"1784 S AMERICA POND RD FERDINAND, VT 05846 ",1784,S   AMERICA POND RD,FERDINAND,VT,05846,-71.751632,44.746738,50,009,950100,1
"258 DERBY ST BRIGHTON, VT 05846 ",258,DERBY ST,BRIGHTON,VT,05846,-71.885158,44.810463,50,009,950200,1
"1353 GEORGES BLVD EAST HAVEN, VT 05837 ",1353,GEORGES BLVD,EAST HAVEN,VT,05837,-71.838033,44.626216,50,009,950500,1
"317 PARADIS MOUNTAIN RD BRIGHTON, VT 05846 ",317,PARADIS MOUNTAIN RD,BRIGHTON,VT,05846,-71.888654,44.800492,50,009,950200,1
"1340 LAMOTTE RD GUILDHALL, VT 05905 ",1340,LAMOTTE RD,GUILDHALL,VT,05905,-71.65085,44.52057,50,009,950500,1
"0 PARADIS MOUNTAIN RD BRIGHTON, VT 05846 ",0,PARADIS MOUNTAIN RD,BRIGHTON,VT,05846,-71.888466,44.803458,50,009,950200,1
"155 VT ROUTE 114 CANAAN, VT 05903 ",155,VT ROUTE 114,CANAAN,VT,05903,-71.547174,45.000994,50,009,950100,2
"374 WALKER PIT RD CONCORD, VT 05824 ",374,WALKER PIT RD,CONCORD,VT,05824,-71.745194,44.409548,50,009,950500,2
"50 PARISEAU DR CANAAN, VT 05902 ",50,PARISEAU DR,CANAAN,VT,05902,-71.499146,45.005286,50,009,950100,2
"714 PLEASANT ST BRIGHTON, VT 05846 ",714,PLEASANT ST,BRIGHTON,VT,05846,-71.877025,44.800947,50,009,950200,1
"493 RIVER RD VICTORY, VT 05858 ",493,RIVER RD,VICTORY,VT,05858,-71.784417,44.573007,50,009,950500,1
"61 W MAIN ST LUNENBURG, VT 05906 ",61,W  MAIN ST,LUNENBURG,VT,05906,-71.684642,44.462865,50,009,950500,3
"18 RIVER DR BLOOMFIELD, VT 05905 ",18,RIVER DR,BLOOMFIELD,VT,05905,-71.632289,44.752578,50,009,950100,1
"304 BAKER LN CONCORD, VT 05824 ",304,BAKER LN,CONCORD,VT,05824,-71.876756,44.400751,50,009,950500,2
"0 VT ROUTE 114 CANAAN, VT 05903 ",0,VT ROUTE 114,CANAAN,VT,05903,-71.630018,45.008924,50,009,950100,2
"1191 WOODWARD RD CONCORD, VT 05824 ",1191,WOODWARD RD,CONCORD,VT,05824,-71.893914,44.446687,50,009,950500,2
"979 PARADIS MOUNTAIN RD BRIGHTON, VT 05846 ",979,PARADIS MOUNTAIN RD,BRIGHTON,VT,05846,-71.885058,44.793483,50,009,950200,1
"456 VT ROUTE 114 CANAAN, VT 05903 ",456,VT ROUTE 114,CANAAN,VT,05903,-71.552138,45.003555,50,009,950100,2
"839 HATCHERY BROOK RD AVERILL, VT 05901 ",839,HATCHERY BROOK RD,AVERILL,VT,05901,-71.690566,44.965514,50,009,950100,1
"110 NORTH RD MAIDSTONE, VT 05905 ",110,NORTH RD,MAIDSTONE,VT,05905,-71.575592,44.582267,50,009,950100,1
"214 JACKSON LODGE RD CANAAN, VT 05903 ",214,JACKSON LODGE RD,CANAAN,VT,05903,-71.61173,45.010825,50,009,950100,2
"2141 CROSS RD CONCORD, VT 05824 ",2141,CROSS RD,CONCORD,VT,05824,-71.900575,44.426965,50,009,950500,2
"27 FRECHETTE DR CANAAN, VT 05903 ",27,FRECHETTE DR,CANAAN,VT,05903,-71.541343,44.99161,50,009,950100,2
"200 SERENITY WAY VICTORY, VT 05858 ",200,SERENITY WAY,VICTORY,VT,05858,-71.761351,44.565273,50,009,950500,1
"0 KEMP HILL RD CANAAN, VT 05903 ",0,KEMP HILL RD,CANAAN,VT,05903,-71.550691,44.972912,50,009,950100,2
"0 DUPONT RD LUNENBURG, VT 05906 ",0,DUPONT RD,LUNENBURG,VT,05906,-71.736301,44.472149,50,009,950500,1
"458 CAMPERS LN CONCORD, VT 05824 ",458,CAMPERS LN,CONCORD,VT,05824,-71.803334,44.446121,50,009,950500,2
"902 SIMS HILL RD LEMINGTON, VT 05903 ",902,SIMS HILL RD,LEMINGTON,VT,05903,-71.563259,44.865618,50,009,950100,1
"244 POND HILL RD LUNENBURG, VT 05906 ",244,POND HILL RD,LUNENBURG,VT,05906,-71.684763,44.473708,50,009,950500,1
"0 BOBBIN MILL RD LUNENBURG, VT 05906 ",0,BOBBIN MILL RD,LUNENBURG,VT,05906,-71.675502,44.480177,50,009,950500,1
"241 GALE ST CANAAN, VT 05903 ",241,GALE ST,CANAAN,VT,05903,-71.5398,44.996468,50,009,950100,2
"197 MICAH BAKER RD CONCORD, VT 05824 ",197,MICAH BAKER RD,CONCORD,VT,05824,-71.857786,44.39094,50,009,950500,2
"0 WESTSIDE LAKE RD MAIDSTONE, VT 05905 ",0,WESTSIDE LAKE RD,MAIDSTONE,VT,05905,-71.661619,44.640201,50,009,950100,1
"0 FUND RD CANAAN, VT 05903 ",0,FUND RD,CANAAN,VT,05903,-71.565331,44.980942,50,009,950100,2
"900 ROSEBROOK HILL RD BRIGHTON, VT 05846 ",900,ROSEBROOK HILL RD,BRIGHTON,VT,05846,-71.920136,44.793419,50,009,950200,1
"0 E MAIN ST LUNENBURG, VT 05906 ",0,E   MAIN ST,LUNENBURG,VT,05906,-71.674419,44.464137,50,009,950500,1
"0 VT ROUTE 102 BLOOMFIELD, VT 05905 ",0,VT ROUTE 102,BLOOMFIELD,VT,05905,-71.576299,44.817788,50,009,950100,1
"634 S LUNENBURG RD LUNENBURG, VT 05906 ",634,S  LUNENBURG RD,LUNENBURG,VT,05906,-71.676125,44.446637,50,009,950500,3
"102 NUGENT RD BLOOMFIELD, VT 05905 ",102,NUGENT RD,BLOOMFIELD,VT,05905,-71.629155,44.767744,50,009,950100,1
"441 RADAR RD EAST HAVEN, VT 05837 ",441,RADAR RD,EAST HAVEN,VT,05837,-71.863992,44.651075,50,009,950500,1
"905 LAKE STATION RD NORTON, VT 05907 ",905,LAKE STATION RD,NORTON,VT,05907,-71.851385,44.953647,50,009,950100,1
"332 GALE ST CANAAN, VT 05903 ",332,GALE ST,CANAAN,VT,05903,-71.540729,44.997749,50,009,950100,2
"4534 VT ROUTE 105 BRUNSWICK, VT 05905 ",4534,VT ROUTE 105,BRUNSWICK,VT,05905,-71.694055,44.776677,50,009,950100,1
"4262 VICTORY RD VICTORY, VT 05858 ",4262,VICTORY RD,VICTORY,VT,05858,-71.785012,44.574232,50,009,950500,1
"781 OREGON RD CONCORD, VT 05906 ",781,OREGON RD,CONCORD,VT,05906,-71.76925,44.454557,50,009,950500,2
"612 WILLSON RD CONCORD, VT 05858 ",612,WILLSON RD,CONCORD,VT,05858,-71.87011,44.475683,50,009,950500,2
"2118 CROSS RD CONCORD, VT 05824 ",2118,CROSS RD,CONCORD,VT,05824,-71.900559,44.426397,50,009,950500,2
"0 RIVER RD LUNENBURG, VT 05906 ",0,RIVER RD,LUNENBURG,VT,05906,-71.678748,44.431769,50,009,950500,3
"261 LOOP RD AVERILL, VT 05901 ",261,LOOP RD,AVERILL,VT,05901,-71.693987,44.965783,50,009,950100,1
"1502 VICTORY RD VICTORY, VT 05858 ",1502,VICTORY RD,VICTORY,VT,05858,-71.827221,44.596779,50,009,950500,1
"2279 VT ROUTE 102 GUILDHALL, VT 05905 ",2279,VT ROUTE 102,GUILDHALL,VT,05905,-71.591588,44.527603,50,009,950500,1
"483 GALE ST CANAAN, VT 05903 ",483,GALE ST,CANAAN,VT,05903,-71.543212,44.998962,50,009,950100,2
"50 LONG HILL RD CONCORD, VT 05824 ",50,LONG HILL RD,CONCORD,VT,05824,-71.881891,44.427208,50,009,950500,2
"0 RIVER RD LUNENBURG, VT 05904 ",0,RIVER RD,LUNENBURG,VT,05904,-71.704858,44.415555,50,009,950500,3
"1329 BROUSSEAU MOUNTAIN RD NORTON, VT 05907 ",1329,BROUSSEAU MOUNTAIN RD,NORTON,VT,05907,-71.739381,44.977266,50,009,950100,1
"446 ROYALSTON CORNER RD CONCORD, VT 05824 ",446,ROYALSTON CORNER RD,CONCORD,VT,05824,-71.877097,44.43097,50,009,950500,2
"20 MAPLE ST EAST HAVEN, VT 05837 ",20,MAPLE ST,EAST HAVEN,VT,05837,-71.890179,44.642274,50,009,950500,1
"5244 MAIDSTONE LAKE RD MAIDSTONE, VT 05905 ",5244,MAIDSTONE LAKE RD,MAIDSTONE,VT,05905,-71.640782,44.64751,50,009,950100,1
"76 OUIMETTE WAY FERDINAND, VT 05846 ",76,OUIMETTE WAY,FERDINAND,VT,05846,-71.809488,44.767824,50,009,950100,1
"1035 SHADOW LAKE RD CONCORD, VT 05824 ",1035,SHADOW LAKE RD,CONCORD,VT,05824,-71.888574,44.41603,50,009,950500,2
"222 BOYS CAMP RD LUNENBURG, VT 05906 ",222,BOYS CAMP RD,LUNENBURG,VT,05906,-71.695814,44.49258,50,009,950500,1
"0 VT ROUTE 114 CANAAN, VT 05903 ",0,VT ROUTE 114,CANAAN,VT,05903,-71.620716,45.009901,50,009,950100,2
"361 WILDERNESS RD LUNENBURG, VT 05906 ",361,WILDERNESS RD,LUNENBURG,VT,05906,-71.767621,44.477724,50,009,950500,1
"169 COTTAGE DR BRIGHTON, VT 05846 ",169,COTTAGE DR,BRIGHTON,VT,05846,-71.873503,44.800963,50,009,950200,1
"120 MITCHELL RD CONCORD, VT 05824 ",120,MITCHELL RD,CONCORD,VT,05824,-71.859018,44.401631,50,009,950500,2
"119 FOREST LAKE RD AVERILL, VT 05901 ",119,FOREST LAKE RD,AVERILL,VT,05901,-71.705465,44.99945,50,009,950100,1
"727 BAPTIST HILL RD LUNENBURG, VT 05906 ",727,BAPTIST HILL RD,LUNENBURG,VT,05906,-71.714448,44.446113,50,009,950500,3
"629 GIDEONS MILL RD BRIGHTON, VT 05846 ",629,GIDEONS MILL RD,BRIGHTON,VT,05846,-71.923638,44.814577,50,009,950200,1
"400 COLBY RD LUNENBURG, VT 05906 ",400,COLBY RD,LUNENBURG,VT,05906,-71.676607,44.487879,50,009,950500,1
"645 LAKESHORE DR BRIGHTON, VT 05846 ",645,LAKESHORE DR,BRIGHTON,VT,05846,-71.858056,44.794191,50,009,950200,1
"3902 VT ROUTE 102 BLOOMFIELD, VT 05905 ",3902,VT ROUTE 102,BLOOMFIELD,VT,05905,-71.580211,44.788937,50,009,950100,1
"4225 VT ROUTE 102 CANAAN, VT 05903 ",4225,VT ROUTE 102,CANAAN,VT,05903,-71.526764,44.965286,50,009,950100,2
"722 CRANK RD BLOOMFIELD, VT 05905 ",722,CRANK RD,BLOOMFIELD,VT,05905,-71.581566,44.826898,50,009,950100,1
"1293 WESTSIDE LAKE RD MAIDSTONE, VT 05905 ",1293,WESTSIDE LAKE RD,MAIDSTONE,VT,05905,-71.651433,44.650567,50,009,950100,1
"452 VT ROUTE 105 BLOOMFIELD, VT 05905 ",452,VT ROUTE 105,BLOOMFIELD,VT,05905,-71.637831,44.757998,50,009,950100,1
"784 COLBY RD LUNENBURG, VT 05906 ",784,COLBY RD,LUNENBURG,VT,05906,-71.674767,44.498339,50,009,950500,1
"78 PROSPECT ST CONCORD, VT 05824 ",78,PROSPECT ST,CONCORD,VT,05824,-71.891464,44.427348,50,009,950500,2
"198 CEDAR ST CONCORD, VT 05824 ",198,CEDAR ST,CONCORD,VT,05824,-71.755593,44.426488,50,009,950500,2
"1501 WESTSIDE LAKE RD MAIDSTONE, VT 05905 ",1501,WESTSIDE LAKE RD,MAIDSTONE,VT,05905,-71.651458,44.64795,50,009,950100,1
"70 WILLSON RD LUNENBURG, VT 05906 ",70,WILLSON RD,LUNENBURG,VT,05906,-71.692175,44.483252,50,009,950500,1
"181 SUNRISE ACRES LUNENBURG, VT 05906 ",181,SUNRISE ACRES,LUNENBURG,VT,05906,-71.660009,44.45942,50,009,950500,3
"0 KEMP HILL RD CANAAN, VT 05903 ",0,KEMP HILL RD,CANAAN,VT,05903,-71.555386,44.957742,50,009,950100,2
"751 LADD RD CONCORD, VT 05824 ",751,LADD RD,CONCORD,VT,05824,-71.85534,44.460164,50,009,950500,2
"3493 FELLOWS RD GUILDHALL, VT 05905 ",3493,FELLOWS RD,GUILDHALL,VT,05905,-71.635011,44.547693,50,009,950500,1
"3889 FELLOWS RD GUILDHALL, VT 05905 ",3889,FELLOWS RD,GUILDHALL,VT,05905,-71.640965,44.550923,50,009,950500,1
"0 S LUNENBURG RD LUNENBURG, VT 05906 ",0,S   LUNENBURG RD,LUNENBURG,VT,05906,-71.674035,44.438713,50,009,950500,3
"1699 W MAIN ST CONCORD, VT 05824 ",1699,W   MAIN ST,CONCORD,VT,05824,-71.896151,44.430935,50,009,950500,2
"43 COMMERCIAL AVE LUNENBURG, VT 05904 ",43,COMMERCIAL AVE,LUNENBURG,VT,05904,-71.716543,44.413447,50,009,950500,3
"751 VT ROUTE 114 CANAAN, VT 05903 ",751,VT ROUTE 114,CANAAN,VT,05903,-71.556039,45.006581,50,009,950100,2
"1918 VT ROUTE 102 CANAAN, VT 05903 ",1918,VT ROUTE 102,CANAAN,VT,05903,-71.523366,44.934628,50,009,950100,2
"150 FULLER DR CANAAN, VT 05903 ",150,FULLER DR,CANAAN,VT,05903,-71.631379,45.007987,50,009,950100,2
"138 LOOP RD AVERILL, VT 05901 ",138,LOOP RD,AVERILL,VT,05901,-71.693942,44.963772,50,009,950100,1
"984 CAMPERS LN CONCORD, VT 05824 ",984,CAMPERS LN,CONCORD,VT,05824,-71.812181,44.443448,50,009,950500,2
"201 NORTH ST BRIGHTON, VT 05846 ",201,NORTH ST,BRIGHTON,VT,05846,-71.884372,44.818617,50,009,950200,1
"959 NORTON RD BRIGHTON, VT 05846 ",959,NORTON RD,BRIGHTON,VT,05846,-71.90857,44.83777,50,009,950200,1
"3728 VT ROUTE 114 S NORTON, VT 05907 ",3728,VT ROUTE 114  S,NORTON,VT,05907,-71.826667,44.963417,50,009,950100,1
"950 VT ROUTE 105 BLOOMFIELD, VT 05905 ",950,VT ROUTE 105,BLOOMFIELD,VT,05905,-71.644968,44.762406,50,009,950100,1
"1760 BEAR HILL RD MAIDSTONE, VT 05905 ",1760,BEAR HILL RD,MAIDSTONE,VT,05905,-71.585967,44.628369,50,009,950100,1
"0 RIVER RD LUNENBURG, VT 05904 ",0,RIVER RD,LUNENBURG,VT,05904,-71.70818,44.414573,50,009,950500,3
"171 LUND LN GRANBY, VT 05858 ",171,LUND LN,GRANBY,VT,05858,-71.781217,44.581648,50,009,950500,1
"154 W SIDE RD LUNENBURG, VT 05906 ",154,W  SIDE RD,LUNENBURG,VT,05906,-71.69623,44.48584,50,009,950500,1
"66 NORTH ST BRIGHTON, VT 05846 ",66,NORTH ST,BRIGHTON,VT,05846,-71.882024,44.8181,50,009,950200,1
"610 LOOP RD AVERILL, VT 05901 ",610,LOOP RD,AVERILL,VT,05901,-71.691311,44.965323,50,009,950100,1
"2457 HURRICANE BROOK RD WARRENS GORE, VT 05907 ",2457,HURRICANE BROOK RD,WARRENS GORE,VT,05907,-71.885898,44.938552,50,009,950100,1
"175 ETHAN ALLEN DR CANAAN, VT 05903 ",175,ETHAN ALLEN DR,CANAAN,VT,05903,-71.539197,45.000048,50,009,950100,2
"3741 VT ROUTE 102 BLOOMFIELD, VT 05905 ",3741,VT ROUTE 102,BLOOMFIELD,VT,05905,-71.585523,44.787699,50,009,950100,1
"116 BROUSSEAU MOUNTAIN RD NORTON, VT 05907 ",116,BROUSSEAU MOUNTAIN RD,NORTON,VT,05907,-71.738854,44.994447,50,009,950100,1
"111 PLEASANT ST BRIGHTON, VT 05846 ",111,PLEASANT ST,BRIGHTON,VT,05846,-71.882974,44.80936,50,009,950200,1
"492 ARTHUR JOHN RD BRIGHTON, VT 05846 ",492,ARTHUR JOHN RD,BRIGHTON,VT,05846,-71.834184,44.766649,50,009,950200,1
"578 JOHNSON RD CONCORD, VT 05824 ",578,JOHNSON RD,CONCORD,VT,05824,-71.843942,44.40523,50,009,950500,2
"106 SUNSET DR BRIGHTON, VT 05846 ",106,SUNSET DR,BRIGHTON,VT,05846,-71.859236,44.799373,50,009,950200,1
"1406 VT ROUTE 102 GUILDHALL, VT 05905 ",1406,VT ROUTE 102,GUILDHALL,VT,05905,-71.593942,44.515804,50,009,950500,1
"0 POND HILL RD LUNENBURG, VT 05906 ",0,POND HILL RD,LUNENBURG,VT,05906,-71.704151,44.494663,50,009,950500,1
"0 VT ROUTE 102 BLOOMFIELD, VT 05905 ",0,VT ROUTE 102,BLOOMFIELD,VT,05905,-71.620318,44.758441,50,009,950100,1
"40 JEFFERSON AVE LUNENBURG, VT 05904 ",40,JEFFERSON AVE,LUNENBURG,VT,05904,-71.720354,44.414645,50,009,950500,3
"326 GALE ST CANAAN, VT 05903 ",326,GALE ST,CANAAN,VT,05903,-71.540579,44.997621,50,009,950100,2
"143 VT ROUTE 141 CANAAN, VT 05903 ",143,VT ROUTE 141,CANAAN,VT,05903,-71.557797,45.00859,50,009,950100,2
"0 WESTSIDE LAKE RD MAIDSTONE, VT 05905 ",0,WESTSIDE LAKE RD,MAIDSTONE,VT,05905,-71.658101,44.643915,50,009,950100,1
"4047 VT ROUTE 114 CANAAN, VT 05903 ",4047,VT ROUTE 114,CANAAN,VT,05903,-71.61903,45.009438,50,009,950100,2
"288 VT ROUTE 114 CANAAN, VT 05903 ",288,VT ROUTE 114,CANAAN,VT,05903,-71.548921,45.002819,50,009,950100,2
"64 RIPPLE CV BRIGHTON, VT 05846 ",64,RIPPLE CV,BRIGHTON,VT,05846,-71.867101,44.79312,50,009,950200,1
"2631 JACKSON RD AVERILL, VT 05901 ",2631,JACKSON RD,AVERILL,VT,05901,-71.713329,44.96284,50,009,950100,1
"359 KIRBY MOUNTAIN RD CONCORD, VT 05824 ",359,KIRBY MOUNTAIN RD,CONCORD,VT,05824,-71.911004,44.446611,50,009,950500,2
"5716 MAIDSTONE LAKE RD MAIDSTONE, VT 05905 ",5716,MAIDSTONE LAKE RD,MAIDSTONE,VT,05905,-71.640945,44.641067,50,009,950100,1
"347 PLEASANT ST BRIGHTON, VT 05846 ",347,PLEASANT ST,BRIGHTON,VT,05846,-71.880542,44.806666,50,009,950200,1
"535 VT ROUTE 114 S NORTON, VT 05907 ",535,VT ROUTE 114   S,NORTON,VT,05907,-71.799599,45.001886,50,009,950100,1
"413 DERBY ST BRIGHTON, VT 05846 ",413,DERBY ST,BRIGHTON,VT,05846,-71.885926,44.808279,50,009,950200,1
"102 CANAAN MOBILE HOME PARK CANAAN, VT 05903 ",102,CANAAN MOBILE HOME PARK,CANAAN,VT,05903,-71.5413,44.995328,50,009,950100,2
"48 HOLMES ST CANAAN, VT 05903 ",48,HOLMES ST,CANAAN,VT,05903,-71.5329,45.000504,50,009,950100,2
"953 VT ROUTE 102 BRUNSWICK, VT 05905 ",953,VT ROUTE 102,BRUNSWICK,VT,05905,-71.632539,44.736316,50,009,950100,1
"424 LEONARD HILL RD CONCORD, VT 05824 ",424,LEONARD HILL RD,CONCORD,VT,05824,-71.763349,44.424341,50,009,950500,2
"0 BAPTIST HILL RD LUNENBURG, VT 05906 ",0,BAPTIST HILL RD,LUNENBURG,VT,05906,-71.708972,44.448644,50,009,950500,3
"1904 BOBBIN MILL RD LUNENBURG, VT 05906 ",1904,BOBBIN MILL RD,LUNENBURG,VT,05906,-71.653513,44.487285,50,009,950500,1
"147 JOSLIN DR CONCORD, VT 05906 ",147,JOSLIN DR,CONCORD,VT,05906,-71.756219,44.431707,50,009,950500,2
"1569 TIM CARROLL BROOK RD AVERYS GORE, VT 05907 ",1569,TIM CARROLL BROOK RD,AVERYS GORE,VT,05907,-71.82172,44.904513,50,009,950100,1
"70 COMMUNITY BUILDING RD EAST HAVEN, VT 05837 ",70,COMMUNITY BUILDING RD,EAST HAVEN,VT,05837,-71.892461,44.639745,50,009,950500,1
"211 W SIDE RD LUNENBURG, VT 05906 ",211,W  SIDE RD,LUNENBURG,VT,05906,-71.694309,44.485462,50,009,950500,1
"126 SOUTH ST BRIGHTON, VT 05846 ",126,SOUTH ST,BRIGHTON,VT,05846,-71.880711,44.81656,50,009,950200,1
"510 LECLAIR RD CONCORD, VT 05824 ",510,LECLAIR RD,CONCORD,VT,05824,-71.839677,44.398698,50,009,950500,2
"381 W MAIN ST LUNENBURG, VT 05906 ",381,W  MAIN ST,LUNENBURG,VT,05906,-71.696393,44.460986,50,009,950500,3
"0 W MCCONNELL POND RD BRIGHTON, VT 05846 ",0,W  MCCONNELL POND RD,BRIGHTON,VT,05846,-71.818174,44.817891,50,009,950200,1
"259 DANA MOORE RD AVERILL, VT 05901 ",259,DANA MOORE RD,AVERILL,VT,05901,-71.725834,44.954391,50,009,950100,1
"1070 BEAR HILL RD MAIDSTONE, VT 05905 ",1070,BEAR HILL RD,MAIDSTONE,VT,05905,-71.589074,44.640483,50,009,950100,1
"85 MAPLE TREE LN CONCORD, VT 05824 ",85,MAPLE TREE LN,CONCORD,VT,05824,-71.872704,44.405386,50,009,950500,2
"0 VT ROUTE 102 CANAAN, VT 05903 ",0,VT ROUTE 102,CANAAN,VT,05903,-71.541648,44.992802,50,009,950100,2
"0 VT ROUTE 102 CANAAN, VT 05903 ",0,VT ROUTE 102,CANAAN,VT,05903,-71.52618,44.948554,50,009,950100,2
"22 NORTHVIEW DR CANAAN, VT 05903 ",22,NORTHVIEW DR,CANAAN,VT,05903,-71.628533,45.009239,50,009,950100,2
"0 VT ROUTE 114 CANAAN, VT 05903 ",0,VT ROUTE 114,CANAAN,VT,05903,-71.631321,45.009329,50,009,950100,2
"5432 MAIDSTONE LAKE RD MAIDSTONE, VT 05905 ",5432,MAIDSTONE LAKE RD,MAIDSTONE,VT,05905,-71.640913,44.645322,50,009,950100,1
"208 CEDAR ST CONCORD, VT 05824 ",208,CEDAR ST,CONCORD,VT,05824,-71.755563,44.426645,50,009,950500,2
"378 LOST NATION RD EAST HAVEN, VT 05837 ",378,LOST NATION RD,EAST HAVEN,VT,05837,-71.877721,44.67452,50,009,950500,1
"478 WILLSON RD CONCORD, VT 05858 ",478,WILLSON RD,CONCORD,VT,05858,-71.86921,44.478938,50,009,950500,2
"374 SCHOOL ST EAST HAVEN, VT 05837 ",374,SCHOOL ST,EAST HAVEN,VT,05837,-71.889645,44.64372,50,009,950500,1
"0 W MCCONNELL POND RD BRIGHTON, VT 05846 ",0,W  MCCONNELL POND RD,BRIGHTON,VT,05846,-71.789246,44.821683,50,009,950200,1
"386 RAILROAD ST BRIGHTON, VT 05846 ",386,RAILROAD ST,BRIGHTON,VT,05846,-71.887109,44.818132,50,009,950200,1
"207 WESLEY RD CONCORD, VT 05858 ",207,WESLEY RD,CONCORD,VT,05858,-71.854356,44.466466,50,009,950500,2
"0 RIVER RD LUNENBURG, VT 05906 ",0,RIVER RD,LUNENBURG,VT,05906,-71.705675,44.42164,50,009,950500,3
"101 CANAAN MOBILE HOME PARK CANAAN, VT 05903 ",101,CANAAN MOBILE HOME PARK,CANAAN,VT,05903,-71.541481,44.994977,50,009,950100,2
"0 COMMERCIAL AVE LUNENBURG, VT 05904 ",0,COMMERCIAL AVE,LUNENBURG,VT,05904,-71.723718,44.413508,50,009,950500,3
"1749 LEWIS POND RD FERDINAND, VT 05846 ",1749,LEWIS POND RD,FERDINAND,VT,05846,-71.739487,44.80058,50,009,950100,1
"0 CHRISTIAN HL CANAAN, VT 05903 ",0,CHRISTIAN HL,CANAAN,VT,05903,-71.533898,44.998831,50,009,950100,2
"0 HALL STREAM RD CANAAN, VT 05902 ",0,HALL STREAM RD,CANAAN,VT,05902,-71.500469,45.009222,50,009,950100,2
"0 CHAMBERLAIN RD CANAAN, VT 05903 ",0,CHAMBERLAIN RD,CANAAN,VT,05903,-71.54616,44.966147,50,009,950100,2
"2089 WESTSIDE LAKE RD MAIDSTONE, VT 05905 ",2089,WESTSIDE LAKE RD,MAIDSTONE,VT,05905,-71.658227,44.643148,50,009,950100,1
"3529 E BRIGHTON RD BRIGHTON, VT 05846 ",3529,E  BRIGHTON RD,BRIGHTON,VT,05846,-71.82918,44.78993,50,009,950200,1
"5233 NORTH RD MAIDSTONE, VT 05905 ",5233,NORTH RD,MAIDSTONE,VT,05905,-71.615366,44.631995,50,009,950100,1
"0 SIMONDS RD LUNENBURG, VT 05906 ",0,SIMONDS RD,LUNENBURG,VT,05906,-71.650509,44.498447,50,009,950500,1
"0 RIVER RD LUNENBURG, VT 05906 ",0,RIVER RD,LUNENBURG,VT,05906,-71.6796,44.429812,50,009,950500,3
"183 POWER HOUSE RD CANAAN, VT 05903 ",183,POWER HOUSE RD,CANAAN,VT,05903,-71.533014,44.998065,50,009,950100,2
"0 VT ROUTE 105 BLOOMFIELD, VT 05905 ",0,VT ROUTE 105,BLOOMFIELD,VT,05905,-71.644272,44.761878,50,009,950100,1
"2521 CROSS RD CONCORD, VT 05824 ",2521,CROSS RD,CONCORD,VT,05824,-71.894148,44.427998,50,009,950500,2
"0 DENNIS POND RD BRUNSWICK, VT 05905 ",0,DENNIS POND RD,BRUNSWICK,VT,05905,-71.657086,44.732454,50,009,950100,1
"2671 SABLE MOUNTAIN RD AVERILL, VT 05901 ",2671,SABLE MOUNTAIN RD,AVERILL,VT,05901,-71.672021,44.916727,50,009,950100,1
"90 EAST ST CANAAN, VT 05902 ",90,EAST ST,CANAAN,VT,05902,-71.5053,45.0094,50,009,950100,2
"33 HIGH ST EXT CONCORD, VT 05824 ",33,HIGH ST EXT,CONCORD,VT,05824,-71.889405,44.429899,50,009,950500,2
"3367 SHADOW LAKE RD CONCORD, VT 05824 ",3367,SHADOW LAKE RD,CONCORD,VT,05824,-71.86181,44.398065,50,009,950500,2
"249 VT ROUTE 114 S NORTON, VT 05907 ",249,VT ROUTE 114   S,NORTON,VT,05907,-71.797748,45.005784,50,009,950100,1
"51 HAVEN ST EAST HAVEN, VT 05837 ",51,HAVEN ST,EAST HAVEN,VT,05837,-71.889491,44.642618,50,009,950500,1
"64 COVELL RD LEMINGTON, VT 05905 ",64,COVELL RD,LEMINGTON,VT,05905,-71.503119,44.904126,50,009,950100,1
"2141 HURRICANE BROOK RD WARRENS GORE, VT 05907 ",2141,HURRICANE BROOK RD,WARRENS GORE,VT,05907,-71.888769,44.93586,50,009,950100,1
"0 THOMAS RD LUNENBURG, VT 05906 ",0,THOMAS RD,LUNENBURG,VT,05906,-71.731498,44.430714,50,009,950500,3
"158 GILMAN FARM RD LUNENBURG, VT 05906 ",158,GILMAN FARM RD,LUNENBURG,VT,05906,-71.714183,44.428973,50,009,950500,3
"185 BAPTIST HILL RD LUNENBURG, VT 05906 ",185,BAPTIST HILL RD,LUNENBURG,VT,05906,-71.701252,44.457908,50,009,950500,3
"2350 VT ROUTE 114 CANAAN, VT 05903 ",2350,VT ROUTE 114,CANAAN,VT,05903,-71.586513,45.009685,50,009,950100,2
"11 LONG HILL RD CONCORD, VT 05824 ",11,LONG HILL RD,CONCORD,VT,05824,-71.882653,44.427644,50,009,950500,2
"2155 FELLOWS RD GUILDHALL, VT 05905 ",2155,FELLOWS RD,GUILDHALL,VT,05905,-71.625479,44.531428,50,009,950500,1
"1262 JACKSON RD AVERILL, VT 05901 ",1262,JACKSON RD,AVERILL,VT,05901,-71.702973,44.97381,50,009,950100,1
"0 E BRANCH RD LEWIS, VT 05907 ",0,E  BRANCH RD,LEWIS,VT,05907,-71.686177,44.860476,50,009,950100,1
"384 PLEASANT ST BRIGHTON, VT 05846 ",384,PLEASANT ST,BRIGHTON,VT,05846,-71.880728,44.806002,50,009,950200,1
"4082 VICTORY RD VICTORY, VT 05858 ",4082,VICTORY RD,VICTORY,VT,05858,-71.788188,44.575429,50,009,950500,1
"1016 RIVER RD VICTORY, VT 05858 ",1016,RIVER RD,VICTORY,VT,05858,-71.789247,44.566583,50,009,950500,1
"99 BURTS LN CONCORD, VT 05824 ",99,BURTS LN,CONCORD,VT,05824,-71.802864,44.448961,50,009,950500,2
"0 BOBBIN MILL RD LUNENBURG, VT 05906 ",0,BOBBIN MILL RD,LUNENBURG,VT,05906,-71.675606,44.479646,50,009,950500,1
"7240 VT ROUTE 114 CANAAN, VT 05903 ",7240,VT ROUTE 114,CANAAN,VT,05903,-71.682577,45.007327,50,009,950100,2
"220 BEACH DR CONCORD, VT 05858 ",220,BEACH DR,CONCORD,VT,05858,-71.800199,44.4491,50,009,950500,2
"86 COMMERCIAL AVE LUNENBURG, VT 05904 ",86,COMMERCIAL AVE,LUNENBURG,VT,05904,-71.718061,44.413806,50,009,950500,3
"462 VT ROUTE 114 CANAAN, VT 05903 ",462,VT ROUTE 114,CANAAN,VT,05903,-71.552532,45.003985,50,009,950100,2
"372 GAUDETTE RD NORTON, VT 05907 ",372,GAUDETTE RD,NORTON,VT,05907,-71.7508,44.99333,50,009,950100,1
"0 VT ROUTE 102 CANAAN, VT 05903 ",0,VT ROUTE 102,CANAAN,VT,05903,-71.524548,44.955565,50,009,950100,2
"0 RIVER RD LUNENBURG, VT 05906 ",0,RIVER RD,LUNENBURG,VT,05906,-71.680321,44.436935,50,009,950500,3
"704 BAPTIST HILL RD LUNENBURG, VT 05906 ",704,BAPTIST HILL RD,LUNENBURG,VT,05906,-71.71443,44.446892,50,009,950500,3
"589 HATCHERY BROOK RD AVERILL, VT 05901 ",589,HATCHERY BROOK RD,AVERILL,VT,05901,-71.693721,44.962854,50,009,950100,1
"190 GEORGES BLVD EAST HAVEN, VT 05837 ",190,GEORGES BLVD,EAST HAVEN,VT,05837,-71.871107,44.641843,50,009,950500,1
"548 RIVER RD CANAAN, VT 05902 ",548,RIVER RD,CANAAN,VT,05902,-71.497951,45.005713,50,009,950100,2
"2380 CAMP RD AVERYS GORE, VT 05907 ",2380,CAMP RD,AVERYS GORE,VT,05907,-71.790458,44.945792,50,009,950100,1
"113 RENFREW LN CONCORD, VT 05824 ",113,RENFREW LN,CONCORD,VT,05824,-71.814128,44.449773,50,009,950500,2
"134 BIRCH ST BRIGHTON, VT 05846 ",134,BIRCH ST,BRIGHTON,VT,05846,-71.879787,44.811621,50,009,950200,1
"46 W MAIN ST LUNENBURG, VT 05906 ",46,W  MAIN ST,LUNENBURG,VT,05906,-71.684148,44.463393,50,009,950500,1
"3768 VT ROUTE 114 E NORTON, VT 05907 ",3768,VT ROUTE 114   E,NORTON,VT,05907,-71.71876,44.99271,50,009,950100,1
"0 TODD HILL RD LEMINGTON, VT 05903 ",0,TODD HILL RD,LEMINGTON,VT,05903,-71.555308,44.919201,50,009,950100,1
"3240 CANAAN HILL RD CANAAN, VT 05903 ",3240,CANAAN HILL RD,CANAAN,VT,05903,-71.594092,44.975571,50,009,950100,2
"372 HALL STREAM RD CANAAN, VT 05902 ",372,HALL STREAM RD,CANAAN,VT,05902,-71.499794,45.012489,50,009,950100,2
"0 COTTAGE RD AVERILL, VT 05901 ",0,COTTAGE RD,AVERILL,VT,05901,-71.692577,44.9837,50,009,950100,1
"640 CHARLESTON RD BRIGHTON, VT 05846 ",640,CHARLESTON RD,BRIGHTON,VT,05846,-71.89908,44.800471,50,009,950200,1
"19 WALNUT ST BRIGHTON, VT 05846 ",19,WALNUT ST,BRIGHTON,VT,05846,-71.883435,44.816959,50,009,950200,1
"275 MR B RD FERDINAND, VT 05846 ",275,MR B RD,FERDINAND,VT,05846,-71.721245,44.756389,50,009,950100,1
"0 BOBBIN MILL RD LUNENBURG, VT 05906 ",0,BOBBIN MILL RD,LUNENBURG,VT,05906,-71.675434,44.480337,50,009,950500,1
"1224 NEWARK RD BRIGHTON, VT 05846 ",1224,NEWARK RD,BRIGHTON,VT,05846,-71.928514,44.777391,50,009,950200,1
"4679 CANAAN HILL RD CANAAN, VT 05903 ",4679,CANAAN HILL RD,CANAAN,VT,05903,-71.618285,44.971647,50,009,950100,2
"6757 VT ROUTE 102 GUILDHALL, VT 05905 ",6757,VT ROUTE 102,GUILDHALL,VT,05905,-71.569469,44.565776,50,009,950500,1
"760 CANAAN HILL RD CANAAN, VT 05903 ",760,CANAAN HILL RD,CANAAN,VT,05903,-71.558475,44.981509,50,009,950100,2
"270 BOYS CAMP RD LUNENBURG, VT 05906 ",270,BOYS CAMP RD,LUNENBURG,VT,05906,-71.69618,44.4938,50,009,950500,1
"1606 NORTON RD BRIGHTON, VT 05846 ",1606,NORTON RD,BRIGHTON,VT,05846,-71.909776,44.84612,50,009,950200,1
"1698 RIVER RD LUNENBURG, VT 05906 ",1698,RIVER RD,LUNENBURG,VT,05906,-71.682207,44.428691,50,009,950500,3
"179 RANDOM VALE BRIGHTON, VT 05846 ",179,RANDOM VALE,BRIGHTON,VT,05846,-71.868353,44.792198,50,009,950200,1
"248 BOYS CAMP RD LUNENBURG, VT 05906 ",248,BOYS CAMP RD,LUNENBURG,VT,05906,-71.695839,44.493071,50,009,950500,1
"663 HATCHERY BROOK RD AVERILL, VT 05901 ",663,HATCHERY BROOK RD,AVERILL,VT,05901,-71.693607,44.96324,50,009,950100,1
"0 CLAY BROOK RD LEMINGTON, VT 05903 ",0,CLAY BROOK RD,LEMINGTON,VT,05903,-71.596617,44.951549,50,009,950100,1
"257 RIVER RD VICTORY, VT 05858 ",257,RIVER RD,VICTORY,VT,05858,-71.781297,44.576704,50,009,950500,1
"4878 GORE RD AVERYS GORE, VT 05907 ",4878,GORE RD,AVERYS GORE,VT,05907,-71.845762,44.911411,50,009,950100,1
"355 VT ROUTE 102 BRUNSWICK, VT 05905 ",355,VT ROUTE 102,BRUNSWICK,VT,05905,-71.630532,44.745187,50,009,950100,1
"36 PLEASANT ST BRIGHTON, VT 05846 ",36,PLEASANT ST,BRIGHTON,VT,05846,-71.884498,44.810338,50,009,950200,1
"2327 WESTSIDE LAKE RD MAIDSTONE, VT 05905 ",2327,WESTSIDE LAKE RD,MAIDSTONE,VT,05905,-71.661085,44.640134,50,009,950100,1
"1155 HEAD OF THE POND RD BRIGHTON, VT 05846 ",1155,HEAD OF THE POND RD,BRIGHTON,VT,05846,-71.855981,44.77852,50,009,950200,1
"27 WASHINGTON AVE LUNENBURG, VT 05904 ",27,WASHINGTON AVE,LUNENBURG,VT,05904,-71.718314,44.412774,50,009,950500,3
"147 FOLSOM AVE CONCORD, VT 05824 ",147,FOLSOM AVE,CONCORD,VT,05824,-71.885392,44.430612,50,009,950500,2
"804 FIVE MILE SQUARE RD BRIGHTON, VT 05846 ",804,FIVE MILE SQUARE RD,BRIGHTON,VT,05846,-71.905421,44.814655,50,009,950200,1
"0 VT ROUTE 114 CANAAN, VT 05903 ",0,VT ROUTE 114,CANAAN,VT,05903,-71.551829,45.003577,50,009,950100,2
"435 TEN MILE SQUARE RD BRIGHTON, VT 05846 ",435,TEN MILE SQUARE RD,BRIGHTON,VT,05846,-71.91019,44.826781,50,009,950200,1
"403 LAKE VIEW RD NORTON, VT 05907 ",403,LAKE VIEW RD,NORTON,VT,05907,-71.711182,44.996414,50,009,950100,1
"2669 CANAAN HILL RD CANAAN, VT 05903 ",2669,CANAAN HILL RD,CANAAN,VT,05903,-71.587085,44.969962,50,009,950100,2
"871 VT ROUTE 114 EAST HAVEN, VT 05837 ",871,VT ROUTE 114,EAST HAVEN,VT,05837,-71.892488,44.650991,50,009,950500,1
"92 DERBY ST BRIGHTON, VT 05846 ",92,DERBY ST,BRIGHTON,VT,05846,-71.883008,44.812382,50,009,950200,1
"138 CROSS ST BRIGHTON, VT 05846 ",138,CROSS ST,BRIGHTON,VT,05846,-71.881481,44.812981,50,009,950200,1
"421 GAUDETTE RD NORTON, VT 05907 ",421,GAUDETTE RD,NORTON,VT,05907,-71.748172,44.992742,50,009,950100,1
"324 E MAIN ST LUNENBURG, VT 05906 ",324,E   MAIN ST,LUNENBURG,VT,05906,-71.669973,44.463508,50,009,950500,3
"22 ALBERTS WAY AVERILL, VT 05901 ",22,ALBERTS WAY,AVERILL,VT,05901,-71.685296,44.985756,50,009,950100,1
"1424 VT ROUTE 102 CANAAN, VT 05903 ",1424,VT ROUTE 102,CANAAN,VT,05903,-71.52278,44.927435,50,009,950100,2
"1584 JOHNSON RD CONCORD, VT 05824 ",1584,JOHNSON RD,CONCORD,VT,05824,-71.826501,44.402158,50,009,950500,2
"1063 RIVER RD VICTORY, VT 05858 ",1063,RIVER RD,VICTORY,VT,05858,-71.788667,44.566507,50,009,950500,1
"10 SUNSET DR BRIGHTON, VT 05846 ",10,SUNSET DR,BRIGHTON,VT,05846,-71.85898,44.800531,50,009,950200,1
"533 MAIN ST CONCORD, VT 05824 ",533,MAIN ST,CONCORD,VT,05824,-71.884885,44.429187,50,009,950500,2
"519 MCCONNEL POND RD FERDINAND, VT 05846 ",519,MCCONNEL POND RD,FERDINAND,VT,05846,-71.783837,44.787427,50,009,950100,1
"0 CANAAN HILL RD CANAAN, VT 05903 ",0,CANAAN HILL RD,CANAAN,VT,05903,-71.600597,44.979891,50,009,950100,2
"0 MAILLETT RD LUNENBURG, VT 05906 ",0,MAILLETT RD,LUNENBURG,VT,05906,-71.681374,44.430092,50,009,950500,3
"48 BLUE HERON LN CONCORD, VT 05824 ",48,BLUE HERON LN,CONCORD,VT,05824,-71.803145,44.446415,50,009,950500,2
"441 LOOP RD AVERILL, VT 05901 ",441,LOOP RD,AVERILL,VT,05901,-71.692712,44.967551,50,009,950100,1
"81 JUDD RD CANAAN, VT 05903 ",81,JUDD RD,CANAAN,VT,05903,-71.55352,45.002356,50,009,950100,2
"2802 E BRANCH RD BLOOMFIELD, VT 05905 ",2802,E   BRANCH RD,BLOOMFIELD,VT,05905,-71.671046,44.816165,50,009,950100,1
"313 PAUL STREAM RD FERDINAND, VT 05905 ",313,PAUL STREAM RD,FERDINAND,VT,05905,-71.719131,44.679819,50,009,950100,1
"147 S LUNENBURG RD LUNENBURG, VT 05906 ",147,S  LUNENBURG RD,LUNENBURG,VT,05906,-71.681444,44.459288,50,009,950500,3
"6087 VT ROUTE 102 GUILDHALL, VT 05905 ",6087,VT ROUTE 102,GUILDHALL,VT,05905,-71.583004,44.567046,50,009,950500,1
"189 VT ROUTE 114 E NORTON, VT 05907 ",189,VT ROUTE 114   E,NORTON,VT,05907,-71.792253,45.009556,50,009,950100,1
"1564 HENSHAW RD BRIGHTON, VT 05846 ",1564,HENSHAW RD,BRIGHTON,VT,05846,-71.848809,44.832573,50,009,950200,1
"676 ARTHUR JOHN RD BRIGHTON, VT 05846 ",676,ARTHUR JOHN RD,BRIGHTON,VT,05846,-71.831237,44.764985,50,009,950200,1
"640 RUSZIN DR CONCORD, VT 05824 ",640,RUSZIN DR,CONCORD,VT,05824,-71.813676,44.391108,50,009,950500,2
"8506 LEWIS POND RD LEWIS, VT 05907 ",8506,LEWIS POND RD,LEWIS,VT,05907,-71.789759,44.870417,50,009,950100,1
"0 VT ROUTE 102 CANAAN, VT 05903 ",0,VT ROUTE 102,CANAAN,VT,05903,-71.518613,44.920729,50,009,950100,2
"280 BOYS CAMP RD LUNENBURG, VT 05906 ",280,BOYS CAMP RD,LUNENBURG,VT,05906,-71.696194,44.494147,50,009,950500,1
"232 BOYS CAMP RD LUNENBURG, VT 05906 ",232,BOYS CAMP RD,LUNENBURG,VT,05906,-71.695747,44.492796,50,009,950500,1
"0 POLLARD HL CANAAN, VT 05903 ",0,POLLARD HL,CANAAN,VT,05903,-71.599819,44.958636,50,009,950100,2
"376 OREGON RD CONCORD, VT 05906 ",376,OREGON RD,CONCORD,VT,05906,-71.772721,44.459951,50,009,950500,2
"191 SE POND RD LUNENBURG, VT 05906 ",191,SE   POND RD,LUNENBURG,VT,05906,-71.689471,44.484412,50,009,950500,1
"2111 HUDSON RD CANAAN, VT 05903 ",2111,HUDSON RD,CANAAN,VT,05903,-71.573211,44.940299,50,009,950100,2
"110 BROOK RD CONCORD, VT 05824 ",110,BROOK RD,CONCORD,VT,05824,-71.8771,44.4456,50,009,950500,2
"2137 NORTH RD MAIDSTONE, VT 05905 ",2137,NORTH RD,MAIDSTONE,VT,05905,-71.594338,44.59401,50,009,950100,1
"0 S LUNENBURG RD LUNENBURG, VT 05906 ",0,S   LUNENBURG RD,LUNENBURG,VT,05906,-71.682703,44.461714,50,009,950500,3
"16 JEFFERSON AVE LUNENBURG, VT 05904 ",16,JEFFERSON AVE,LUNENBURG,VT,05904,-71.719626,44.414857,50,009,950500,3
"6997 VT ROUTE 102 LEMINGTON, VT 05905 ",6997,VT ROUTE 102,LEMINGTON,VT,05905,-71.504046,44.906687,50,009,950100,1
"2784 GRANBY RD GUILDHALL, VT 05905 ",2784,GRANBY RD,GUILDHALL,VT,05905,-71.647781,44.569823,50,009,950500,1
"90 JAQUES RD CONCORD, VT 05824 ",90,JAQUES RD,CONCORD,VT,05824,-71.81484,44.418383,50,009,950500,2
"68 PRIVATE WEST 9 MAIDSTONE, VT 05905 ",68,PRIVATE WEST 9,MAIDSTONE,VT,05905,-71.660169,44.640695,50,009,950100,1
"256 DALE AVE BRIGHTON, VT 05846 ",256,DALE AVE,BRIGHTON,VT,05846,-71.879912,44.807632,50,009,950200,1
"700 E MAIN ST CONCORD, VT 05824 ",700,E   MAIN ST,CONCORD,VT,05824,-71.871881,44.449722,50,009,950500,2
"983 E CONCORD RD CONCORD, VT 05906 ",983,E   CONCORD RD,CONCORD,VT,05906,-71.783006,44.46351,50,009,950500,2
"0 BAPTIST HILL RD LUNENBURG, VT 05906 ",0,BAPTIST HILL RD,LUNENBURG,VT,05906,-71.701478,44.457715,50,009,950500,3
"2679 VT ROUTE 114 WARRENS GORE, VT 05907 ",2679,VT ROUTE 114,WARRENS GORE,VT,05907,-71.872358,44.920992,50,009,950100,1
"150 WILDWOOD DR MAIDSTONE, VT 05905 ",150,WILDWOOD DR,MAIDSTONE,VT,05905,-71.598791,44.610952,50,009,950100,1
"719 SHORES HL GRANBY, VT 05858 ",719,SHORES HL,GRANBY,VT,05858,-71.742661,44.560773,50,009,950500,1
"65 GETAWAY LN CONCORD, VT 05824 ",65,GETAWAY LN,CONCORD,VT,05824,-71.798808,44.446349,50,009,950500,2
"3118 CHARLESTON RD BRIGHTON, VT 05846 ",3118,CHARLESTON RD,BRIGHTON,VT,05846,-71.939587,44.810843,50,009,950200,1
"5234 VT ROUTE 102 BRUNSWICK, VT 05905 ",5234,VT ROUTE 102,BRUNSWICK,VT,05905,-71.600015,44.687372,50,009,950100,1
"2205 POND HILL RD LUNENBURG, VT 05906 ",2205,POND HILL RD,LUNENBURG,VT,05906,-71.731595,44.507276,50,009,950500,1
"138 DERBY ST BRIGHTON, VT 05846 ",138,DERBY ST,BRIGHTON,VT,05846,-71.883853,44.812011,50,009,950200,1
"1564 COLBY RD LUNENBURG, VT 05906 ",1564,COLBY RD,LUNENBURG,VT,05906,-71.673603,44.519858,50,009,950500,1
"0 VT ROUTE 114 CANAAN, VT 05903 ",0,VT ROUTE 114,CANAAN,VT,05903,-71.591681,45.006575,50,009,950100,2
"104 NATHAN ST CANAAN, VT 05903 ",104,NATHAN ST,CANAAN,VT,05903,-71.53908,44.997724,50,009,950100,2
"538 CAMPERS LN CONCORD, VT 05824 ",538,CAMPERS LN,CONCORD,VT,05824,-71.804844,44.445673,50,009,950500,2
"0 PRIVATE WEST 2 MAIDSTONE, VT 05905 ",0,PRIVATE WEST 2,MAIDSTONE,VT,05905,-71.651542,44.658629,50,009,950100,1
"9112 GRANBY RD GRANBY, VT 05858 ",9112,GRANBY RD,GRANBY,VT,05858,-71.760109,44.569076,50,009,950500,1
"297 SOUTH ST BRIGHTON, VT 05846 ",297,SOUTH ST,BRIGHTON,VT,05846,-71.883988,44.816699,50,009,950200,1
"1678 HEAD OF THE POND RD BRIGHTON, VT 05846 ",1678,HEAD OF THE POND RD,BRIGHTON,VT,05846,-71.848153,44.773305,50,009,950200,1
"2622 VICTORY HL VICTORY, VT 05858 ",2622,VICTORY HL,VICTORY,VT,05858,-71.855756,44.543777,50,009,950500,1
"64 HALL RD MAIDSTONE, VT 05905 ",64,HALL RD,MAIDSTONE,VT,05905,-71.592557,44.658109,50,009,950100,1
"976 GAUDETTE RD NORTON, VT 05907 ",976,GAUDETTE RD,NORTON,VT,05907,-71.751536,44.984791,50,009,950100,1
"0 BOBBIN MILL RD LUNENBURG, VT 05906 ",0,BOBBIN MILL RD,LUNENBURG,VT,05906,-71.675765,44.477979,50,009,950500,1
"125 POWELL RD LUNENBURG, VT 05906 ",125,POWELL RD,LUNENBURG,VT,05906,-71.657821,44.484278,50,009,950500,1
"118 WALKER PIT RD LUNENBURG, VT 05906 ",118,WALKER PIT RD,LUNENBURG,VT,05906,-71.736678,44.410772,50,009,950500,3
"411 FULLER RD BLOOMFIELD, VT 05905 ",411,FULLER RD,BLOOMFIELD,VT,05905,-71.598403,44.787365,50,009,950100,1
"100 SANDY LN CONCORD, VT 05858 ",100,SANDY LN,CONCORD,VT,05858,-71.807096,44.450395,50,009,950500,2
"1032 MILL RD LEMINGTON, VT 05903 ",1032,MILL RD,LEMINGTON,VT,05903,-71.554988,44.87934,50,009,950100,1
"32 MEADOW ST BRIGHTON, VT 05846 ",32,MEADOW ST,BRIGHTON,VT,05846,-71.886954,44.816978,50,009,950200,1
"4214 VT ROUTE 102 BRUNSWICK, VT 05905 ",4214,VT ROUTE 102,BRUNSWICK,VT,05905,-71.609365,44.700919,50,009,950100,1
"31 MOUNT TUG RD GRANBY, VT 05858 ",31,MOUNT TUG RD,GRANBY,VT,05858,-71.738308,44.558134,50,009,950500,1
"520 BEACH DR CONCORD, VT 05858 ",520,BEACH DR,CONCORD,VT,05858,-71.795709,44.447269,50,009,950500,2
"0 VT ROUTE 102 CANAAN, VT 05903 ",0,VT ROUTE 102,CANAAN,VT,05903,-71.526194,44.948603,50,009,950100,2
"0 COLBY RD LUNENBURG, VT 05906 ",0,COLBY RD,LUNENBURG,VT,05906,-71.674336,44.519864,50,009,950500,1
"1063 E BRIGHTON RD BRIGHTON, VT 05846 ",1063,E  BRIGHTON RD,BRIGHTON,VT,05846,-71.862097,44.814284,50,009,950200,1
"737 PARADIS MOUNTAIN RD BRIGHTON, VT 05846 ",737,PARADIS MOUNTAIN RD,BRIGHTON,VT,05846,-71.887238,44.795652,50,009,950200,1
"280 STONE MOUNTAIN DR GUILDHALL, VT 05905 ",280,STONE MOUNTAIN DR,GUILDHALL,VT,05905,-71.647461,44.555295,50,009,950500,1
"1439 HEAD OF THE POND RD BRIGHTON, VT 05846 ",1439,HEAD OF THE POND RD,BRIGHTON,VT,05846,-71.851401,44.775981,50,009,950200,1
"6061 VT ROUTE 105 BRUNSWICK, VT 05905 ",6061,VT ROUTE 105,BRUNSWICK,VT,05905,-71.708554,44.760605,50,009,950100,1
"0 COMMERCIAL AVE LUNENBURG, VT 05904 ",0,COMMERCIAL AVE,LUNENBURG,VT,05904,-71.723531,44.413504,50,009,950500,3
"55 JACKSON LODGE RD CANAAN, VT 05903 ",55,JACKSON LODGE RD,CANAAN,VT,05903,-71.614965,45.010151,50,009,950100,2
"267 LAKE ST BRIGHTON, VT 05846 ",267,LAKE ST,BRIGHTON,VT,05846,-71.865896,44.813326,50,009,950200,1
"0 MAIDSTONE LAKE RD MAIDSTONE, VT 05905 ",0,MAIDSTONE LAKE RD,MAIDSTONE,VT,05905,-71.640497,44.647324,50,009,950100,1
"270 LOOP RD AVERILL, VT 05901 ",270,LOOP RD,AVERILL,VT,05901,-71.693131,44.965544,50,009,950100,1
"0 DODGE RD LUNENBURG, VT 05906 ",0,DODGE RD,LUNENBURG,VT,05906,-71.719559,44.423529,50,009,950500,3
"160 BEEDE RD CONCORD, VT 05824 ",160,BEEDE RD,CONCORD,VT,05824,-71.867039,44.391586,50,009,950500,2
"95 CROSS ST BRIGHTON, VT 05846 ",95,CROSS ST,BRIGHTON,VT,05846,-71.880737,44.813714,50,009,950200,1
"4950 VT ROUTE 102 BLOOMFIELD, VT 05905 ",4950,VT ROUTE 102,BLOOMFIELD,VT,05905,-71.569861,44.806928,50,009,950100,1
"25 MAILLETT RD LUNENBURG, VT 05906 ",25,MAILLETT RD,LUNENBURG,VT,05906,-71.6901,44.461715,50,009,950500,3
"6082 GRANBY RD GRANBY, VT 05905 ",6082,GRANBY RD,GRANBY,VT,05905,-71.708235,44.573741,50,009,950500,1
"0 SIMONDS RD LUNENBURG, VT 05906 ",0,SIMONDS RD,LUNENBURG,VT,05906,-71.652156,44.499373,50,009,950500,1
"33 SWEETPEA LN CONCORD, VT 05824 ",33,SWEETPEA LN,CONCORD,VT,05824,-71.811246,44.449933,50,009,950500,2
"0 GRAHAM RD BRUNSWICK, VT 05905 ",0,GRAHAM RD,BRUNSWICK,VT,05905,-71.649052,44.757745,50,009,950100,1
"112 FAIRCHILD DR BRIGHTON, VT 05846 ",112,FAIRCHILD DR,BRIGHTON,VT,05846,-71.837207,44.798352,50,009,950200,1
"1014 E BRIGHTON RD BRIGHTON, VT 05846 ",1014,E  BRIGHTON RD,BRIGHTON,VT,05846,-71.865845,44.813752,50,009,950200,1
"1851 E BRIGHTON RD BRIGHTON, VT 05846 ",1851,E  BRIGHTON RD,BRIGHTON,VT,05846,-71.850683,44.807016,50,009,950200,1
"0 THOMAS RD LUNENBURG, VT 05906 ",0,THOMAS RD,LUNENBURG,VT,05906,-71.733842,44.430169,50,009,950500,3
"9023 GRANBY RD GRANBY, VT 05858 ",9023,GRANBY RD,GRANBY,VT,05858,-71.758546,44.569719,50,009,950500,1
"391 BAKER LN CONCORD, VT 05824 ",391,BAKER LN,CONCORD,VT,05824,-71.876417,44.399439,50,009,950500,2
"4121 VT ROUTE 102 BLOOMFIELD, VT 05905 ",4121,VT ROUTE 102,BLOOMFIELD,VT,05905,-71.578093,44.792256,50,009,950100,1
"0 KIMBALL RD LUNENBURG, VT 05906 ",0,KIMBALL RD,LUNENBURG,VT,05906,-71.694902,44.463029,50,009,950500,1
"0 JOHNSON RD CONCORD, VT 05824 ",0,JOHNSON RD,CONCORD,VT,05824,-71.825251,44.400958,50,009,950500,2
"74 HALL STREAM RD CANAAN, VT 05902 ",74,HALL STREAM RD,CANAAN,VT,05902,-71.501584,45.008466,50,009,950100,2
"0 RIVER RD LUNENBURG, VT 05906 ",0,RIVER RD,LUNENBURG,VT,05906,-71.660647,44.445073,50,009,950500,3
"157 S LUNENBURG RD LUNENBURG, VT 05906 ",157,S  LUNENBURG RD,LUNENBURG,VT,05906,-71.681401,44.459007,50,009,950500,3
"146 LAKE RD LUNENBURG, VT 05906 ",146,LAKE RD,LUNENBURG,VT,05906,-71.689096,44.494007,50,009,950500,1
"242 GRANBY RD GUILDHALL, VT 05905 ",242,GRANBY RD,GUILDHALL,VT,05905,-71.606187,44.558706,50,009,950500,1
"49 MIDDLE ST CANAAN, VT 05902 ",49,MIDDLE ST,CANAAN,VT,05902,-71.506161,45.008837,50,009,950100,2
"1049 POND HILL RD LUNENBURG, VT 05906 ",1049,POND HILL RD,LUNENBURG,VT,05906,-71.703679,44.493104,50,009,950500,1
"168 TOBYNE RD LUNENBURG, VT 05906 ",168,TOBYNE RD,LUNENBURG,VT,05906,-71.739775,44.468231,50,009,950500,1
"0 VT ROUTE 253 CANAAN, VT 05902 ",0,VT ROUTE 253,CANAAN,VT,05902,-71.520744,45.003013,50,009,950100,2
"249 ROAD MAKER LN CANAAN, VT 05903 ",249,ROAD MAKER LN,CANAAN,VT,05903,-71.539512,45.007452,50,009,950100,2
"0 TODD HILL RD CANAAN, VT 05903 ",0,TODD HILL RD,CANAAN,VT,05903,-71.529343,44.926974,50,009,950100,2
"566 PLEASANT ST BRIGHTON, VT 05846 ",566,PLEASANT ST,BRIGHTON,VT,05846,-71.878754,44.803792,50,009,950200,1
"76 RIVER RD LUNENBURG, VT 05906 ",76,RIVER RD,LUNENBURG,VT,05906,-71.653261,44.463248,50,009,950500,3
"2312 RIVER RD LUNENBURG, VT 05904 ",2312,RIVER RD,LUNENBURG,VT,05904,-71.699892,44.417818,50,009,950500,3
"1530 PINE BROOK RD WARRENS GORE, VT 05907 ",1530,PINE BROOK RD,WARRENS GORE,VT,05907,-71.877482,44.884031,50,009,950100,1
"0 VT ROUTE 102 CANAAN, VT 05903 ",0,VT ROUTE 102,CANAAN,VT,05903,-71.525024,44.957081,50,009,950100,2
"531 BEACH DR CONCORD, VT 05858 ",531,BEACH DR,CONCORD,VT,05858,-71.795349,44.447826,50,009,950500,2
"113 MARSHALL RD BLOOMFIELD, VT 05905 ",113,MARSHALL RD,BLOOMFIELD,VT,05905,-71.631746,44.756266,50,009,950100,1
"441 DANCE HALL RD LUNENBURG, VT 05906 ",441,DANCE HALL RD,LUNENBURG,VT,05906,-71.76509,44.458789,50,009,950500,3
"101 LOST NATION RD EAST HAVEN, VT 05837 ",101,LOST NATION RD,EAST HAVEN,VT,05837,-71.881716,44.672955,50,009,950500,1
"2094 LOST NATION RD EAST HAVEN, VT 05837 ",2094,LOST NATION RD,EAST HAVEN,VT,05837,-71.850531,44.686604,50,009,950500,1
"0 WOODS RD CANAAN, VT 05903 ",0,WOODS RD,CANAAN,VT,05903,-71.632484,44.995345,50,009,950100,2
"26 CROSS ST EAST HAVEN, VT 05837 ",26,CROSS ST,EAST HAVEN,VT,05837,-71.890454,44.643369,50,009,950500,1
"211 ETHAN ALLEN DR CANAAN, VT 05903 ",211,ETHAN ALLEN DR,CANAAN,VT,05903,-71.542032,45.000285,50,009,950100,2
"2791 LECLAIR RD CONCORD, VT 05824 ",2791,LECLAIR RD,CONCORD,VT,05824,-71.84145,44.375343,50,009,950500,2
"108 SOUTH ST BRIGHTON, VT 05846 ",108,SOUTH ST,BRIGHTON,VT,05846,-71.880465,44.816598,50,009,950200,1
"1272 STONE DAM RD BLOOMFIELD, VT 05905 ",1272,STONE DAM RD,BLOOMFIELD,VT,05905,-71.696092,44.785306,50,009,950100,1
"0 SIVEGNY RD LUNENBURG, VT 05906 ",0,SIVEGNY RD,LUNENBURG,VT,05906,-71.713862,44.460647,50,009,950500,3
"90 PERCY VW MAIDSTONE, VT 05905 ",90,PERCY VW,MAIDSTONE,VT,05905,-71.592026,44.661828,50,009,950100,1
"65 KYMACK RD MAIDSTONE, VT 05905 ",65,KYMACK RD,MAIDSTONE,VT,05905,-71.588308,44.599604,50,009,950100,1
"4005 VT ROUTE 102 MAIDSTONE, VT 05905 ",4005,VT ROUTE 102,MAIDSTONE,VT,05905,-71.559915,44.618173,50,009,950100,1
"1193 E BRIGHTON RD BRIGHTON, VT 05846 ",1193,E  BRIGHTON RD,BRIGHTON,VT,05846,-71.859464,44.814409,50,009,950200,1
"939 PLEASANT ST BRIGHTON, VT 05846 ",939,PLEASANT ST,BRIGHTON,VT,05846,-71.874055,44.799497,50,009,950200,1
"0 VT ROUTE 102 CANAAN, VT 05903 ",0,VT ROUTE 102,CANAAN,VT,05903,-71.540003,44.99435,50,009,950100,2
"870 GAUDETTE RD NORTON, VT 05907 ",870,GAUDETTE RD,NORTON,VT,05907,-71.751053,44.986967,50,009,950100,1
"98 BOUCHER RD GUILDHALL, VT 05905 ",98,BOUCHER RD,GUILDHALL,VT,05905,-71.62642,44.531072,50,009,950500,1
"50 HUNTINGTON RD MAIDSTONE, VT 05905 ",50,HUNTINGTON RD,MAIDSTONE,VT,05905,-71.592937,44.603491,50,009,950100,1
"379 LAKE ST BRIGHTON, VT 05846 ",379,LAKE ST,BRIGHTON,VT,05846,-71.863893,44.812513,50,009,950200,1
"2695 ROYALSTON CORNER RD CONCORD, VT 05824 ",2695,ROYALSTON CORNER RD,CONCORD,VT,05824,-71.833505,44.429738,50,009,950500,2
"188 VT ROUTE 105 BLOOMFIELD, VT 05905 ",188,VT ROUTE 105,BLOOMFIELD,VT,05905,-71.634579,44.754511,50,009,950100,1
"2981 VT ROUTE 114 WARRENS GORE, VT 05907 ",2981,VT ROUTE 114,WARRENS GORE,VT,05907,-71.860219,44.943048,50,009,950100,1
"2665 VT ROUTE 102 CANAAN, VT 05903 ",2665,VT ROUTE 102,CANAAN,VT,05903,-71.52646,44.944816,50,009,950100,2
"1235 HATCHERY BROOK RD AVERILL, VT 05901 ",1235,HATCHERY BROOK RD,AVERILL,VT,05901,-71.683064,44.967388,50,009,950100,1
"287 DEPOT CAMP RD GRANBY, VT 05837 ",287,DEPOT CAMP RD,GRANBY,VT,05837,-71.697227,44.638847,50,009,950500,1
"1235 VT ROUTE 114 S NORTON, VT 05907 ",1235,VT ROUTE 114  S,NORTON,VT,05907,-71.805409,44.992753,50,009,950100,1
"15 HILLSIDE TER BRIGHTON, VT 05846 ",15,HILLSIDE TER,BRIGHTON,VT,05846,-71.879572,44.819312,50,009,950200,1
"431 VT ROUTE 105 BLOOMFIELD, VT 05905 ",431,VT ROUTE 105,BLOOMFIELD,VT,05905,-71.638285,44.75662,50,009,950100,1
"0 JUDD RD CANAAN, VT 05903 ",0,JUDD RD,CANAAN,VT,05903,-71.556337,45.001173,50,009,950100,2
"7046 VT ROUTE 102 MAIDSTONE, VT 05905 ",7046,VT ROUTE 102,MAIDSTONE,VT,05905,-71.58417,44.653246,50,009,950100,1
"2958 VT ROUTE 102 GUILDHALL, VT 05905 ",2958,VT ROUTE 102,GUILDHALL,VT,05905,-71.584623,44.535843,50,009,950500,1
"259 LOOP RD AVERILL, VT 05901 ",259,LOOP RD,AVERILL,VT,05901,-71.693414,44.965279,50,009,950100,1
"366 RICHARD BLVD EAST HAVEN, VT 05837 ",366,RICHARD BLVD,EAST HAVEN,VT,05837,-71.875485,44.631995,50,009,950500,1
"0 W MAIN ST LUNENBURG, VT 05906 ",0,W  MAIN ST,LUNENBURG,VT,05906,-71.684364,44.463915,50,009,950500,1
"2010 NEWARK RD BRIGHTON, VT 05846 ",2010,NEWARK RD,BRIGHTON,VT,05846,-71.930809,44.766609,50,009,950200,1
"19 MIDDLE ST CANAAN, VT 05902 ",19,MIDDLE ST,CANAAN,VT,05902,-71.505908,45.009434,50,009,950100,2
"194 MAIN ST CONCORD, VT 05824 ",194,MAIN ST,CONCORD,VT,05824,-71.891782,44.429231,50,009,950500,2
"1842 POND HILL RD LUNENBURG, VT 05906 ",1842,POND HILL RD,LUNENBURG,VT,05906,-71.717934,44.510182,50,009,950500,1
"0 STEVENS RD BLOOMFIELD, VT 05905 ",0,STEVENS RD,BLOOMFIELD,VT,05905,-71.581674,44.804712,50,009,950100,1
"168 BEACH RD MAIDSTONE, VT 05905 ",168,BEACH RD,MAIDSTONE,VT,05905,-71.64124,44.653035,50,009,950100,1
"86 MOUNTAIN ST EXT BRIGHTON, VT 05846 ",86,MOUNTAIN ST EXT,BRIGHTON,VT,05846,-71.874017,44.829057,50,009,950200,1
"1288 CAMPERS LN CONCORD, VT 05824 ",1288,CAMPERS LN,CONCORD,VT,05824,-71.817673,44.444519,50,009,950500,2
"1255 LAKESHORE DR BRIGHTON, VT 05846 ",1255,LAKESHORE DR,BRIGHTON,VT,05846,-71.858262,44.802152,50,009,950200,1
"0 CANAAN HILL RD AVERILL, VT 05901 ",0,CANAAN HILL RD,AVERILL,VT,05901,-71.651678,44.977348,50,009,950100,1
"295 GOUDREAULT HILL RD CONCORD, VT 05824 ",295,GOUDREAULT HILL RD,CONCORD,VT,05824,-71.859746,44.436092,50,009,950500,2
"571 PAUL BUNYAN RD BRIGHTON, VT 05846 ",571,PAUL BUNYAN RD,BRIGHTON,VT,05846,-71.913612,44.777239,50,009,950200,1
"47 PARK AVE LUNENBURG, VT 05906 ",47,PARK AVE,LUNENBURG,VT,05906,-71.682898,44.46435,50,009,950500,1
"179 CHRISTIAN HL CANAAN, VT 05903 ",179,CHRISTIAN HL,CANAAN,VT,05903,-71.53623,44.998366,50,009,950100,2
"571 POND HILL RD LUNENBURG, VT 05906 ",571,POND HILL RD,LUNENBURG,VT,05906,-71.694723,44.481949,50,009,950500,1
"74 RADAR RD VICTORY, VT 05858 ",74,RADAR RD,VICTORY,VT,05858,-71.784901,44.575783,50,009,950500,1
"0 BOBBIN MILL RD LUNENBURG, VT 05906 ",0,BOBBIN MILL RD,LUNENBURG,VT,05906,-71.662261,44.497379,50,009,950500,1
"223 BEACH DR CONCORD, VT 05858 ",223,BEACH DR,CONCORD,VT,05858,-71.800248,44.44938,50,009,950500,2
"7290 VT ROUTE 102 GUILDHALL, VT 05905 ",7290,VT ROUTE 102,GUILDHALL,VT,05905,-71.560082,44.566001,50,009,950500,1
"441 BAPTIST HILL RD LUNENBURG, VT 05906 ",441,BAPTIST HILL RD,LUNENBURG,VT,05906,-71.706614,44.452008,50,009,950500,3
"171 MAILLETT RD LUNENBURG, VT 05906 ",171,MAILLETT RD,LUNENBURG,VT,05906,-71.691916,44.457982,50,009,950500,3
"2340 POND HILL RD LUNENBURG, VT 05906 ",2340,POND HILL RD,LUNENBURG,VT,05906,-71.737657,44.504793,50,009,950500,1
"0 SONG BIRD DR CANAAN, VT 05903 ",0,SONG BIRD DR,CANAAN,VT,05903,-71.640553,45.010544,50,009,950100,2
"0 VT ROUTE 253 CANAAN, VT 05902 ",0,VT ROUTE 253,CANAAN,VT,05902,-71.513261,45.005545,50,009,950100,2
"0 CANAAN HILL RD CANAAN, VT 05903 ",0,CANAAN HILL RD,CANAAN,VT,05903,-71.601659,44.978713,50,009,950100,2
"2453 VT ROUTE 114 S NORTON, VT 05907 ",2453,VT ROUTE 114  S,NORTON,VT,05907,-71.816991,44.978189,50,009,950100,1
"331 PAUL MENARD DR FERDINAND, VT 05846 ",331,PAUL MENARD DR,FERDINAND,VT,05846,-71.754607,44.777003,50,009,950100,1
"5832 MAIDSTONE LAKE RD MAIDSTONE, VT 05905 ",5832,MAIDSTONE LAKE RD,MAIDSTONE,VT,05905,-71.642262,44.63986,50,009,950100,1
"739 VT ROUTE 114 EAST HAVEN, VT 05837 ",739,VT ROUTE 114,EAST HAVEN,VT,05837,-71.893968,44.649667,50,009,950500,1
"268 GOODWIN CAMP RD MAIDSTONE, VT 05905 ",268,GOODWIN CAMP RD,MAIDSTONE,VT,05905,-71.647252,44.678687,50,009,950100,1
"2147 VT ROUTE 102 LEMINGTON, VT 05905 ",2147,VT ROUTE 102,LEMINGTON,VT,05905,-71.552517,44.853928,50,009,950100,1
"1625 BOBBIN MILL RD LUNENBURG, VT 05906 ",1625,BOBBIN MILL RD,LUNENBURG,VT,05906,-71.656695,44.494138,50,009,950500,1
"40 KNIPE RD BRIGHTON, VT 05846 ",40,KNIPE RD,BRIGHTON,VT,05846,-71.860292,44.779707,50,009,950200,1
"193 W SIDE RD LUNENBURG, VT 05906 ",193,W  SIDE RD,LUNENBURG,VT,05906,-71.694891,44.485916,50,009,950500,1
"1541 N CONCORD RD CONCORD, VT 05858 ",1541,N   CONCORD RD,CONCORD,VT,05858,-71.84887,44.469686,50,009,950500,2
"0 VT ROUTE 114 CANAAN, VT 05903 ",0,VT ROUTE 114,CANAAN,VT,05903,-71.618721,45.009198,50,009,950100,2
"1148 ROYALSTON CORNER RD CONCORD, VT 05824 ",1148,ROYALSTON CORNER RD,CONCORD,VT,05824,-71.863618,44.430925,50,009,950500,2
"0 TODD HILL RD CANAAN, VT 05903 ",0,TODD HILL RD,CANAAN,VT,05903,-71.53679,44.929232,50,009,950100,2
"821 ROSEBROOK HILL RD BRIGHTON, VT 05846 ",821,ROSEBROOK HILL RD,BRIGHTON,VT,05846,-71.923122,44.788478,50,009,950200,1
"0 DUBEAU RD CANAAN, VT 05903 ",0,DUBEAU RD,CANAAN,VT,05903,-71.632413,44.998212,50,009,950100,2
"297 DALE AVE BRIGHTON, VT 05846 ",297,DALE AVE,BRIGHTON,VT,05846,-71.878864,44.807545,50,009,950200,1
"3697 VT ROUTE 102 BRUNSWICK, VT 05905 ",3697,VT ROUTE 102,BRUNSWICK,VT,05905,-71.606118,44.708406,50,009,950100,1
"253 DUPONT RD LUNENBURG, VT 05906 ",253,DUPONT RD,LUNENBURG,VT,05906,-71.736969,44.474514,50,009,950500,1
"3249 VT ROUTE 102 BRUNSWICK, VT 05905 ",3249,VT ROUTE 102,BRUNSWICK,VT,05905,-71.610995,44.713825,50,009,950100,1
"786 WILLSON RD CONCORD, VT 05824 ",786,WILLSON RD,CONCORD,VT,05824,-71.866349,44.47376,50,009,950500,2
"1323 LADD RD CONCORD, VT 05858 ",1323,LADD RD,CONCORD,VT,05858,-71.844163,44.460233,50,009,950500,2
"577 MAIN ST CONCORD, VT 05824 ",577,MAIN ST,CONCORD,VT,05824,-71.884263,44.428895,50,009,950500,2
"752 MOUNTAIN ST BRIGHTON, VT 05846 ",752,MOUNTAIN ST,BRIGHTON,VT,05846,-71.875176,44.826028,50,009,950200,1
"2582 RIVER RD LUNENBURG, VT 05904 ",2582,RIVER RD,LUNENBURG,VT,05904,-71.708646,44.414947,50,009,950500,3
"4507 VT ROUTE 105 FERDINAND, VT 05846 ",4507,VT ROUTE 105,FERDINAND,VT,05846,-71.72416,44.761194,50,009,950100,1
"175 MAPLE ST CONCORD, VT 05824 ",175,MAPLE ST,CONCORD,VT,05824,-71.760152,44.426181,50,009,950500,2
"2580 CANAAN HILL RD AVERILL, VT 05901 ",2580,CANAAN HILL RD,AVERILL,VT,05901,-71.637107,44.967606,50,009,950100,1
"100 MOUNTAIN VIEW LN NORTON, VT 05907 ",100,MOUNTAIN VIEW LN,NORTON,VT,05907,-71.741479,44.997973,50,009,950100,1
"70 FAY RD FERDINAND, VT 05846 ",70,FAY RD,FERDINAND,VT,05846,-71.773477,44.783506,50,009,950100,1
"628 JACKSON LODGE RD CANAAN, VT 05903 ",628,JACKSON LODGE RD,CANAAN,VT,05903,-71.603826,45.012519,50,009,950100,2
"1194 TIM CARROLL BROOK RD LEWIS, VT 05907 ",1194,TIM CARROLL BROOK RD,LEWIS,VT,05907,-71.799058,44.888801,50,009,950100,1
"517 PLEASANT ST BRIGHTON, VT 05846 ",517,PLEASANT ST,BRIGHTON,VT,05846,-71.878747,44.804533,50,009,950200,1
"386 CANAAN HILL RD CANAAN, VT 05903 ",386,CANAAN HILL RD,CANAAN,VT,05903,-71.550963,44.981738,50,009,950100,2
"135 HIGH ST CONCORD, VT 05824 ",135,HIGH ST,CONCORD,VT,05824,-71.887174,44.429979,50,009,950500,2
"1796 VT ROUTE 105 BLOOMFIELD, VT 05905 ",1796,VT ROUTE 105,BLOOMFIELD,VT,05905,-71.644704,44.774306,50,009,950100,1
"29 JEFFERSON AVE LUNENBURG, VT 05904 ",29,JEFFERSON AVE,LUNENBURG,VT,05904,-71.719472,44.41441,50,009,950500,3
"1582 MORIN RD GUILDHALL, VT 05905 ",1582,MORIN RD,GUILDHALL,VT,05905,-71.62524,44.506496,50,009,950500,1
"369 POWER HOUSE RD CANAAN, VT 05903 ",369,POWER HOUSE RD,CANAAN,VT,05903,-71.530622,45.00009,50,009,950100,2
"0 VT ROUTE 102 CANAAN, VT 05903 ",0,VT ROUTE 102,CANAAN,VT,05903,-71.512708,44.915442,50,009,950100,2
"67 CHARLOTTE LN CONCORD, VT 05824 ",67,CHARLOTTE LN,CONCORD,VT,05824,-71.872247,44.405907,50,009,950500,2
"200 LAKE RD LUNENBURG, VT 05906 ",200,LAKE RD,LUNENBURG,VT,05906,-71.689052,44.492521,50,009,950500,1
"461 MILL BROOK RD BLOOMFIELD, VT 05905 ",461,MILL BROOK RD,BLOOMFIELD,VT,05905,-71.603907,44.783197,50,009,950100,1
"389 SNOW HILL RD BLOOMFIELD, VT 05905 ",389,SNOW HILL RD,BLOOMFIELD,VT,05905,-71.61157,44.791522,50,009,950100,1
"1565 NORTH RD GUILDHALL, VT 05905 ",1565,NORTH RD,GUILDHALL,VT,05905,-71.599048,44.586324,50,009,950500,1
"3545 FELLOWS RD GUILDHALL, VT 05905 ",3545,FELLOWS RD,GUILDHALL,VT,05905,-71.636098,44.547925,50,009,950500,1
"9018 GRANBY RD GRANBY, VT 05858 ",9018,GRANBY RD,GRANBY,VT,05858,-71.758836,44.570036,50,009,950500,1
"858 VT ROUTE 114 CANAAN, VT 05903 ",858,VT ROUTE 114,CANAAN,VT,05903,-71.557632,45.007643,50,009,950100,2
"39 GOODWIN CAMP RD MAIDSTONE, VT 05905 ",39,GOODWIN CAMP RD,MAIDSTONE,VT,05905,-71.641622,44.684038,50,009,950100,1
"430 WESLEY RD CONCORD, VT 05824 ",430,WESLEY RD,CONCORD,VT,05824,-71.85437,44.462591,50,009,950500,2
"843 COZY NOOK RD CONCORD, VT 05906 ",843,COZY NOOK RD,CONCORD,VT,05906,-71.758447,44.410923,50,009,950500,2
"0 VT ROUTE 105 FERDINAND, VT 05846 ",0,VT ROUTE 105,FERDINAND,VT,05846,-71.790526,44.783553,50,009,950100,1
"519 MAIN ST CONCORD, VT 05824 ",519,MAIN ST,CONCORD,VT,05824,-71.885132,44.428812,50,009,950500,2
"0 HENSHAW RD BRIGHTON, VT 05846 ",0,HENSHAW RD,BRIGHTON,VT,05846,-71.830813,44.838418,50,009,950200,1
"3745 SHADOW LAKE RD CONCORD, VT 05824 ",3745,SHADOW LAKE RD,CONCORD,VT,05824,-71.863526,44.392881,50,009,950500,2
"462 GRIST MILL PIT RD CONCORD, VT 05824 ",462,GRIST MILL PIT RD,CONCORD,VT,05824,-71.849065,44.374155,50,009,950500,2
"27 NATHAN ST CANAAN, VT 05903 ",27,NATHAN ST,CANAAN,VT,05903,-71.539793,44.998862,50,009,950100,2
"0 HALL STREAM RD CANAAN, VT 05902 ",0,HALL STREAM RD,CANAAN,VT,05902,-71.500545,45.01168,50,009,950100,2
"94 JACKSON LODGE VLG CANAAN, VT 05903 ",94,JACKSON LODGE VLG,CANAAN,VT,05903,-71.611847,45.01265,50,009,950100,2
"0 W MAIN ST CONCORD, VT 05824 ",0,W   MAIN ST,CONCORD,VT,05824,-71.914332,44.441573,50,009,950500,2
"0 THOMAS RD LUNENBURG, VT 05906 ",0,THOMAS RD,LUNENBURG,VT,05906,-71.728429,44.434185,50,009,950500,3
"335 TOBYNE RD LUNENBURG, VT 05906 ",335,TOBYNE RD,LUNENBURG,VT,05906,-71.745433,44.471438,50,009,950500,1
"84 CEDAR ST LUNENBURG, VT 05904 ",84,CEDAR ST,LUNENBURG,VT,05904,-71.72055,44.415543,50,009,950500,3
"966 SHADOW LAKE RD CONCORD, VT 05824 ",966,SHADOW LAKE RD,CONCORD,VT,05824,-71.890983,44.416539,50,009,950500,2
"0 VT ROUTE 102 BLOOMFIELD, VT 05905 ",0,VT ROUTE 102,BLOOMFIELD,VT,05905,-71.577109,44.796046,50,009,950100,1
"948 VT ROUTE 114 CANAAN, VT 05903 ",948,VT ROUTE 114,CANAAN,VT,05903,-71.559294,45.008012,50,009,950100,2
"2595 CHARLESTON RD BRIGHTON, VT 05846 ",2595,CHARLESTON RD,BRIGHTON,VT,05846,-71.932037,44.806765,50,009,950200,1
"906 FIVE MILE SQUARE RD BRIGHTON, VT 05846 ",906,FIVE MILE SQUARE RD,BRIGHTON,VT,05846,-71.904618,44.812967,50,009,950200,1
"2548 RIVER RD LUNENBURG, VT 05904 ",2548,RIVER RD,LUNENBURG,VT,05904,-71.707265,44.415023,50,009,950500,3
"1999 FIVE MILE SQUARE RD BRIGHTON, VT 05846 ",1999,FIVE MILE SQUARE RD,BRIGHTON,VT,05846,-71.912014,44.801887,50,009,950200,1
"1335 LAMOTTE RD GUILDHALL, VT 05905 ",1335,LAMOTTE RD,GUILDHALL,VT,05905,-71.656037,44.521741,50,009,950500,1
"29 SIMS HILL RD LEMINGTON, VT 05905 ",29,SIMS HILL RD,LEMINGTON,VT,05905,-71.551272,44.857623,50,009,950100,1
"1153 HALL RD LUNENBURG, VT 05906 ",1153,HALL RD,LUNENBURG,VT,05906,-71.695684,44.531074,50,009,950500,1
"377 VT ROUTE 253 CANAAN, VT 05902 ",377,VT ROUTE 253,CANAAN,VT,05902,-71.520044,45.003015,50,009,950100,2
"1392 COTTAGE RD AVERILL, VT 05901 ",1392,COTTAGE RD,AVERILL,VT,05901,-71.692496,44.983044,50,009,950100,1
"504 W MAIN ST CONCORD, VT 05824 ",504,W   MAIN ST,CONCORD,VT,05824,-71.914644,44.441203,50,009,950500,2
"0 VT ROUTE 114 CANAAN, VT 05903 ",0,VT ROUTE 114,CANAAN,VT,05903,-71.6551,45.005515,50,009,950100,2
"0 VT ROUTE 114 CANAAN, VT 05903 ",0,VT ROUTE 114,CANAAN,VT,05903,-71.547061,45.001877,50,009,950100,2
"0 E BRIGHTON RD BRIGHTON, VT 05846 ",0,E  BRIGHTON RD,BRIGHTON,VT,05846,-71.868681,44.825886,50,009,950200,1
"2335 WESTSIDE LAKE RD MAIDSTONE, VT 05905 ",2335,WESTSIDE LAKE RD,MAIDSTONE,VT,05905,-71.661152,44.639907,50,009,950100,1
"13297 LEWIS POND RD LEWIS, VT 05907 ",13297,LEWIS POND RD,LEWIS,VT,05907,-71.764409,44.917294,50,009,950100,1
"3544 VT ROUTE 102 BRUNSWICK, VT 05905 ",3544,VT ROUTE 102,BRUNSWICK,VT,05905,-71.608033,44.709741,50,009,950100,1
"495 E BRANCH RD BLOOMFIELD, VT 05905 ",495,E   BRANCH RD,BLOOMFIELD,VT,05905,-71.660508,44.785452,50,009,950100,1
"1190 KIMBALL RD LUNENBURG, VT 05906 ",1190,KIMBALL RD,LUNENBURG,VT,05906,-71.717996,44.488162,50,009,950500,1
"145 ROSEBROOK HILL RD BRIGHTON, VT 05846 ",145,ROSEBROOK HILL RD,BRIGHTON,VT,05846,-71.911798,44.789287,50,009,950200,1
"39 RAILROAD ST BRIGHTON, VT 05846 ",39,RAILROAD ST,BRIGHTON,VT,05846,-71.881745,44.81487,50,009,950200,1
"54 MAIN ST BRIGHTON, VT 05846 ",54,MAIN ST,BRIGHTON,VT,05846,-71.87988,44.815057,50,009,950200,1
"1073 MILES POND RD CONCORD, VT 05858 ",1073,MILES POND RD,CONCORD,VT,05858,-71.805301,44.451876,50,009,950500,2
"44 BIRCH ST BRIGHTON, VT 05846 ",44,BIRCH ST,BRIGHTON,VT,05846,-71.88061,44.812399,50,009,950200,1
"156 NORTON LAKE ACCESS RD WARRENS GORE, VT 05907 ",156,NORTON LAKE ACCESS RD,WARRENS GORE,VT,05907,-71.870886,44.924955,50,009,950100,1
"725 VT ROUTE 114 EAST HAVEN, VT 05837 ",725,VT ROUTE 114,EAST HAVEN,VT,05837,-71.89353,44.649073,50,009,950500,1
"1444 VICTORY HL VICTORY, VT 05858 ",1444,VICTORY HL,VICTORY,VT,05858,-71.850486,44.529528,50,009,950500,1
"2986 VT ROUTE 114 CANAAN, VT 05903 ",2986,VT ROUTE 114,CANAAN,VT,05903,-71.59807,45.011083,50,009,950100,2
"5520 MAIDSTONE LAKE RD MAIDSTONE, VT 05905 ",5520,MAIDSTONE LAKE RD,MAIDSTONE,VT,05905,-71.641431,44.643718,50,009,950100,1
"30 NATHAN ST CANAAN, VT 05903 ",30,NATHAN ST,CANAAN,VT,05903,-71.540218,44.998453,50,009,950100,2
"101 W THOMAS RD LUNENBURG, VT 05906 ",101,W   THOMAS RD,LUNENBURG,VT,05906,-71.747955,44.42668,50,009,950500,3
"1933 OREGON RD CONCORD, VT 05906 ",1933,OREGON RD,CONCORD,VT,05906,-71.760013,44.439601,50,009,950500,2
"343 HYNES RD CONCORD, VT 05824 ",343,HYNES RD,CONCORD,VT,05824,-71.764344,44.41879,50,009,950500,2
"2362 POND HILL RD LUNENBURG, VT 05906 ",2362,POND HILL RD,LUNENBURG,VT,05906,-71.735849,44.50385,50,009,950500,1
"6340 GRANBY RD GRANBY, VT 05858 ",6340,GRANBY RD,GRANBY,VT,05858,-71.711551,44.577197,50,009,950500,1
"2207 LOST NATION RD EAST HAVEN, VT 05837 ",2207,LOST NATION RD,EAST HAVEN,VT,05837,-71.851152,44.688164,50,009,950500,1
"555 FULLER RD BLOOMFIELD, VT 05905 ",555,FULLER RD,BLOOMFIELD,VT,05905,-71.597621,44.790717,50,009,950100,1
"0 VT ROUTE 114 CANAAN, VT 05903 ",0,VT ROUTE 114,CANAAN,VT,05903,-71.617086,45.008995,50,009,950100,2
"96 ROSEBROOK HILL RD BRIGHTON, VT 05846 ",96,ROSEBROOK HILL RD,BRIGHTON,VT,05846,-71.910887,44.790748,50,009,950200,1
"1089 WESTSIDE LAKE RD MAIDSTONE, VT 05905 ",1089,WESTSIDE LAKE RD,MAIDSTONE,VT,05905,-71.652841,44.653104,50,009,950100,1
"251 POWER HOUSE RD CANAAN, VT 05903 ",251,POWER HOUSE RD,CANAAN,VT,05903,-71.532153,44.998822,50,009,950100,2
"0 COTTAGE RD AVERILL, VT 05901 ",0,COTTAGE RD,AVERILL,VT,05901,-71.705957,44.996804,50,009,950100,1
"0 KEMP HILL RD CANAAN, VT 05903 ",0,KEMP HILL RD,CANAAN,VT,05903,-71.544239,44.97898,50,009,950100,2
"502 CRANK RD BLOOMFIELD, VT 05905 ",502,CRANK RD,BLOOMFIELD,VT,05905,-71.580305,44.823733,50,009,950100,1
"421 KIMBALL RD LUNENBURG, VT 05906 ",421,KIMBALL RD,LUNENBURG,VT,05906,-71.701823,44.472193,50,009,950500,1
"341 TOBYNE RD LUNENBURG, VT 05906 ",341,TOBYNE RD,LUNENBURG,VT,05906,-71.745233,44.471343,50,009,950500,1
"2231 HURRICANE BROOK RD WARNERS GRANT, VT 05907 ",2231,HURRICANE BROOK RD,WARNERS GRANT,VT,05907,-71.897206,44.933529,50,009,950100,1
"3047 OREGON RD CONCORD, VT 05906 ",3047,OREGON RD,CONCORD,VT,05906,-71.752013,44.425047,50,009,950500,2
"0 AUBURN STAR RD LUNENBURG, VT 05906 ",0,AUBURN STAR RD,LUNENBURG,VT,05906,-71.624578,44.480095,50,009,950500,1
"74 EAGLES NEST RD LEWIS, VT 05907 ",74,EAGLES NEST RD,LEWIS,VT,05907,-71.756283,44.833196,50,009,950100,1
"1318 PORRELL RD GRANBY, VT 05858 ",1318,PORRELL RD,GRANBY,VT,05858,-71.75374,44.583531,50,009,950500,1
"49 OZZIE WOODS DR FERDINAND, VT 05846 ",49,OZZIE WOODS DR,FERDINAND,VT,05846,-71.824476,44.758101,50,009,950100,1
"236 LAKESHORE DR BRIGHTON, VT 05846 ",236,LAKESHORE DR,BRIGHTON,VT,05846,-71.865948,44.792035,50,009,950200,1
"1032 OREGON RD CONCORD, VT 05906 ",1032,OREGON RD,CONCORD,VT,05906,-71.76858,44.450779,50,009,950500,2
"201 SE POND RD LUNENBURG, VT 05906 ",201,SE   POND RD,LUNENBURG,VT,05906,-71.689353,44.484631,50,009,950500,1
"499 LEWIS POND TRL LEWIS, VT 05907 ",499,LEWIS POND TRL,LEWIS,VT,05907,-71.783697,44.883607,50,009,950100,1
"1450 SHADOW LAKE RD CONCORD, VT 05824 ",1450,SHADOW LAKE RD,CONCORD,VT,05824,-71.889522,44.409704,50,009,950500,2
"177 MEMORY LN BRIGHTON, VT 05846 ",177,MEMORY LN,BRIGHTON,VT,05846,-71.877687,44.806947,50,009,950200,1
"42 MOUNTAIN TOP FARM RD CONCORD, VT 05824 ",42,MOUNTAIN TOP FARM RD,CONCORD,VT,05824,-71.883253,44.404989,50,009,950500,2
"147 HATCHERY BROOK RD AVERILL, VT 05901 ",147,HATCHERY BROOK RD,AVERILL,VT,05901,-71.702175,44.963382,50,009,950100,1
"1011 FELLOWS RD GUILDHALL, VT 05905 ",1011,FELLOWS RD,GUILDHALL,VT,05905,-71.613972,44.517647,50,009,950500,1
"2431 VICTORY HL VICTORY, VT 05858 ",2431,VICTORY HL,VICTORY,VT,05858,-71.855081,44.541868,50,009,950500,1
"300 WALTERS FARM RD EAST HAVEN, VT 05837 ",300,WALTERS FARM RD,EAST HAVEN,VT,05837,-71.896978,44.648797,50,009,950500,1
"47 OZZIE WOODS DR FERDINAND, VT 05846 ",47,OZZIE WOODS DR,FERDINAND,VT,05846,-71.824547,44.758478,50,009,950100,1
"0 VT ROUTE 105 BLOOMFIELD, VT 05905 ",0,VT ROUTE 105,BLOOMFIELD,VT,05905,-71.643165,44.767686,50,009,950100,1
"1142 HENSHAW RD BRIGHTON, VT 05846 ",1142,HENSHAW RD,BRIGHTON,VT,05846,-71.850831,44.826883,50,009,950200,1
"280 LAKE RD LUNENBURG, VT 05906 ",280,LAKE RD,LUNENBURG,VT,05906,-71.688816,44.490599,50,009,950500,1
"2169 PAUL STREAM RD FERDINAND, VT 05905 ",2169,PAUL STREAM RD,FERDINAND,VT,05905,-71.700151,44.659418,50,009,950100,1
"399 HATCHERY BROOK RD AVERILL, VT 05901 ",399,HATCHERY BROOK RD,AVERILL,VT,05901,-71.697858,44.963353,50,009,950100,1
"0 BOBBIN MILL RD LUNENBURG, VT 05906 ",0,BOBBIN MILL RD,LUNENBURG,VT,05906,-71.671745,44.48395,50,009,950500,1
"3474 FELLOWS RD GUILDHALL, VT 05905 ",3474,FELLOWS RD,GUILDHALL,VT,05905,-71.632631,44.548944,50,009,950500,1
"3378 SHADOW LAKE RD CONCORD, VT 05824 ",3378,SHADOW LAKE RD,CONCORD,VT,05824,-71.863412,44.397893,50,009,950500,2
"80 SOUTH ST CONCORD, VT 05824 ",80,SOUTH ST,CONCORD,VT,05824,-71.885797,44.426778,50,009,950500,2
"235 MOISE WOOD RD BRIGHTON, VT 05846 ",235,MOISE WOOD RD,BRIGHTON,VT,05846,-71.865149,44.778796,50,009,950200,1
"3257 SIMS HILL RD LEMINGTON, VT 05903 ",3257,SIMS HILL RD,LEMINGTON,VT,05903,-71.600071,44.863095,50,009,950100,1
"0 VT ROUTE 105 BLOOMFIELD, VT 05905 ",0,VT ROUTE 105,BLOOMFIELD,VT,05905,-71.665257,44.778448,50,009,950100,1
"824 GIDEONS MILL RD BRIGHTON, VT 05846 ",824,GIDEONS MILL RD,BRIGHTON,VT,05846,-71.925263,44.817586,50,009,950200,1
"323 OREGON RD CONCORD, VT 05906 ",323,OREGON RD,CONCORD,VT,05906,-71.772135,44.461441,50,009,950500,2
"450 VT ROUTE 105 BLOOMFIELD, VT 05905 ",450,VT ROUTE 105,BLOOMFIELD,VT,05905,-71.637054,44.757103,50,009,950100,1
"4736 VT ROUTE 114 WARRENS GORE, VT 05907 ",4736,VT ROUTE 114,WARRENS GORE,VT,05907,-71.846564,44.945931,50,009,950100,1
"11 SOUTH ST CONCORD, VT 05824 ",11,SOUTH ST,CONCORD,VT,05824,-71.887287,44.426914,50,009,950500,2
"0 VT ROUTE 253 CANAAN, VT 05902 ",0,VT ROUTE 253,CANAAN,VT,05902,-71.508437,45.008797,50,009,950100,2
"3 MAPLE TREE LN CONCORD, VT 05824 ",3,MAPLE TREE LN,CONCORD,VT,05824,-71.871998,44.406643,50,009,950500,2
"351 MILTIMORE RD CONCORD, VT 05824 ",351,MILTIMORE RD,CONCORD,VT,05824,-71.894949,44.407366,50,009,950500,2
"0 VT ROUTE 102 BRUNSWICK, VT 05905 ",0,VT ROUTE 102,BRUNSWICK,VT,05905,-71.634414,44.719075,50,009,950100,1
"1151 JACKSON RD AVERILL, VT 05901 ",1151,JACKSON RD,AVERILL,VT,05901,-71.70279,44.975483,50,009,950100,1
"5164 VT ROUTE 102 MAIDSTONE, VT 05905 ",5164,VT ROUTE 102,MAIDSTONE,VT,05905,-71.559829,44.634383,50,009,950100,1
"580 FOREST LAKE RD AVERILL, VT 05901 ",580,FOREST LAKE RD,AVERILL,VT,05901,-71.698256,44.99616,50,009,950100,1
"241 LONG HILL RD CONCORD, VT 05824 ",241,LONG HILL RD,CONCORD,VT,05824,-71.877919,44.428003,50,009,950500,2
"0 E BRANCH RD BLOOMFIELD, VT 05905 ",0,E  BRANCH RD,BLOOMFIELD,VT,05905,-71.681946,44.835814,50,009,950100,1
"3037 HEAD OF THE POND RD BRIGHTON, VT 05846 ",3037,HEAD OF THE POND RD,BRIGHTON,VT,05846,-71.829446,44.781179,50,009,950200,1
"0 WALKER PIT RD LUNENBURG, VT 05906 ",0,WALKER PIT RD,LUNENBURG,VT,05906,-71.7394,44.409876,50,009,950500,3
"1110 VT ROUTE 253 CANAAN, VT 05902 ",1110,VT ROUTE 253,CANAAN,VT,05902,-71.507661,45.008298,50,009,950100,2
"560 COTTAGE RD AVERILL, VT 05901 ",560,COTTAGE RD,AVERILL,VT,05901,-71.70217,44.992379,50,009,950100,1
"66 LAKE RD LUNENBURG, VT 05906 ",66,LAKE RD,LUNENBURG,VT,05906,-71.689876,44.495847,50,009,950500,1
"0 GALE ST CANAAN, VT 05903 ",0,GALE ST,CANAAN,VT,05903,-71.540471,44.996709,50,009,950100,2
"0 FOURNIER RD LUNENBURG, VT 05906 ",0,FOURNIER RD,LUNENBURG,VT,05906,-71.724594,44.469658,50,009,950500,1
"284 HALL STREAM RD CANAAN, VT 05902 ",284,HALL STREAM RD,CANAAN,VT,05902,-71.499931,45.011494,50,009,950100,2
"524 FIVE MILE SQUARE RD BRIGHTON, VT 05846 ",524,FIVE MILE SQUARE RD,BRIGHTON,VT,05846,-71.903492,44.81904,50,009,950200,1
"0 COMMERCIAL AVE LUNENBURG, VT 05904 ",0,COMMERCIAL AVE,LUNENBURG,VT,05904,-71.720352,44.413616,50,009,950500,3
"2507 LOST NATION RD EAST HAVEN, VT 05837 ",2507,LOST NATION RD,EAST HAVEN,VT,05837,-71.848013,44.692356,50,009,950500,1
"73 KYMACK RD MAIDSTONE, VT 05905 ",73,KYMACK RD,MAIDSTONE,VT,05905,-71.588115,44.599636,50,009,950100,1
"370 DERBY ST BRIGHTON, VT 05846 ",370,DERBY ST,BRIGHTON,VT,05846,-71.886171,44.80904,50,009,950200,1
"2449 RIVER RD LUNENBURG, VT 05904 ",2449,RIVER RD,LUNENBURG,VT,05904,-71.70267,44.41564,50,009,950500,3
"56 SCENIC DR CANAAN, VT 05903 ",56,SCENIC DR,CANAAN,VT,05903,-71.613543,45.008102,50,009,950100,2
"454 MAILLETT RD LUNENBURG, VT 05906 ",454,MAILLETT RD,LUNENBURG,VT,05906,-71.69662,44.451189,50,009,950500,3
"276 WESLEY RD CONCORD, VT 05824 ",276,WESLEY RD,CONCORD,VT,05824,-71.85544,44.465257,50,009,950500,2
"2281 JACKSON RD AVERILL, VT 05901 ",2281,JACKSON RD,AVERILL,VT,05901,-71.70713,44.963977,50,009,950100,1
"549 FULLER RD BLOOMFIELD, VT 05905 ",549,FULLER RD,BLOOMFIELD,VT,05905,-71.597007,44.789774,50,009,950100,1
"8 NOTCH POND RD FERDINAND, VT 05905 ",8,NOTCH POND RD,FERDINAND,VT,05905,-71.722688,44.740827,50,009,950100,1
"1835 STONE DAM RD BLOOMFIELD, VT 05905 ",1835,STONE DAM RD,BLOOMFIELD,VT,05905,-71.700196,44.792345,50,009,950100,1
"97 LAKE EAST 1 MAIDSTONE, VT 05905 ",97,LAKE EAST 1,MAIDSTONE,VT,05905,-71.63999,44.656298,50,009,950100,1
"167 MAIN ST CONCORD, VT 05824 ",167,MAIN ST,CONCORD,VT,05824,-71.891981,44.429849,50,009,950500,2
"0 LAKE RD LUNENBURG, VT 05906 ",0,LAKE RD,LUNENBURG,VT,05906,-71.688949,44.492898,50,009,950500,1
"463 VT ROUTE 102 LEMINGTON, VT 05903 ",463,VT ROUTE 102,LEMINGTON,VT,05903,-71.522577,44.913886,50,009,950100,1
"0 HENSHAW ROAD SPUR BRIGHTON, VT 05846 ",0,HENSHAW ROAD SPUR,BRIGHTON,VT,05846,-71.855352,44.836011,50,009,950200,1
"141 RIVER RD CANAAN, VT 05902 ",141,RIVER RD,CANAAN,VT,05902,-71.504998,45.008873,50,009,950100,2
"146 MAPLE ST EAST HAVEN, VT 05837 ",146,MAPLE ST,EAST HAVEN,VT,05837,-71.890924,44.643743,50,009,950500,1
"2947 SHADOW LAKE RD CONCORD, VT 05824 ",2947,SHADOW LAKE RD,CONCORD,VT,05824,-71.86416,44.403081,50,009,950500,2
"0 HIGH RIDGE RD CONCORD, VT 05824 ",0,HIGH RIDGE RD,CONCORD,VT,05824,-71.864413,44.376787,50,009,950500,2
"92 SPENCER HILL RD BLOOMFIELD, VT 05905 ",92,SPENCER HILL RD,BLOOMFIELD,VT,05905,-71.633799,44.755294,50,009,950100,1
"456 RIVER RD CANAAN, VT 05902 ",456,RIVER RD,CANAAN,VT,05902,-71.499707,45.006226,50,009,950100,2
"772 LEONARD HILL RD CONCORD, VT 05824 ",772,LEONARD HILL RD,CONCORD,VT,05824,-71.769689,44.424896,50,009,950500,2
"0 W MAIN ST LUNENBURG, VT 05906 ",0,W  MAIN ST,LUNENBURG,VT,05906,-71.684472,44.462498,50,009,950500,3
"0 RIVA VUE RD LUNENBURG, VT 05906 ",0,RIVA VUE RD,LUNENBURG,VT,05906,-71.671949,44.480809,50,009,950500,1
"0 POND HILL RD LUNENBURG, VT 05906 ",0,POND HILL RD,LUNENBURG,VT,05906,-71.701565,44.491163,50,009,950500,1
"3135 E BRANCH RD BLOOMFIELD, VT 05905 ",3135,E   BRANCH RD,BLOOMFIELD,VT,05905,-71.672052,44.820395,50,009,950100,1
"56 JEFFERSON AVE LUNENBURG, VT 05904 ",56,JEFFERSON AVE,LUNENBURG,VT,05904,-71.720916,44.414397,50,009,950500,3
"5603 LEONARD HILL RD CONCORD, VT 05824 ",5603,LEONARD HILL RD,CONCORD,VT,05824,-71.860489,44.407391,50,009,950500,2
"0 BOBBIN MILL RD LUNENBURG, VT 05906 ",0,BOBBIN MILL RD,LUNENBURG,VT,05906,-71.681241,44.47103,50,009,950500,1
"4170 VT ROUTE 114 CANAAN, VT 05903 ",4170,VT ROUTE 114,CANAAN,VT,05903,-71.621702,45.010195,50,009,950100,2
"1285 VT ROUTE 114 EAST HAVEN, VT 05837 ",1285,VT ROUTE 114,EAST HAVEN,VT,05837,-71.891832,44.657497,50,009,950500,1
"107 DEVOST LN NORTON, VT 05907 ",107,DEVOST LN,NORTON,VT,05907,-71.849076,44.947977,50,009,950100,1
"162 S LUNENBURG RD LUNENBURG, VT 05906 ",162,S  LUNENBURG RD,LUNENBURG,VT,05906,-71.682996,44.458436,50,009,950500,3
"668 CAMPERS LN CONCORD, VT 05824 ",668,CAMPERS LN,CONCORD,VT,05824,-71.806754,44.444453,50,009,950500,2
"212 CAMPERS LN CONCORD, VT 05824 ",212,CAMPERS LN,CONCORD,VT,05824,-71.798855,44.446037,50,009,950500,2
"99 KIMBALL RD LUNENBURG, VT 05906 ",99,KIMBALL RD,LUNENBURG,VT,05906,-71.69578,44.464196,50,009,950500,1
"178 MOUNTAIN ST BRIGHTON, VT 05846 ",178,MOUNTAIN ST,BRIGHTON,VT,05846,-71.880321,44.818865,50,009,950200,1
"371 BLUEBERRY LN BRIGHTON, VT 05846 ",371,BLUEBERRY LN,BRIGHTON,VT,05846,-71.86877,44.795859,50,009,950200,1
"0 RIVERSIDE AVE LUNENBURG, VT 05906 ",0,RIVERSIDE AVE,LUNENBURG,VT,05906,-71.724175,44.412077,50,009,950500,3
"91 NORTON RD BRIGHTON, VT 05846 ",91,NORTON RD,BRIGHTON,VT,05846,-71.902755,44.826264,50,009,950200,1
"0 KIMBALL RD LUNENBURG, VT 05906 ",0,KIMBALL RD,LUNENBURG,VT,05906,-71.697115,44.468674,50,009,950500,1
"0 TEMPLE BARWAY RD LUNENBURG, VT 05906 ",0,TEMPLE BARWAY RD,LUNENBURG,VT,05906,-71.731825,44.509201,50,009,950500,1
"6512 VT ROUTE 114 CANAAN, VT 05903 ",6512,VT ROUTE 114,CANAAN,VT,05903,-71.668847,45.007335,50,009,950100,2
"511 CRANK RD BLOOMFIELD, VT 05905 ",511,CRANK RD,BLOOMFIELD,VT,05905,-71.584357,44.826378,50,009,950100,1
"2365 NORTH RD MAIDSTONE, VT 05905 ",2365,NORTH RD,MAIDSTONE,VT,05905,-71.592468,44.597003,50,009,950100,1
"1107 PLEASANT ST BRIGHTON, VT 05846 ",1107,PLEASANT ST,BRIGHTON,VT,05846,-71.872395,44.797259,50,009,950200,1
"2303 LEONARD HILL RD CONCORD, VT 05824 ",2303,LEONARD HILL RD,CONCORD,VT,05824,-71.798729,44.423279,50,009,950500,2
"1406 LAKESHORE DR BRIGHTON, VT 05846 ",1406,LAKESHORE DR,BRIGHTON,VT,05846,-71.856412,44.804535,50,009,950200,1
"669 WHEATON RD CONCORD, VT 05824 ",669,WHEATON RD,CONCORD,VT,05824,-71.86369,44.429627,50,009,950500,2
"185 RAILROAD ST BRIGHTON, VT 05846 ",185,RAILROAD ST,BRIGHTON,VT,05846,-71.884818,44.815688,50,009,950200,1
"38 HAVEN ST EAST HAVEN, VT 05837 ",38,HAVEN ST,EAST HAVEN,VT,05837,-71.889948,44.64264,50,009,950500,1
"803 VT ROUTE 114 CANAAN, VT 05903 ",803,VT ROUTE 114,CANAAN,VT,05903,-71.556901,45.006905,50,009,950100,2
"0 RIVER RD LUNENBURG, VT 05906 ",0,RIVER RD,LUNENBURG,VT,05906,-71.658099,44.45086,50,009,950500,3
"5506 VT ROUTE 114 CANAAN, VT 05903 ",5506,VT ROUTE 114,CANAAN,VT,05903,-71.647417,45.007731,50,009,950100,2
"6829 VT ROUTE 102 GUILDHALL, VT 05905 ",6829,VT ROUTE 102,GUILDHALL,VT,05905,-71.568115,44.565666,50,009,950500,1
"14 BOBBIN MILL RD LUNENBURG, VT 05906 ",14,BOBBIN MILL RD,LUNENBURG,VT,05906,-71.682168,44.463465,50,009,950500,1
"0 SUNRISE ACRES LUNENBURG, VT 05906 ",0,SUNRISE ACRES,LUNENBURG,VT,05906,-71.659567,44.464169,50,009,950500,3
"0 SIMONDS RD LUNENBURG, VT 05906 ",0,SIMONDS RD,LUNENBURG,VT,05906,-71.657452,44.499807,50,009,950500,1
"266 MOUNTAIN ST BRIGHTON, VT 05846 ",266,MOUNTAIN ST,BRIGHTON,VT,05846,-71.879966,44.819953,50,009,950200,1
"161 TAYLOR RD BRIGHTON, VT 05846 ",161,TAYLOR RD,BRIGHTON,VT,05846,-71.844603,44.76951,50,009,950200,1
"1051 TORNADO RD BLOOMFIELD, VT 05905 ",1051,TORNADO RD,BLOOMFIELD,VT,05905,-71.707554,44.790549,50,009,950100,1
"1002 MOUNTAIN RD EAST HAVEN, VT 05837 ",1002,MOUNTAIN RD,EAST HAVEN,VT,05837,-71.874106,44.643542,50,009,950500,1
"116 BAUMANN RD NORTON, VT 05907 ",116,BAUMANN RD,NORTON,VT,05907,-71.799439,45.00941,50,009,950100,1
"805 HEAD OF THE POND RD BRIGHTON, VT 05846 ",805,HEAD OF THE POND RD,BRIGHTON,VT,05846,-71.861399,44.781823,50,009,950200,1
"949 GAUDETTE RD NORTON, VT 05907 ",949,GAUDETTE RD,NORTON,VT,05907,-71.748714,44.98473,50,009,950100,1
"328 WALTERS FARM RD EAST HAVEN, VT 05837 ",328,WALTERS FARM RD,EAST HAVEN,VT,05837,-71.898428,44.649976,50,009,950500,1
"0 JEFFERSON AVE LUNENBURG, VT 05904 ",0,JEFFERSON AVE,LUNENBURG,VT,05904,-71.722224,44.413715,50,009,950500,3
"178 JACKSON LODGE VLG CANAAN, VT 05903 ",178,JACKSON LODGE VLG,CANAAN,VT,05903,-71.613406,45.012122,50,009,950100,2
"46 MOUNT VIEW LN CONCORD, VT 05824 ",46,MOUNT VIEW LN,CONCORD,VT,05824,-71.875077,44.403081,50,009,950500,2
"201 SERENITY WAY VICTORY, VT 05858 ",201,SERENITY WAY,VICTORY,VT,05858,-71.760512,44.56481,50,009,950500,1
"367 LUND LN GRANBY, VT 05858 ",367,LUND LN,GRANBY,VT,05858,-71.778746,44.583582,50,009,950500,1
"0 BAPTIST HILL RD LUNENBURG, VT 05906 ",0,BAPTIST HILL RD,LUNENBURG,VT,05906,-71.705843,44.453528,50,009,950500,3
"220 CHRISTIAN HL CANAAN, VT 05903 ",220,CHRISTIAN HL,CANAAN,VT,05903,-71.535221,44.998373,50,009,950100,2
"458 COTTAGE RD AVERILL, VT 05901 ",458,COTTAGE RD,AVERILL,VT,05901,-71.703224,44.993078,50,009,950100,1
"63 PARISEAU DR CANAAN, VT 05902 ",63,PARISEAU DR,CANAAN,VT,05902,-71.498583,45.005538,50,009,950100,2
"582 OREGON RD CONCORD, VT 05906 ",582,OREGON RD,CONCORD,VT,05906,-71.771187,44.457302,50,009,950500,2
"1195 PROSPECT ST CONCORD, VT 05824 ",1195,PROSPECT ST,CONCORD,VT,05824,-71.899397,44.412761,50,009,950500,2
"1101 LAMOTTE RD GUILDHALL, VT 05905 ",1101,LAMOTTE RD,GUILDHALL,VT,05905,-71.654691,44.519413,50,009,950500,1
"824 CHARLESTON RD BRIGHTON, VT 05846 ",824,CHARLESTON RD,BRIGHTON,VT,05846,-71.902343,44.802925,50,009,950200,1
"291 DERBY ST BRIGHTON, VT 05846 ",291,DERBY ST,BRIGHTON,VT,05846,-71.884981,44.809825,50,009,950200,1
"6624 GRANBY RD GRANBY, VT 05858 ",6624,GRANBY RD,GRANBY,VT,05858,-71.716185,44.577254,50,009,950500,1
"513 GAUDETTE RD NORTON, VT 05907 ",513,GAUDETTE RD,NORTON,VT,05907,-71.749415,44.991229,50,009,950100,1
"3660 PAUL STREAM RD FERDINAND, VT 05905 ",3660,PAUL STREAM RD,FERDINAND,VT,05905,-71.681481,44.651403,50,009,950100,1
"865 RAILROAD ST BRIGHTON, VT 05846 ",865,RAILROAD ST,BRIGHTON,VT,05846,-71.894764,44.822539,50,009,950200,1
"34 SWEETPEA LN CONCORD, VT 05824 ",34,SWEETPEA LN,CONCORD,VT,05824,-71.811535,44.449887,50,009,950500,2
"147 HORN OF THE MOON RD LUNENBURG, VT 05906 ",147,HORN OF THE MOON RD,LUNENBURG,VT,05906,-71.759824,44.483395,50,009,950500,1
"62 CROSS ST BRIGHTON, VT 05846 ",62,CROSS ST,BRIGHTON,VT,05846,-71.881341,44.814218,50,009,950200,1
"0 POND HILL RD LUNENBURG, VT 05906 ",0,POND HILL RD,LUNENBURG,VT,05906,-71.69475,44.482263,50,009,950500,1
"344 CAMPERS LN CONCORD, VT 05824 ",344,CAMPERS LN,CONCORD,VT,05824,-71.801028,44.446589,50,009,950500,2
"73 COTE DR CANAAN, VT 05903 ",73,COTE DR,CANAAN,VT,05903,-71.640851,45.004519,50,009,950100,2
"242 MIDDLE ST BRIGHTON, VT 05846 ",242,MIDDLE ST,BRIGHTON,VT,05846,-71.88569,44.818893,50,009,950200,1
"356 MAIN ST CONCORD, VT 05824 ",356,MAIN ST,CONCORD,VT,05824,-71.888481,44.428647,50,009,950500,2
"42 ELM ST LUNENBURG, VT 05904 ",42,ELM ST,LUNENBURG,VT,05904,-71.71833,44.414545,50,009,950500,3
"0 MAIDSTONE LAKE RD MAIDSTONE, VT 05905 ",0,MAIDSTONE LAKE RD,MAIDSTONE,VT,05905,-71.640135,44.650447,50,009,950100,1
"504 SIMONDS RD LUNENBURG, VT 05906 ",504,SIMONDS RD,LUNENBURG,VT,05906,-71.642238,44.496179,50,009,950500,1
"270 JACKSON LODGE RD CANAAN, VT 05903 ",270,JACKSON LODGE RD,CANAAN,VT,05903,-71.609609,45.010976,50,009,950100,2
"0 GRAHAM RD BLOOMFIELD, VT 05905 ",0,GRAHAM RD,BLOOMFIELD,VT,05905,-71.636789,44.754355,50,009,950100,1
"4 POWER HOUSE RD CANAAN, VT 05903 ",4,POWER HOUSE RD,CANAAN,VT,05903,-71.535138,44.996017,50,009,950100,2
"928 MILL RD LEMINGTON, VT 05903 ",928,MILL RD,LEMINGTON,VT,05903,-71.559261,44.877288,50,009,950100,1
"84 LAKE RD LUNENBURG, VT 05906 ",84,LAKE RD,LUNENBURG,VT,05906,-71.689394,44.495395,50,009,950500,1
"980 PARADIS MOUNTAIN RD BRIGHTON, VT 05846 ",980,PARADIS MOUNTAIN RD,BRIGHTON,VT,05846,-71.885564,44.791948,50,009,950200,1
"1565 COLBY RD LUNENBURG, VT 05906 ",1565,COLBY RD,LUNENBURG,VT,05906,-71.674591,44.519951,50,009,950500,1
"3165 SHADOW LAKE RD CONCORD, VT 05824 ",3165,SHADOW LAKE RD,CONCORD,VT,05824,-71.861001,44.400516,50,009,950500,2
"34 PRIVATE WEST 5 MAIDSTONE, VT 05905 ",34,PRIVATE WEST 5,MAIDSTONE,VT,05905,-71.652754,44.654198,50,009,950100,1
"3189 VT ROUTE 114 S NORTON, VT 05907 ",3189,VT ROUTE 114  S,NORTON,VT,05907,-71.817196,44.967447,50,009,950100,1
"226 COTTAGE DR BRIGHTON, VT 05846 ",226,COTTAGE DR,BRIGHTON,VT,05846,-71.873223,44.800107,50,009,950200,1
"110 KINGSLEY RD CANAAN, VT 05903 ",110,KINGSLEY RD,CANAAN,VT,05903,-71.534873,44.997223,50,009,950100,2
"5253 VT ROUTE 102 BLOOMFIELD, VT 05905 ",5253,VT ROUTE 102,BLOOMFIELD,VT,05905,-71.574423,44.806851,50,009,950100,1
"1531 WESTSIDE LAKE RD MAIDSTONE, VT 05905 ",1531,WESTSIDE LAKE RD,MAIDSTONE,VT,05905,-71.652807,44.647148,50,009,950100,1
"2058 W LUNENBURG RD LUNENBURG, VT 05906 ",2058,W  LUNENBURG RD,LUNENBURG,VT,05906,-71.772999,44.465471,50,009,950500,1
"5128 SHADOW LAKE RD CONCORD, VT 05824 ",5128,SHADOW LAKE RD,CONCORD,VT,05824,-71.855225,44.376181,50,009,950500,2
"0 WESTSIDE LAKE RD MAIDSTONE, VT 05905 ",0,WESTSIDE LAKE RD,MAIDSTONE,VT,05905,-71.651752,44.651133,50,009,950100,1
"1722 CHARLESTON RD BRIGHTON, VT 05846 ",1722,CHARLESTON RD,BRIGHTON,VT,05846,-71.916187,44.802182,50,009,950200,1
"155 MAPLE ST EAST HAVEN, VT 05837 ",155,MAPLE ST,EAST HAVEN,VT,05837,-71.891006,44.644037,50,009,950500,1
"784 PORRELL RD GRANBY, VT 05858 ",784,PORRELL RD,GRANBY,VT,05858,-71.762216,44.579286,50,009,950500,1
"0 FOURNIER RD LUNENBURG, VT 05906 ",0,FOURNIER RD,LUNENBURG,VT,05906,-71.730176,44.473068,50,009,950500,1
"4727 E BRIGHTON RD BRIGHTON, VT 05846 ",4727,E  BRIGHTON RD,BRIGHTON,VT,05846,-71.806572,44.786118,50,009,950200,1
"0 LANCASTER RD LUNENBURG, VT 05906 ",0,LANCASTER RD,LUNENBURG,VT,05906,-71.634809,44.483465,50,009,950500,1
"1602 MORIN RD GUILDHALL, VT 05905 ",1602,MORIN RD,GUILDHALL,VT,05905,-71.625665,44.506406,50,009,950500,1
"354 LEOS LN NORTON, VT 05907 ",354,LEOS LN,NORTON,VT,05907,-71.76896,44.999771,50,009,950100,1
"12 RAILROAD ST BRIGHTON, VT 05846 ",12,RAILROAD ST,BRIGHTON,VT,05846,-71.881625,44.815473,50,009,950200,1
"104 RUSZIN DR CONCORD, VT 05824 ",104,RUSZIN DR,CONCORD,VT,05824,-71.818269,44.394536,50,009,950500,2
"40 PATNAUDE HILL RD BLOOMFIELD, VT 05905 ",40,PATNAUDE HILL RD,BLOOMFIELD,VT,05905,-71.634167,44.751087,50,009,950100,1
"797 TODD HILL RD LEMINGTON, VT 05903 ",797,TODD HILL RD,LEMINGTON,VT,05903,-71.560102,44.920752,50,009,950100,1
"0 LAKE ACCESS RD CANAAN, VT 05903 ",0,LAKE ACCESS RD,CANAAN,VT,05903,-71.634637,45.011028,50,009,950100,2
"5619 VT ROUTE 105 BRUNSWICK, VT 05905 ",5619,VT ROUTE 105,BRUNSWICK,VT,05905,-71.705682,44.76473,50,009,950100,1
"386 LAKE ST BRIGHTON, VT 05846 ",386,LAKE ST,BRIGHTON,VT,05846,-71.863545,44.812086,50,009,950200,1
"3265 EAST HAVEN RD BRIGHTON, VT 05846 ",3265,EAST HAVEN RD,BRIGHTON,VT,05846,-71.890392,44.757265,50,009,950200,1
"835 RIVER RD LUNENBURG, VT 05906 ",835,RIVER RD,LUNENBURG,VT,05906,-71.662082,44.443992,50,009,950500,3
"521 RAILROAD ST BRIGHTON, VT 05846 ",521,RAILROAD ST,BRIGHTON,VT,05846,-71.88918,44.819376,50,009,950200,1
"24 E MAIN ST LUNENBURG, VT 05906 ",24,E   MAIN ST,LUNENBURG,VT,05906,-71.681567,44.463066,50,009,950500,3
"49 CROSS ST BRIGHTON, VT 05846 ",49,CROSS ST,BRIGHTON,VT,05846,-71.880806,44.814372,50,009,950200,1
"93 CHURCH HILL RD NORTON, VT 05907 ",93,CHURCH HILL RD,NORTON,VT,05907,-71.798096,45.001584,50,009,950100,1
"3356 VT ROUTE 102 BRUNSWICK, VT 05905 ",3356,VT ROUTE 102,BRUNSWICK,VT,05905,-71.609594,44.711273,50,009,950100,1
"2700 MARKS RD AVERYS GORE, VT 05907 ",2700,MARKS RD,AVERYS GORE,VT,05907,-71.819654,44.929632,50,009,950100,1
"19 DALE AVE BRIGHTON, VT 05846 ",19,DALE AVE,BRIGHTON,VT,05846,-71.882318,44.810773,50,009,950200,1
"1242 CANAAN HILL RD AVERILL, VT 05901 ",1242,CANAAN HILL RD,AVERILL,VT,05901,-71.658182,44.982402,50,009,950100,1
"336 ROSEBROOK HILL RD BRIGHTON, VT 05846 ",336,ROSEBROOK HILL RD,BRIGHTON,VT,05846,-71.914539,44.789565,50,009,950200,1
"202 BLUEBERRY LN BRIGHTON, VT 05846 ",202,BLUEBERRY LN,BRIGHTON,VT,05846,-71.871897,44.797604,50,009,950200,1
"1445 HENSHAW RD BRIGHTON, VT 05846 ",1445,HENSHAW RD,BRIGHTON,VT,05846,-71.850013,44.831118,50,009,950200,1
"355 BOBBIN MILL RD LUNENBURG, VT 05906 ",355,BOBBIN MILL RD,LUNENBURG,VT,05906,-71.679888,44.472415,50,009,950500,1
"1539 BRADLEY VALE RD CONCORD, VT 05824 ",1539,BRADLEY VALE RD,CONCORD,VT,05824,-71.885255,44.459814,50,009,950500,2
"278 COWAN RD AVERILL, VT 05901 ",278,COWAN RD,AVERILL,VT,05901,-71.706382,44.960925,50,009,950100,1
"0 HIGH RIDGE RD CONCORD, VT 05824 ",0,HIGH RIDGE RD,CONCORD,VT,05824,-71.866507,44.377468,50,009,950500,2
"528 KLUNDER HILL RD NORTON, VT 05907 ",528,KLUNDER HILL RD,NORTON,VT,05907,-71.745833,44.994915,50,009,950100,1
"1449 BRADLEY VALE RD CONCORD, VT 05824 ",1449,BRADLEY VALE RD,CONCORD,VT,05824,-71.884187,44.460832,50,009,950500,2
"0 MAIDSTONE LAKE RD MAIDSTONE, VT 05905 ",0,MAIDSTONE LAKE RD,MAIDSTONE,VT,05905,-71.648708,44.665882,50,009,950100,1
"317 MUD POND PASS GRANBY, VT 05858 ",317,MUD POND PASS,GRANBY,VT,05858,-71.736405,44.57866,50,009,950500,1
"201 COMMERCIAL AVE LUNENBURG, VT 05904 ",201,COMMERCIAL AVE,LUNENBURG,VT,05904,-71.722591,44.413072,50,009,950500,3
"226 VICTORY RD CONCORD, VT 05858 ",226,VICTORY RD,CONCORD,VT,05858,-71.860223,44.470586,50,009,950500,2
"2472 LAMOTTE RD GUILDHALL, VT 05905 ",2472,LAMOTTE RD,GUILDHALL,VT,05905,-71.648294,44.535848,50,009,950500,1
"56 E MAIN ST LUNENBURG, VT 05906 ",56,E   MAIN ST,LUNENBURG,VT,05906,-71.68022,44.461833,50,009,950500,3
"0 PARISEAU DR CANAAN, VT 05902 ",0,PARISEAU DR,CANAAN,VT,05902,-71.498727,45.005055,50,009,950100,2
"4067 VT ROUTE 102 CANAAN, VT 05903 ",4067,VT ROUTE 102,CANAAN,VT,05903,-71.52797,44.963654,50,009,950100,2
"509 STAGECOACH RD CONCORD, VT 05824 ",509,STAGECOACH RD,CONCORD,VT,05824,-71.849892,44.404587,50,009,950500,2
"537 VT ROUTE 105 FERDINAND, VT 05846 ",537,VT ROUTE 105,FERDINAND,VT,05846,-71.793124,44.78345,50,009,950100,1
"1217 BAPTIST HILL RD LUNENBURG, VT 05906 ",1217,BAPTIST HILL RD,LUNENBURG,VT,05906,-71.722201,44.43492,50,009,950500,3
"790 NEWARK RD BRIGHTON, VT 05846 ",790,NEWARK RD,BRIGHTON,VT,05846,-71.923043,44.781129,50,009,950200,1
"376 CAMPERS LN CONCORD, VT 05824 ",376,CAMPERS LN,CONCORD,VT,05824,-71.801683,44.446745,50,009,950500,2
"540 TODD HILL RD LEMINGTON, VT 05903 ",540,TODD HILL RD,LEMINGTON,VT,05903,-71.557215,44.923723,50,009,950100,1
"0 VT ROUTE 114 CANAAN, VT 05903 ",0,VT ROUTE 114,CANAAN,VT,05903,-71.591135,45.006931,50,009,950100,2
"213 SOUTH ST BRIGHTON, VT 05846 ",213,SOUTH ST,BRIGHTON,VT,05846,-71.88245,44.816265,50,009,950200,1
"0 RIVER RD LUNENBURG, VT 05906 ",0,RIVER RD,LUNENBURG,VT,05906,-71.68985,44.430203,50,009,950500,3
"75 PORRELL RD GRANBY, VT 05858 ",75,PORRELL RD,GRANBY,VT,05858,-71.76039,44.570137,50,009,950500,1
"0 TOBYNE RD LUNENBURG, VT 05906 ",0,TOBYNE RD,LUNENBURG,VT,05906,-71.740296,44.468965,50,009,950500,1
"30 BEECH ST LUNENBURG, VT 05904 ",30,BEECH ST,LUNENBURG,VT,05904,-71.719663,44.412652,50,009,950500,3
"288 MAIN ST CONCORD, VT 05824 ",288,MAIN ST,CONCORD,VT,05824,-71.889872,44.428622,50,009,950500,2
"0 W MAIN ST LUNENBURG, VT 05906 ",0,W  MAIN ST,LUNENBURG,VT,05906,-71.69154,44.461666,50,009,950500,3
"163 FAY RD FERDINAND, VT 05846 ",163,FAY RD,FERDINAND,VT,05846,-71.77746,44.783732,50,009,950100,1
"8 BEACH DR CONCORD, VT 05858 ",8,BEACH DR,CONCORD,VT,05858,-71.804065,44.450366,50,009,950500,2
"731 LECLAIR RD CONCORD, VT 05824 ",731,LECLAIR RD,CONCORD,VT,05824,-71.835893,44.397577,50,009,950500,2
"28 RIVERSIDE AVE LUNENBURG, VT 05904 ",28,RIVERSIDE AVE,LUNENBURG,VT,05904,-71.720185,44.412348,50,009,950500,3
"5261 VT ROUTE 114 S NORTON, VT 05907 ",5261,VT ROUTE 114   S,NORTON,VT,05907,-71.846589,44.947164,50,009,950100,1
"131 FORMOR RD CONCORD, VT 05824 ",131,FORMOR RD,CONCORD,VT,05824,-71.896493,44.424348,50,009,950500,2
"4292 MAIDSTONE LAKE RD MAIDSTONE, VT 05905 ",4292,MAIDSTONE LAKE RD,MAIDSTONE,VT,05905,-71.641596,44.660201,50,009,950100,1
"553 VT ROUTE 102 CANAAN, VT 05903 ",553,VT ROUTE 102,CANAAN,VT,05903,-71.514488,44.917066,50,009,950100,2
"0 RIVERSIDE AVE LUNENBURG, VT 05906 ",0,RIVERSIDE AVE,LUNENBURG,VT,05906,-71.72562,44.412241,50,009,950500,3
"6224 VT ROUTE 102 GUILDHALL, VT 05905 ",6224,VT ROUTE 102,GUILDHALL,VT,05905,-71.580395,44.566531,50,009,950500,1
"603 LADD RD CONCORD, VT 05824 ",603,LADD RD,CONCORD,VT,05824,-71.856801,44.459564,50,009,950500,2
"420 GRANBY RD GUILDHALL, VT 05905 ",420,GRANBY RD,GUILDHALL,VT,05905,-71.609141,44.558194,50,009,950500,1
"6489 VT ROUTE 102 LEMINGTON, VT 05905 ",6489,VT ROUTE 102,LEMINGTON,VT,05905,-71.507656,44.901389,50,009,950100,1
"514 DERBY ST BRIGHTON, VT 05846 ",514,DERBY ST,BRIGHTON,VT,05846,-71.887505,44.807212,50,009,950200,1
"357 PAUL BUNYAN RD BRIGHTON, VT 05846 ",357,PAUL BUNYAN RD,BRIGHTON,VT,05846,-71.911585,44.780513,50,009,950200,1
"1010 EAST HAVEN RD BRIGHTON, VT 05846 ",1010,EAST HAVEN RD,BRIGHTON,VT,05846,-71.91163,44.783731,50,009,950200,1
"1673 WESTSIDE LAKE RD MAIDSTONE, VT 05905 ",1673,WESTSIDE LAKE RD,MAIDSTONE,VT,05905,-71.655639,44.646917,50,009,950100,1
"42 ED BATES RD AVERILL, VT 05901 ",42,ED BATES RD,AVERILL,VT,05901,-71.715676,44.98586,50,009,950100,1
"0 W MAIN ST LUNENBURG, VT 05906 ",0,W  MAIN ST,LUNENBURG,VT,05906,-71.687568,44.46304,50,009,950500,1
"385 BLUEBERRY LN BRIGHTON, VT 05846 ",385,BLUEBERRY LN,BRIGHTON,VT,05846,-71.868514,44.795616,50,009,950200,1
"1341 LANCASTER RD LUNENBURG, VT 05906 ",1341,LANCASTER RD,LUNENBURG,VT,05906,-71.618214,44.486425,50,009,950500,1
"0 LAKE EAST 1 MAIDSTONE, VT 05905 ",0,LAKE EAST 1,MAIDSTONE,VT,05905,-71.639453,44.655593,50,009,950100,1
"3031 SHADOW LAKE RD CONCORD, VT 05824 ",3031,SHADOW LAKE RD,CONCORD,VT,05824,-71.862908,44.402261,50,009,950500,2
"4582 VT ROUTE 114 CANAAN, VT 05903 ",4582,VT ROUTE 114,CANAAN,VT,05903,-71.62984,45.009892,50,009,950100,2
"2833 JACKSON RD AVERILL, VT 05901 ",2833,JACKSON RD,AVERILL,VT,05901,-71.717831,44.962465,50,009,950100,1
"1022 CAMPERS LN CONCORD, VT 05824 ",1022,CAMPERS LN,CONCORD,VT,05824,-71.813121,44.443631,50,009,950500,2
"1043 VT ROUTE 114 S NORTON, VT 05907 ",1043,VT ROUTE 114   S,NORTON,VT,05907,-71.803529,44.995125,50,009,950100,1
"5876 MAIDSTONE LAKE RD MAIDSTONE, VT 05905 ",5876,MAIDSTONE LAKE RD,MAIDSTONE,VT,05905,-71.644617,44.641539,50,009,950100,1
"5449 VT ROUTE 102 MAIDSTONE, VT 05905 ",5449,VT ROUTE 102,MAIDSTONE,VT,05905,-71.564824,44.636452,50,009,950100,1
"229 MILTIMORE RD CONCORD, VT 05824 ",229,MILTIMORE RD,CONCORD,VT,05824,-71.892936,44.408145,50,009,950500,2
"291 SE POND RD LUNENBURG, VT 05906 ",291,SE   POND RD,LUNENBURG,VT,05906,-71.688552,44.487266,50,009,950500,1
"505 GALE ST CANAAN, VT 05903 ",505,GALE ST,CANAAN,VT,05903,-71.543485,44.999147,50,009,950100,2
"188 E MAIN ST CONCORD, VT 05824 ",188,E   MAIN ST,CONCORD,VT,05824,-71.87719,44.44294,50,009,950500,2
"6173 GRANBY RD GRANBY, VT 05858 ",6173,GRANBY RD,GRANBY,VT,05858,-71.70958,44.574552,50,009,950500,1
"127 ED BATES RD AVERILL, VT 05901 ",127,ED BATES RD,AVERILL,VT,05901,-71.717379,44.987135,50,009,950100,1
"596 WILLSON RD CONCORD, VT 05858 ",596,WILLSON RD,CONCORD,VT,05858,-71.868898,44.476037,50,009,950500,2
"940 MOISE WOOD RD BRIGHTON, VT 05846 ",940,MOISE WOOD RD,BRIGHTON,VT,05846,-71.862632,44.770116,50,009,950200,1
"1820 EAST HAVEN RD BRIGHTON, VT 05846 ",1820,EAST HAVEN RD,BRIGHTON,VT,05846,-71.908199,44.772028,50,009,950200,1
"32 VICTORY RD CONCORD, VT 05858 ",32,VICTORY RD,CONCORD,VT,05858,-71.856852,44.469067,50,009,950500,2
"313 TOBYNE RD LUNENBURG, VT 05906 ",313,TOBYNE RD,LUNENBURG,VT,05906,-71.744317,44.470445,50,009,950500,1
"1076 HURRICANE BROOK RD WARRENS GORE, VT 05907 ",1076,HURRICANE BROOK RD,WARRENS GORE,VT,05907,-71.879904,44.921678,50,009,950100,1
"0 LAKE RD LUNENBURG, VT 05906 ",0,LAKE RD,LUNENBURG,VT,05906,-71.688854,44.493337,50,009,950500,1
"652 CAMPERS LN CONCORD, VT 05824 ",652,CAMPERS LN,CONCORD,VT,05824,-71.806637,44.44458,50,009,950500,2
"631 TEN MILE SQUARE RD BRIGHTON, VT 05846 ",631,TEN MILE SQUARE RD,BRIGHTON,VT,05846,-71.914842,44.827146,50,009,950200,1
"0 RIVER RD CANAAN, VT 05902 ",0,RIVER RD,CANAAN,VT,05902,-71.501449,45.007651,50,009,950100,2
"267 CEDAR ST CONCORD, VT 05906 ",267,CEDAR ST,CONCORD,VT,05906,-71.754749,44.427302,50,009,950500,2
"641 VT ROUTE 105 FERDINAND, VT 05846 ",641,VT ROUTE 105,FERDINAND,VT,05846,-71.791115,44.783102,50,009,950100,1
"0 CLAY BROOK RD CANAAN, VT 05903 ",0,CLAY BROOK RD,CANAAN,VT,05903,-71.584772,44.969067,50,009,950100,2
"3039 VT ROUTE 102 BLOOMFIELD, VT 05905 ",3039,VT ROUTE 102,BLOOMFIELD,VT,05905,-71.59477,44.782449,50,009,950100,1
"104 NORTON LAKE ACCESS RD WARRENS GORE, VT 05907 ",104,NORTON LAKE ACCESS RD,WARRENS GORE,VT,05907,-71.871403,44.925973,50,009,950100,1
"812 CLAY BROOK RD CANAAN, VT 05903 ",812,CLAY BROOK RD,CANAAN,VT,05903,-71.592386,44.961985,50,009,950100,2
"56 RAILROAD AVE NORTON, VT 05907 ",56,RAILROAD AVE,NORTON,VT,05907,-71.800527,45.005149,50,009,950100,1
"93 SPECTACLE POND RD BRIGHTON, VT 05846 ",93,SPECTACLE POND RD,BRIGHTON,VT,05846,-71.855846,44.801306,50,009,950200,1
"0 WESTSIDE LAKE RD MAIDSTONE, VT 05905 ",0,WESTSIDE LAKE RD,MAIDSTONE,VT,05905,-71.662091,44.637999,50,009,950100,1
"65 GALE ST CANAAN, VT 05903 ",65,GALE ST,CANAAN,VT,05903,-71.535428,44.995478,50,009,950100,2
"5776 E BRANCH RD LEWIS, VT 05907 ",5776,E   BRANCH RD,LEWIS,VT,05907,-71.700834,44.89192,50,009,950100,1
"490 TUG MOUNTAIN RD LUNENBURG, VT 05906 ",490,TUG MOUNTAIN RD,LUNENBURG,VT,05906,-71.72935,44.523825,50,009,950500,1
"47 CREAMERY ST BRIGHTON, VT 05846 ",47,CREAMERY ST,BRIGHTON,VT,05846,-71.88997,44.815025,50,009,950200,1
"1782 E BRIGHTON RD BRIGHTON, VT 05846 ",1782,E  BRIGHTON RD,BRIGHTON,VT,05846,-71.854259,44.806602,50,009,950200,1
"940 POND HILL RD LUNENBURG, VT 05906 ",940,POND HILL RD,LUNENBURG,VT,05906,-71.702406,44.490969,50,009,950500,1
"5044 MAIDSTONE LAKE RD MAIDSTONE, VT 05905 ",5044,MAIDSTONE LAKE RD,MAIDSTONE,VT,05905,-71.64057,44.650821,50,009,950100,1
"225 SPECTACLE POND RD BRIGHTON, VT 05846 ",225,SPECTACLE POND RD,BRIGHTON,VT,05846,-71.853566,44.800895,50,009,950200,1
"3848 VT ROUTE 114 CANAAN, VT 05903 ",3848,VT ROUTE 114,CANAAN,VT,05903,-71.614629,45.009847,50,009,950100,2
"721 POND HILL RD LUNENBURG, VT 05906 ",721,POND HILL RD,LUNENBURG,VT,05906,-71.699327,44.484947,50,009,950500,1
"409 VT ROUTE 102 CANAAN, VT 05903 ",409,VT ROUTE 102,CANAAN,VT,05903,-71.512179,44.915341,50,009,950100,2
"83 CURRAN AVE BRIGHTON, VT 05846 ",83,CURRAN AVE,BRIGHTON,VT,05846,-71.878718,44.81907,50,009,950200,1
"216 COTTAGE DR BRIGHTON, VT 05846 ",216,COTTAGE DR,BRIGHTON,VT,05846,-71.873472,44.800247,50,009,950200,1
"2017 NEWARK RD BRIGHTON, VT 05846 ",2017,NEWARK RD,BRIGHTON,VT,05846,-71.928153,44.764103,50,009,950200,1
"72 LAKE RD LUNENBURG, VT 05906 ",72,LAKE RD,LUNENBURG,VT,05906,-71.689624,44.495651,50,009,950500,1
"18 MAIN ST BRIGHTON, VT 05846 ",18,MAIN ST,BRIGHTON,VT,05846,-71.88067,44.815092,50,009,950200,1
"43 CEDAR ST CONCORD, VT 05824 ",43,CEDAR ST,CONCORD,VT,05824,-71.754587,44.425027,50,009,950500,2
"133 MYRTS LN CONCORD, VT 05824 ",133,MYRTS LN,CONCORD,VT,05824,-71.755258,44.422388,50,009,950500,2
"43 KIRBY MOUNTAIN RD CONCORD, VT 05824 ",43,KIRBY MOUNTAIN RD,CONCORD,VT,05824,-71.913919,44.443675,50,009,950500,2
"0 MILL BROOK RD BLOOMFIELD, VT 05905 ",0,MILL BROOK RD,BLOOMFIELD,VT,05905,-71.598997,44.77965,50,009,950100,1
"4126 EAST HAVEN RD BRIGHTON, VT 05846 ",4126,EAST HAVEN RD,BRIGHTON,VT,05846,-71.884474,44.744444,50,009,950200,1
"320 SPENCER HILL RD BLOOMFIELD, VT 05905 ",320,SPENCER HILL RD,BLOOMFIELD,VT,05905,-71.631781,44.757479,50,009,950100,1
"0 KIMBALL RD LUNENBURG, VT 05906 ",0,KIMBALL RD,LUNENBURG,VT,05906,-71.695361,44.46273,50,009,950500,1
"227 COTTAGE RD AVERILL, VT 05901 ",227,COTTAGE RD,AVERILL,VT,05901,-71.705724,44.996624,50,009,950100,1
"465 VT ROUTE 102 LEMINGTON, VT 05903 ",465,VT ROUTE 102,LEMINGTON,VT,05903,-71.526815,44.910157,50,009,950100,1
"1418 COLBY RD LUNENBURG, VT 05906 ",1418,COLBY RD,LUNENBURG,VT,05906,-71.672982,44.516248,50,009,950500,1
"6532 VT ROUTE 102 CANAAN, VT 05903 ",6532,VT ROUTE 102,CANAAN,VT,05903,-71.54093,44.99234,50,009,950100,2
"227 MOISE WOOD RD BRIGHTON, VT 05846 ",227,MOISE WOOD RD,BRIGHTON,VT,05846,-71.865055,44.779767,50,009,950200,1
"204 MILL BROOK RD BLOOMFIELD, VT 05905 ",204,MILL BROOK RD,BLOOMFIELD,VT,05905,-71.600729,44.781109,50,009,950100,1
"143 RIVERSIDE AVE LUNENBURG, VT 05906 ",143,RIVERSIDE AVE,LUNENBURG,VT,05906,-71.725274,44.412227,50,009,950500,3
"156 LAKE RD LUNENBURG, VT 05906 ",156,LAKE RD,LUNENBURG,VT,05906,-71.689115,44.493744,50,009,950500,1
"500 GAUDETTE RD NORTON, VT 05907 ",500,GAUDETTE RD,NORTON,VT,05907,-71.750656,44.991672,50,009,950100,1
"130 EAST HAVEN RD BRIGHTON, VT 05846 ",130,EAST HAVEN RD,BRIGHTON,VT,05846,-71.910804,44.7957,50,009,950200,1
"0 GALE ST CANAAN, VT 05903 ",0,GALE ST,CANAAN,VT,05903,-71.543317,44.998909,50,009,950100,2
"261 BAKER LN CONCORD, VT 05824 ",261,BAKER LN,CONCORD,VT,05824,-71.876252,44.40133,50,009,950500,2
"678 OREGON RD CONCORD, VT 05906 ",678,OREGON RD,CONCORD,VT,05906,-71.770738,44.455915,50,009,950500,2
"708 OREGON RD CONCORD, VT 05906 ",708,OREGON RD,CONCORD,VT,05906,-71.770639,44.455484,50,009,950500,2
"2641 JACKSON RD AVERILL, VT 05901 ",2641,JACKSON RD,AVERILL,VT,05901,-71.714043,44.962396,50,009,950100,1
"1816 OREGON RD CONCORD, VT 05906 ",1816,OREGON RD,CONCORD,VT,05906,-71.762604,44.441282,50,009,950500,2
"1546 CAMPERS LN CONCORD, VT 05824 ",1546,CAMPERS LN,CONCORD,VT,05824,-71.821687,44.446732,50,009,950500,2
"0 FULLER RD BLOOMFIELD, VT 05905 ",0,FULLER RD,BLOOMFIELD,VT,05905,-71.596743,44.789693,50,009,950100,1
"18 CEDAR ST CONCORD, VT 05824 ",18,CEDAR ST,CONCORD,VT,05824,-71.753649,44.424992,50,009,950500,2
"379 DERBY ST BRIGHTON, VT 05846 ",379,DERBY ST,BRIGHTON,VT,05846,-71.885773,44.808674,50,009,950200,1
"3354 LOST NATION RD EAST HAVEN, VT 05837 ",3354,LOST NATION RD,EAST HAVEN,VT,05837,-71.839005,44.701616,50,009,950500,1
"0 COLBY RD LUNENBURG, VT 05906 ",0,COLBY RD,LUNENBURG,VT,05906,-71.673852,44.515134,50,009,950500,1
"0 POND HILL RD LUNENBURG, VT 05906 ",0,POND HILL RD,LUNENBURG,VT,05906,-71.690054,44.477264,50,009,950500,1
"707 PAUL BUNYAN RD BRIGHTON, VT 05846 ",707,PAUL BUNYAN RD,BRIGHTON,VT,05846,-71.912291,44.776942,50,009,950200,1
"687 DAVIS RD BRIGHTON, VT 05846 ",687,DAVIS RD,BRIGHTON,VT,05846,-71.916566,44.770846,50,009,950200,1
"0 DAVIS RD BRIGHTON, VT 05846 ",0,DAVIS RD,BRIGHTON,VT,05846,-71.91671,44.772178,50,009,950200,1
"1610 VT ROUTE 105 BLOOMFIELD, VT 05905 ",1610,VT ROUTE 105,BLOOMFIELD,VT,05905,-71.642758,44.771819,50,009,950100,1
"62 PRIVATE WEST 4 MAIDSTONE, VT 05905 ",62,PRIVATE WEST 4,MAIDSTONE,VT,05905,-71.652058,44.656261,50,009,950100,1
"1649 POND HILL RD LUNENBURG, VT 05906 ",1649,POND HILL RD,LUNENBURG,VT,05906,-71.71324,44.50711,50,009,950500,1
"1978 RIVER RD LUNENBURG, VT 05904 ",1978,RIVER RD,LUNENBURG,VT,05904,-71.689963,44.424306,50,009,950500,3
"571 HURRICANE BROOK RD WARRENS GORE, VT 05907 ",571,HURRICANE BROOK RD,WARRENS GORE,VT,05907,-71.880921,44.91417,50,009,950100,1
"393 CODERRE RD CANAAN, VT 05903 ",393,CODERRE RD,CANAAN,VT,05903,-71.530421,44.953186,50,009,950100,2
"337 RIVER RD VICTORY, VT 05858 ",337,RIVER RD,VICTORY,VT,05858,-71.783616,44.575155,50,009,950500,1
"381 LAKESHORE DR BRIGHTON, VT 05846 ",381,LAKESHORE DR,BRIGHTON,VT,05846,-71.862318,44.792594,50,009,950200,1
"34 MOUNTAIN ST BRIGHTON, VT 05846 ",34,MOUNTAIN ST,BRIGHTON,VT,05846,-71.880899,44.816835,50,009,950200,1
"0 POWER HOUSE RD CANAAN, VT 05903 ",0,POWER HOUSE RD,CANAAN,VT,05903,-71.533943,44.997447,50,009,950100,2
"7053 VT ROUTE 102 GUILDHALL, VT 05905 ",7053,VT ROUTE 102,GUILDHALL,VT,05905,-71.563382,44.565277,50,009,950500,1
"405 FIRE TOWER LN LEMINGTON, VT 05905 ",405,FIRE TOWER LN,LEMINGTON,VT,05905,-71.514698,44.900675,50,009,950100,1
"173 CEDAR ST CONCORD, VT 05906 ",173,CEDAR ST,CONCORD,VT,05906,-71.75644,44.426454,50,009,950500,2
"0 COLBY RD LUNENBURG, VT 05906 ",0,COLBY RD,LUNENBURG,VT,05906,-71.673981,44.513987,50,009,950500,1
"0 RIVER RD LUNENBURG, VT 05904 ",0,RIVER RD,LUNENBURG,VT,05904,-71.707473,44.414979,50,009,950500,3
"0 VT ROUTE 102 BLOOMFIELD, VT 05905 ",0,VT ROUTE 102,BLOOMFIELD,VT,05905,-71.59702,44.778294,50,009,950100,1
"21 PRIVATE WEST 9 MAIDSTONE, VT 05905 ",21,PRIVATE WEST 9,MAIDSTONE,VT,05905,-71.659855,44.640804,50,009,950100,1
"300 KIMBALL RD LUNENBURG, VT 05906 ",300,KIMBALL RD,LUNENBURG,VT,05906,-71.696858,44.468798,50,009,950500,1
"0 BAPTIST HILL RD LUNENBURG, VT 05906 ",0,BAPTIST HILL RD,LUNENBURG,VT,05906,-71.706846,44.451981,50,009,950500,3
"215 JUDD RD CANAAN, VT 05903 ",215,JUDD RD,CANAAN,VT,05903,-71.553053,45.001025,50,009,950100,2
"2204 LONG HILL RD CONCORD, VT 05824 ",2204,LONG HILL RD,CONCORD,VT,05824,-71.862046,44.404283,50,009,950500,2
"3649 CANAAN HILL RD CANAAN, VT 05903 ",3649,CANAAN HILL RD,CANAAN,VT,05903,-71.601495,44.978649,50,009,950100,2
"1155 VT ROUTE 114 S NORTON, VT 05907 ",1155,VT ROUTE 114   S,NORTON,VT,05907,-71.804541,44.994014,50,009,950100,1
"2310 BOBBIN MILL RD LUNENBURG, VT 05906 ",2310,BOBBIN MILL RD,LUNENBURG,VT,05906,-71.650469,44.477008,50,009,950500,1
"870 RODIN RD AVERILL, VT 05901 ",870,RODIN RD,AVERILL,VT,05901,-71.708247,44.952973,50,009,950100,1
"1152 FULLER RD BLOOMFIELD, VT 05905 ",1152,FULLER RD,BLOOMFIELD,VT,05905,-71.59484,44.80019,50,009,950100,1
"299 DOW DR LUNENBURG, VT 05906 ",299,DOW DR,LUNENBURG,VT,05906,-71.736022,44.421073,50,009,950500,3
"177 CHRISTIAN HL CANAAN, VT 05903 ",177,CHRISTIAN HL,CANAAN,VT,05903,-71.536802,44.998513,50,009,950100,2
"490 LONG HILL RD CONCORD, VT 05824 ",490,LONG HILL RD,CONCORD,VT,05824,-71.874522,44.425271,50,009,950500,2
"69 POND HILL RD LUNENBURG, VT 05906 ",69,POND HILL RD,LUNENBURG,VT,05906,-71.685855,44.469586,50,009,950500,1
"4876 GORE RD AVERYS GORE, VT 05907 ",4876,GORE RD,AVERYS GORE,VT,05907,-71.845156,44.910049,50,009,950100,1
"6731 VT ROUTE 102 BRUNSWICK, VT 05905 ",6731,VT ROUTE 102,BRUNSWICK,VT,05905,-71.594839,44.667836,50,009,950100,1
"2094 FELLOWS RD GUILDHALL, VT 05905 ",2094,FELLOWS RD,GUILDHALL,VT,05905,-71.623152,44.531572,50,009,950500,1
"168 RIPPLE CV BRIGHTON, VT 05846 ",168,RIPPLE CV,BRIGHTON,VT,05846,-71.867141,44.794508,50,009,950200,1
"4460 VT ROUTE 114 S NORTON, VT 05907 ",4460,VT ROUTE 114  S,NORTON,VT,05907,-71.838143,44.956892,50,009,950100,1
"2608 HEAD OF THE POND RD BRIGHTON, VT 05846 ",2608,HEAD OF THE POND RD,BRIGHTON,VT,05846,-71.835273,44.776253,50,009,950200,1
"278 DALE AVE BRIGHTON, VT 05846 ",278,DALE AVE,BRIGHTON,VT,05846,-71.879473,44.807305,50,009,950200,1
"245 COMMERCIAL AVE LUNENBURG, VT 05904 ",245,COMMERCIAL AVE,LUNENBURG,VT,05904,-71.724568,44.413096,50,009,950500,3
"616 BOBBIN MILL RD LUNENBURG, VT 05906 ",616,BOBBIN MILL RD,LUNENBURG,VT,05906,-71.675746,44.478179,50,009,950500,1
"155 FOREST ST BRIGHTON, VT 05846 ",155,FOREST ST,BRIGHTON,VT,05846,-71.884068,44.818851,50,009,950200,1
"750 RIVER RD VICTORY, VT 05858 ",750,RIVER RD,VICTORY,VT,05858,-71.788629,44.570428,50,009,950500,1
"1202 W MAIN ST CONCORD, VT 05824 ",1202,W   MAIN ST,CONCORD,VT,05824,-71.904464,44.434142,50,009,950500,2
"1731 VT ROUTE 102 LEMINGTON, VT 05905 ",1731,VT ROUTE 102,LEMINGTON,VT,05905,-71.558918,44.849223,50,009,950100,1
"67 EAST ST CANAAN, VT 05902 ",67,EAST ST,CANAAN,VT,05902,-71.505569,45.009673,50,009,950100,2
"1580 OREGON RD CONCORD, VT 05906 ",1580,OREGON RD,CONCORD,VT,05906,-71.763926,44.443745,50,009,950500,2
"268 E MAIN ST LUNENBURG, VT 05906 ",268,E   MAIN ST,LUNENBURG,VT,05906,-71.672017,44.463495,50,009,950500,3
"6166 VT ROUTE 102 GUILDHALL, VT 05905 ",6166,VT ROUTE 102,GUILDHALL,VT,05905,-71.581418,44.566351,50,009,950500,1
"1404 COTTAGE RD AVERILL, VT 05901 ",1404,COTTAGE RD,AVERILL,VT,05901,-71.692233,44.982768,50,009,950100,1
"370 S LUNENBURG RD LUNENBURG, VT 05906 ",370,S  LUNENBURG RD,LUNENBURG,VT,05906,-71.679612,44.453371,50,009,950500,3
"1149 MAIN ST CONCORD, VT 05824 ",1149,MAIN ST,CONCORD,VT,05824,-71.879316,44.436516,50,009,950500,2
"155 SHORES HL GRANBY, VT 05858 ",155,SHORES HL,GRANBY,VT,05858,-71.74999,44.567937,50,009,950500,1
"0 VT ROUTE 114 CANAAN, VT 05903 ",0,VT ROUTE 114,CANAAN,VT,05903,-71.598272,45.011076,50,009,950100,2
"551 MOUNTAIN ST BRIGHTON, VT 05846 ",551,MOUNTAIN ST,BRIGHTON,VT,05846,-71.877718,44.824153,50,009,950200,1
"0 TUG MOUNTAIN RD LUNENBURG, VT 05906 ",0,TUG MOUNTAIN RD,LUNENBURG,VT,05906,-71.729525,44.521484,50,009,950500,1
"301 LLOYD POTTER RD LEWIS, VT 05907 ",301,LLOYD POTTER RD,LEWIS,VT,05907,-71.778216,44.883829,50,009,950100,1
"179 GLENSIDE LN CONCORD, VT 05858 ",179,GLENSIDE LN,CONCORD,VT,05858,-71.860128,44.468983,50,009,950500,2
"2103 ROYALSTON CORNER RD CONCORD, VT 05824 ",2103,ROYALSTON CORNER RD,CONCORD,VT,05824,-71.845628,44.432292,50,009,950500,2
"797 JOHNSON RD CONCORD, VT 05824 ",797,JOHNSON RD,CONCORD,VT,05824,-71.840428,44.406383,50,009,950500,2
"4399 VT ROUTE 102 BLOOMFIELD, VT 05905 ",4399,VT ROUTE 102,BLOOMFIELD,VT,05905,-71.576679,44.795904,50,009,950100,1
"30 ELM ST BRIGHTON, VT 05846 ",30,ELM ST,BRIGHTON,VT,05846,-71.879746,44.816873,50,009,950200,1
"1217 HUDSON RD CANAAN, VT 05903 ",1217,HUDSON RD,CANAAN,VT,05903,-71.557393,44.938677,50,009,950100,2
"20 HEAD OF THE POND RD BRIGHTON, VT 05846 ",20,HEAD OF THE POND RD,BRIGHTON,VT,05846,-71.869966,44.791116,50,009,950200,1
"3558 E BRANCH RD BLOOMFIELD, VT 05905 ",3558,E   BRANCH RD,BLOOMFIELD,VT,05905,-71.673462,44.825797,50,009,950100,1
"38 GAUDETTE RD NORTON, VT 05907 ",38,GAUDETTE RD,NORTON,VT,05907,-71.748593,44.998169,50,009,950100,1
"304 COTTAGE RD AVERILL, VT 05901 ",304,COTTAGE RD,AVERILL,VT,05901,-71.705834,44.994863,50,009,950100,1
"13 WASHINGTON AVE LUNENBURG, VT 05904 ",13,WASHINGTON AVE,LUNENBURG,VT,05904,-71.718936,44.412755,50,009,950500,3
"84 ALDER ST BRIGHTON, VT 05846 ",84,ALDER ST,BRIGHTON,VT,05846,-71.882223,44.814245,50,009,950200,1
"667 RLW RD BRIGHTON, VT 05846 ",667,RLW RD,BRIGHTON,VT,05846,-71.840719,44.809812,50,009,950200,1
"2943 HURRICANE BROOK RD WARRENS GORE, VT 05907 ",2943,HURRICANE BROOK RD,WARRENS GORE,VT,05907,-71.88101,44.933823,50,009,950100,1
"250 SLADYK TRL WARRENS GORE, VT 05907 ",250,SLADYK TRL,WARRENS GORE,VT,05907,-71.869438,44.936649,50,009,950100,1
"3790 HEAD OF THE POND RD BRIGHTON, VT 05846 ",3790,HEAD OF THE POND RD,BRIGHTON,VT,05846,-71.816619,44.784802,50,009,950200,1
"1184 RAILROAD ST BRIGHTON, VT 05846 ",1184,RAILROAD ST,BRIGHTON,VT,05846,-71.899636,44.825319,50,009,950200,1
"51 BREAULT DR BRIGHTON, VT 05846 ",51,BREAULT DR,BRIGHTON,VT,05846,-71.855612,44.806424,50,009,950200,1
"0 VT ROUTE 105 BLOOMFIELD, VT 05905 ",0,VT ROUTE 105,BLOOMFIELD,VT,05905,-71.636714,44.75737,50,009,950100,1
"0 S LUNENBURG RD LUNENBURG, VT 05906 ",0,S   LUNENBURG RD,LUNENBURG,VT,05906,-71.681358,44.460322,50,009,950500,3
"7627 VT ROUTE 102 GUILDHALL, VT 05905 ",7627,VT ROUTE 102,GUILDHALL,VT,05905,-71.558984,44.570467,50,009,950500,1
"157 SHORES HL GRANBY, VT 05858 ",157,SHORES HL,GRANBY,VT,05858,-71.749364,44.567412,50,009,950500,1
"115 VT ROUTE 147 N NORTON, VT 05907 ",115,VT ROUTE 147   N,NORTON,VT,05907,-71.794215,45.01039,50,009,950100,1
"70 S LUNENBURG RD LUNENBURG, VT 05906 ",70,S   LUNENBURG RD,LUNENBURG,VT,05906,-71.682394,44.461043,50,009,950500,3
"2729 VT ROUTE 114 S NORTON, VT 05907 ",2729,VT ROUTE 114  S,NORTON,VT,05907,-71.816339,44.973806,50,009,950100,1
"240 LOOP RD AVERILL, VT 05901 ",240,LOOP RD,AVERILL,VT,05901,-71.692405,44.965153,50,009,950100,1
"77 FOURNIER RD LUNENBURG, VT 05906 ",77,FOURNIER RD,LUNENBURG,VT,05906,-71.726513,44.466974,50,009,950500,1
"3872 MAIDSTONE LAKE RD MAIDSTONE, VT 05905 ",3872,MAIDSTONE LAKE RD,MAIDSTONE,VT,05905,-71.647253,44.664523,50,009,950100,1
"5859 VT ROUTE 114 CANAAN, VT 05903 ",5859,VT ROUTE 114,CANAAN,VT,05903,-71.647474,45.002964,50,009,950100,2
"400 DAVIS RD BRIGHTON, VT 05846 ",400,DAVIS RD,BRIGHTON,VT,05846,-71.917051,44.771479,50,009,950200,1
"1252 SNOW HILL RD BLOOMFIELD, VT 05905 ",1252,SNOW HILL RD,BLOOMFIELD,VT,05905,-71.625299,44.798137,50,009,950100,1
"201 COTTAGE DR BRIGHTON, VT 05846 ",201,COTTAGE DR,BRIGHTON,VT,05846,-71.873249,44.80063,50,009,950200,1
"332 CHAMBERLAIN RD CANAAN, VT 05903 ",332,CHAMBERLAIN RD,CANAAN,VT,05903,-71.546595,44.965642,50,009,950100,2
"1226 LECLAIR RD CONCORD, VT 05824 ",1226,LECLAIR RD,CONCORD,VT,05824,-71.833126,44.387533,50,009,950500,2
"277 W MAIN ST LUNENBURG, VT 05906 ",277,W  MAIN ST,LUNENBURG,VT,05906,-71.692656,44.461579,50,009,950500,3
"0 RIVER RD LUNENBURG, VT 05904 ",0,RIVER RD,LUNENBURG,VT,05904,-71.699849,44.418006,50,009,950500,3
"38 GALE ST CANAAN, VT 05903 ",38,GALE ST,CANAAN,VT,05903,-71.535428,44.996193,50,009,950100,2
"0 FRECHETTE DR CANAAN, VT 05903 ",0,FRECHETTE DR,CANAAN,VT,05903,-71.541507,44.991367,50,009,950100,2
"86 WOODBURY DR CONCORD, VT 05824 ",86,WOODBURY DR,CONCORD,VT,05824,-71.755434,44.424625,50,009,950500,2
"172 FOREST ST BRIGHTON, VT 05846 ",172,FOREST ST,BRIGHTON,VT,05846,-71.884158,44.820043,50,009,950200,1
"1111 MAIN ST CONCORD, VT 05824 ",1111,MAIN ST,CONCORD,VT,05824,-71.879782,44.435055,50,009,950500,2
"0 CLAY BROOK RD CANAAN, VT 05903 ",0,CLAY BROOK RD,CANAAN,VT,05903,-71.587627,44.965736,50,009,950100,2
"5727 VT ROUTE 102 GUILDHALL, VT 05905 ",5727,VT ROUTE 102,GUILDHALL,VT,05905,-71.590291,44.566308,50,009,950500,1
"4185 VT ROUTE 102 CANAAN, VT 05903 ",4185,VT ROUTE 102,CANAAN,VT,05903,-71.526867,44.964748,50,009,950100,2
"0 W MAIN ST LUNENBURG, VT 05906 ",0,W  MAIN ST,LUNENBURG,VT,05906,-71.684983,44.463628,50,009,950500,1
"200 MOUNTAIN ST BRIGHTON, VT 05846 ",200,MOUNTAIN ST,BRIGHTON,VT,05846,-71.880319,44.819181,50,009,950200,1
"2298 RIVER RD LUNENBURG, VT 05904 ",2298,RIVER RD,LUNENBURG,VT,05904,-71.699248,44.418251,50,009,950500,3
"177 BOMBARD RD CONCORD, VT 05824 ",177,BOMBARD RD,CONCORD,VT,05824,-71.823297,44.41551,50,009,950500,2
"27 SCHOOLHOUSE RD BLOOMFIELD, VT 05905 ",27,SCHOOLHOUSE RD,BLOOMFIELD,VT,05905,-71.628657,44.754639,50,009,950100,1
"450 COLE HILL RD LUNENBURG, VT 05906 ",450,COLE HILL RD,LUNENBURG,VT,05906,-71.661008,44.504073,50,009,950500,1
"0 COMMERCIAL AVE LUNENBURG, VT 05904 ",0,COMMERCIAL AVE,LUNENBURG,VT,05904,-71.7215,44.41303,50,009,950500,3
"77 LONG HILL RD CONCORD, VT 05824 ",77,LONG HILL RD,CONCORD,VT,05824,-71.881383,44.427592,50,009,950500,2
"1127 HEAD OF THE POND RD BRIGHTON, VT 05846 ",1127,HEAD OF THE POND RD,BRIGHTON,VT,05846,-71.856516,44.778918,50,009,950200,1
"322 MOISE WOOD RD BRIGHTON, VT 05846 ",322,MOISE WOOD RD,BRIGHTON,VT,05846,-71.868882,44.77947,50,009,950200,1
"3243 VT ROUTE 102 MAIDSTONE, VT 05905 ",3243,VT ROUTE 102,MAIDSTONE,VT,05905,-71.562831,44.607598,50,009,950100,1
"3667 VT ROUTE 102 BLOOMFIELD, VT 05905 ",3667,VT ROUTE 102,BLOOMFIELD,VT,05905,-71.583931,44.78684,50,009,950100,1
"108 LAKE RD LUNENBURG, VT 05906 ",108,LAKE RD,LUNENBURG,VT,05906,-71.689175,44.495173,50,009,950500,1
"82 LOOP RD EXT AVERILL, VT 05901 ",82,LOOP RD EXT,AVERILL,VT,05901,-71.690339,44.966785,50,009,950100,1
"83 PATRICK RD BRIGHTON, VT 05846 ",83,PATRICK RD,BRIGHTON,VT,05846,-71.882621,44.820294,50,009,950200,1
"0 S LUNENBURG RD LUNENBURG, VT 05906 ",0,S  LUNENBURG RD,LUNENBURG,VT,05906,-71.676645,44.447064,50,009,950500,3
"1047 VT ROUTE 114 EAST HAVEN, VT 05837 ",1047,VT ROUTE 114,EAST HAVEN,VT,05837,-71.892385,44.653818,50,009,950500,1
"427 DERBY ST BRIGHTON, VT 05846 ",427,DERBY ST,BRIGHTON,VT,05846,-71.886163,44.808065,50,009,950200,1
"78 WALNUT ST BRIGHTON, VT 05846 ",78,WALNUT ST,BRIGHTON,VT,05846,-71.882461,44.817652,50,009,950200,1
"164 LOOP RD AVERILL, VT 05901 ",164,LOOP RD,AVERILL,VT,05901,-71.693171,44.964113,50,009,950100,1
"538 GAUDETTE RD NORTON, VT 05907 ",538,GAUDETTE RD,NORTON,VT,05907,-71.750392,44.99096,50,009,950100,1
"120 BOBBIN MILL RD LUNENBURG, VT 05906 ",120,BOBBIN MILL RD,LUNENBURG,VT,05906,-71.681733,44.466639,50,009,950500,1
"267 BOBBIN MILL RD LUNENBURG, VT 05906 ",267,BOBBIN MILL RD,LUNENBURG,VT,05906,-71.682159,44.470419,50,009,950500,1
"25 CLARK ST BRIGHTON, VT 05846 ",25,CLARK ST,BRIGHTON,VT,05846,-71.887633,44.816855,50,009,950200,1
"1271 LAKESHORE DR BRIGHTON, VT 05846 ",1271,LAKESHORE DR,BRIGHTON,VT,05846,-71.858324,44.80245,50,009,950200,1
"106 WHITE BIRCH LN BRIGHTON, VT 05846 ",106,WHITE BIRCH LN,BRIGHTON,VT,05846,-71.858233,44.796203,50,009,950200,1
"58 RAILROAD AVE NORTON, VT 05907 ",58,RAILROAD AVE,NORTON,VT,05907,-71.8001,45.005256,50,009,950100,1
"211 WILDERNESS RD LUNENBURG, VT 05906 ",211,WILDERNESS RD,LUNENBURG,VT,05906,-71.762923,44.472431,50,009,950500,1
"87 VT ROUTE 105 BLOOMFIELD, VT 05905 ",87,VT ROUTE 105,BLOOMFIELD,VT,05905,-71.632881,44.753685,50,009,950100,1
"22 MARTIN LN CONCORD, VT 05824 ",22,MARTIN LN,CONCORD,VT,05824,-71.876453,44.398457,50,009,950500,2
"0 DENNIS POND RD BRUNSWICK, VT 05905 ",0,DENNIS POND RD,BRUNSWICK,VT,05905,-71.659371,44.736713,50,009,950100,1
"66 PARISEAU DR CANAAN, VT 05902 ",66,PARISEAU DR,CANAAN,VT,05902,-71.498829,45.005167,50,009,950100,2
"679 POND HILL RD LUNENBURG, VT 05906 ",679,POND HILL RD,LUNENBURG,VT,05906,-71.698116,44.484207,50,009,950500,1
"634 VT ROUTE 102 GUILDHALL, VT 05905 ",634,VT ROUTE 102,GUILDHALL,VT,05905,-71.593694,44.50459,50,009,950500,1
"0 DENNIS POND RD BRUNSWICK, VT 05905 ",0,DENNIS POND RD,BRUNSWICK,VT,05905,-71.657064,44.732827,50,009,950100,1
"149 HORN OF THE MOON RD LUNENBURG, VT 05906 ",149,HORN OF THE MOON RD,LUNENBURG,VT,05906,-71.760273,44.483821,50,009,950500,1
"4504 E BRANCH RD BLOOMFIELD, VT 05905 ",4504,E   BRANCH RD,BLOOMFIELD,VT,05905,-71.67319,44.83873,50,009,950100,1
"318 MAPLEWOOD FARM RD GUILDHALL, VT 05905 ",318,MAPLEWOOD FARM RD,GUILDHALL,VT,05905,-71.613693,44.551468,50,009,950500,1
"66 DOWNING RD LUNENBURG, VT 05906 ",66,DOWNING RD,LUNENBURG,VT,05906,-71.679012,44.48146,50,009,950500,1
"5758 MAIDSTONE LAKE RD MAIDSTONE, VT 05905 ",5758,MAIDSTONE LAKE RD,MAIDSTONE,VT,05905,-71.641487,44.640484,50,009,950100,1
"1459 WESTSIDE LAKE RD MAIDSTONE, VT 05905 ",1459,WESTSIDE LAKE RD,MAIDSTONE,VT,05905,-71.651323,44.648926,50,009,950100,1
"93 W SIDE RD LUNENBURG, VT 05906 ",93,W  SIDE RD,LUNENBURG,VT,05906,-71.698212,44.487187,50,009,950500,1
"33 ED BATES RD AVERILL, VT 05901 ",33,ED BATES RD,AVERILL,VT,05901,-71.717758,44.985832,50,009,950100,1
"0 BAPTIST HILL RD LUNENBURG, VT 05906 ",0,BAPTIST HILL RD,LUNENBURG,VT,05906,-71.713811,44.446577,50,009,950500,3
"117 S LUNENBURG RD LUNENBURG, VT 05906 ",117,S   LUNENBURG RD,LUNENBURG,VT,05906,-71.681592,44.460169,50,009,950500,3
"591 MR B RD FERDINAND, VT 05846 ",591,MR B RD,FERDINAND,VT,05846,-71.725262,44.752689,50,009,950100,1
"151 MICAH BAKER RD CONCORD, VT 05824 ",151,MICAH BAKER RD,CONCORD,VT,05824,-71.858573,44.39054,50,009,950500,2
"6055 VT ROUTE 102 GUILDHALL, VT 05905 ",6055,VT ROUTE 102,GUILDHALL,VT,05905,-71.580819,44.569603,50,009,950500,1
"647 BEEDE RD CONCORD, VT 05824 ",647,BEEDE RD,CONCORD,VT,05824,-71.873323,44.394468,50,009,950500,2
"225 BAKER LN CONCORD, VT 05824 ",225,BAKER LN,CONCORD,VT,05824,-71.876306,44.40191,50,009,950500,2
"0 VT ROUTE 102 BRUNSWICK, VT 05905 ",0,VT ROUTE 102,BRUNSWICK,VT,05905,-71.640213,44.705187,50,009,950100,1
"5305 VT ROUTE 105 BRUNSWICK, VT 05905 ",5305,VT ROUTE 105,BRUNSWICK,VT,05905,-71.700494,44.767751,50,009,950100,1
"510 MOUNTAIN ST BRIGHTON, VT 05846 ",510,MOUNTAIN ST,BRIGHTON,VT,05846,-71.877794,44.823059,50,009,950200,1
"148 SANDY LN CONCORD, VT 05858 ",148,SANDY LN,CONCORD,VT,05858,-71.805917,44.450128,50,009,950500,2
"0 COTTAGE RD AVERILL, VT 05901 ",0,COTTAGE RD,AVERILL,VT,05901,-71.696343,44.9879,50,009,950100,1
"0 E MAIN ST LUNENBURG, VT 05906 ",0,E   MAIN ST,LUNENBURG,VT,05906,-71.680759,44.462746,50,009,950500,3
"296 SLADYK TRL WARRENS GORE, VT 05907 ",296,SLADYK TRL,WARRENS GORE,VT,05907,-71.868982,44.937027,50,009,950100,1
"2499 JACKSON RD AVERILL, VT 05901 ",2499,JACKSON RD,AVERILL,VT,05901,-71.711441,44.963604,50,009,950100,1
"359 HASTINGS RD LUNENBURG, VT 05906 ",359,HASTINGS RD,LUNENBURG,VT,05906,-71.733089,44.455355,50,009,950500,3
"8960 GRANBY RD GRANBY, VT 05858 ",8960,GRANBY RD,GRANBY,VT,05858,-71.757997,44.570642,50,009,950500,1
"623 MUD POND PASS GRANBY, VT 05858 ",623,MUD POND PASS,GRANBY,VT,05858,-71.735481,44.58255,50,009,950500,1
"1814 VT ROUTE 102 GUILDHALL, VT 05905 ",1814,VT ROUTE 102,GUILDHALL,VT,05905,-71.594685,44.521731,50,009,950500,1
"75 BAPTIST HILL RD LUNENBURG, VT 05906 ",75,BAPTIST HILL RD,LUNENBURG,VT,05906,-71.699317,44.459957,50,009,950500,3
"0 BOBBIN MILL RD LUNENBURG, VT 05906 ",0,BOBBIN MILL RD,LUNENBURG,VT,05906,-71.674385,44.479032,50,009,950500,1
"640 BEACH DR CONCORD, VT 05858 ",640,BEACH DR,CONCORD,VT,05858,-71.792874,44.448269,50,009,950500,2
"5204 MAIDSTONE LAKE RD MAIDSTONE, VT 05905 ",5204,MAIDSTONE LAKE RD,MAIDSTONE,VT,05905,-71.640634,44.648298,50,009,950100,1
"5784 MAIDSTONE LAKE RD MAIDSTONE, VT 05905 ",5784,MAIDSTONE LAKE RD,MAIDSTONE,VT,05905,-71.641715,44.640271,50,009,950100,1
"0 CANAAN HILL RD CANAAN, VT 05903 ",0,CANAAN HILL RD,CANAAN,VT,05903,-71.599415,44.979253,50,009,950100,2
"1810 VT ROUTE 102 CANAAN, VT 05903 ",1810,VT ROUTE 102,CANAAN,VT,05903,-71.523362,44.933141,50,009,950100,2
"131 VICTORY RD CONCORD, VT 05858 ",131,VICTORY RD,CONCORD,VT,05858,-71.858991,44.469333,50,009,950500,2
"9005 GRANBY RD GRANBY, VT 05858 ",9005,GRANBY RD,GRANBY,VT,05858,-71.758302,44.569936,50,009,950500,1
"0 RIVERSIDE AVE LUNENBURG, VT 05906 ",0,RIVERSIDE AVE,LUNENBURG,VT,05906,-71.722216,44.412509,50,009,950500,3
"3145 PAUL STREAM RD FERDINAND, VT 05905 ",3145,PAUL STREAM RD,FERDINAND,VT,05905,-71.690362,44.648717,50,009,950100,1
"38 PLEASANT ST BRIGHTON, VT 05846 ",38,PLEASANT ST,BRIGHTON,VT,05846,-71.884485,44.810155,50,009,950200,1
"251 COTTAGE RD AVERILL, VT 05901 ",251,COTTAGE RD,AVERILL,VT,05901,-71.704722,44.996197,50,009,950100,1
"51 FOLSOM AVE CONCORD, VT 05824 ",51,FOLSOM AVE,CONCORD,VT,05824,-71.886262,44.42938,50,009,950500,2
"350 PAUL MENARD DR FERDINAND, VT 05846 ",350,PAUL MENARD DR,FERDINAND,VT,05846,-71.754797,44.777669,50,009,950100,1
"525 WESTSIDE LAKE RD MAIDSTONE, VT 05905 ",525,WESTSIDE LAKE RD,MAIDSTONE,VT,05905,-71.649337,44.660568,50,009,950100,1
"1645 MASTEN RD VICTORY, VT 05858 ",1645,MASTEN RD,VICTORY,VT,05858,-71.870353,44.54129,50,009,950500,1
"5435 MAIDSTONE LAKE RD MAIDSTONE, VT 05905 ",5435,MAIDSTONE LAKE RD,MAIDSTONE,VT,05905,-71.639985,44.645315,50,009,950100,1
"295 VT ROUTE 141 CANAAN, VT 05903 ",295,VT ROUTE 141,CANAAN,VT,05903,-71.559084,45.010702,50,009,950100,2
"2283 VT ROUTE 102 MAIDSTONE, VT 05905 ",2283,VT ROUTE 102,MAIDSTONE,VT,05905,-71.560535,44.596327,50,009,950100,1
"536 WALTERS FARM RD EAST HAVEN, VT 05837 ",536,WALTERS FARM RD,EAST HAVEN,VT,05837,-71.902498,44.652068,50,009,950500,1
"1927 WESTSIDE LAKE RD MAIDSTONE, VT 05905 ",1927,WESTSIDE LAKE RD,MAIDSTONE,VT,05905,-71.656893,44.644797,50,009,950100,1
"1631 STONE DAM RD BLOOMFIELD, VT 05905 ",1631,STONE DAM RD,BLOOMFIELD,VT,05905,-71.700046,44.7895,50,009,950100,1
"625 TODD HILL RD LEMINGTON, VT 05903 ",625,TODD HILL RD,LEMINGTON,VT,05903,-71.5572,44.921811,50,009,950100,1
"22 GAUDETTE RD NORTON, VT 05907 ",22,GAUDETTE RD,NORTON,VT,05907,-71.748663,44.998292,50,009,950100,1
"874 RIVER RD VICTORY, VT 05858 ",874,RIVER RD,VICTORY,VT,05858,-71.789925,44.569015,50,009,950500,1
"4473 VT ROUTE 114 CANAAN, VT 05903 ",4473,VT ROUTE 114,CANAAN,VT,05903,-71.627159,45.009129,50,009,950100,2
"532 BEEDE RD CONCORD, VT 05824 ",532,BEEDE RD,CONCORD,VT,05824,-71.869643,44.395229,50,009,950500,2
"94 HAGGARD HOLLOW RD LUNENBURG, VT 05906 ",94,HAGGARD HOLLOW RD,LUNENBURG,VT,05906,-71.719496,44.477177,50,009,950500,1
"1174 OREGON RD CONCORD, VT 05906 ",1174,OREGON RD,CONCORD,VT,05906,-71.768282,44.447837,50,009,950500,2
"0 WESTSIDE LAKE RD MAIDSTONE, VT 05905 ",0,WESTSIDE LAKE RD,MAIDSTONE,VT,05905,-71.658514,44.643325,50,009,950100,1
"0 VT ROUTE 253 CANAAN, VT 05902 ",0,VT ROUTE 253,CANAAN,VT,05902,-71.506692,45.009137,50,009,950100,2
"1886 BAPTIST HILL RD LUNENBURG, VT 05906 ",1886,BAPTIST HILL RD,LUNENBURG,VT,05906,-71.71701,44.419106,50,009,950500,3
"1166 RIVER RD LUNENBURG, VT 05906 ",1166,RIVER RD,LUNENBURG,VT,05906,-71.672744,44.438589,50,009,950500,3
"35 HAVEN ST EAST HAVEN, VT 05837 ",35,HAVEN ST,EAST HAVEN,VT,05837,-71.889629,44.642793,50,009,950500,1
"90 RIVER RD EAST HAVEN, VT 05837 ",90,RIVER RD,EAST HAVEN,VT,05837,-71.890426,44.655238,50,009,950500,1
"157 BEACH RD AVERILL, VT 05901 ",157,BEACH RD,AVERILL,VT,05901,-71.685642,44.968681,50,009,950100,1
"2501 CHARLESTON RD BRIGHTON, VT 05846 ",2501,CHARLESTON RD,BRIGHTON,VT,05846,-71.929849,44.8052,50,009,950200,1
"74 WILLSON RD LUNENBURG, VT 05906 ",74,WILLSON RD,LUNENBURG,VT,05906,-71.692347,44.483446,50,009,950500,1
"43 PRIVATE WEST 8 MAIDSTONE, VT 05905 ",43,PRIVATE WEST 8,MAIDSTONE,VT,05905,-71.65666,44.646414,50,009,950100,1
"145 VT ROUTE 102 GUILDHALL, VT 05905 ",145,VT ROUTE 102,GUILDHALL,VT,05905,-71.598154,44.496824,50,009,950500,1
"114 GALE ST CANAAN, VT 05903 ",114,GALE ST,CANAAN,VT,05903,-71.536935,44.99643,50,009,950100,2
"1118 KIRBY MOUNTAIN RD CONCORD, VT 05824 ",1118,KIRBY MOUNTAIN RD,CONCORD,VT,05824,-71.902635,44.454652,50,009,950500,2
"1765 E BRIGHTON RD BRIGHTON, VT 05846 ",1765,E  BRIGHTON RD,BRIGHTON,VT,05846,-71.85372,44.807635,50,009,950200,1
"1110 POND HILL RD LUNENBURG, VT 05906 ",1110,POND HILL RD,LUNENBURG,VT,05906,-71.704258,44.494667,50,009,950500,1
"1709 VT ROUTE 102 LEMINGTON, VT 05905 ",1709,VT ROUTE 102,LEMINGTON,VT,05905,-71.55872,44.848752,50,009,950100,1
"0 GALE ST CANAAN, VT 05903 ",0,GALE ST,CANAAN,VT,05903,-71.539546,44.997275,50,009,950100,2
"663 FELLOWS RD GUILDHALL, VT 05905 ",663,FELLOWS RD,GUILDHALL,VT,05905,-71.605836,44.515386,50,009,950500,1
"410 BROUSSEAU MOUNTAIN RD NORTON, VT 05907 ",410,BROUSSEAU MOUNTAIN RD,NORTON,VT,05907,-71.74009,44.990266,50,009,950100,1
"162 COMMERCIAL AVE LUNENBURG, VT 05904 ",162,COMMERCIAL AVE,LUNENBURG,VT,05904,-71.721255,44.413457,50,009,950500,3
"378 MR B RD FERDINAND, VT 05846 ",378,MR B RD,FERDINAND,VT,05846,-71.72783,44.755403,50,009,950100,1
"521 HALL RD LUNENBURG, VT 05906 ",521,HALL RD,LUNENBURG,VT,05906,-71.707605,44.518427,50,009,950500,1
"0 PAUL STREAM POND RD BRUNSWICK, VT 05905 ",0,PAUL STREAM POND RD,BRUNSWICK,VT,05905,-71.622178,44.690686,50,009,950100,1
"0 DUBEAU RD CANAAN, VT 05903 ",0,DUBEAU RD,CANAAN,VT,05903,-71.631584,44.995333,50,009,950100,2
"2157 WESTSIDE LAKE RD MAIDSTONE, VT 05905 ",2157,WESTSIDE LAKE RD,MAIDSTONE,VT,05905,-71.659084,44.642011,50,009,950100,1
"26 WAVY LN CONCORD, VT 05824 ",26,WAVY LN,CONCORD,VT,05824,-71.871611,44.405755,50,009,950500,2
"73 COTTAGE DR BRIGHTON, VT 05846 ",73,COTTAGE DR,BRIGHTON,VT,05846,-71.874983,44.802484,50,009,950200,1
"200 W MAIN ST CONCORD, VT 05824 ",200,W   MAIN ST,CONCORD,VT,05824,-71.918812,44.443722,50,009,950500,2
"0 FOURNIER RD LUNENBURG, VT 05906 ",0,FOURNIER RD,LUNENBURG,VT,05906,-71.725592,44.46764,50,009,950500,1
"62 RAILROAD AVE NORTON, VT 05907 ",62,RAILROAD AVE,NORTON,VT,05907,-71.799713,45.005127,50,009,950100,1
"10 CROSS ST BRIGHTON, VT 05846 ",10,CROSS ST,BRIGHTON,VT,05846,-71.881289,44.814938,50,009,950200,1
"0 HALL STREAM RD CANAAN, VT 05902 ",0,HALL STREAM RD,CANAAN,VT,05902,-71.500714,45.00919,50,009,950100,2
"155 HIGH ST CONCORD, VT 05824 ",155,HIGH ST,CONCORD,VT,05824,-71.886805,44.429998,50,009,950500,2
"342 DALE AVE BRIGHTON, VT 05846 ",342,DALE AVE,BRIGHTON,VT,05846,-71.878816,44.806712,50,009,950200,1
"0 CLAY BROOK RD CANAAN, VT 05903 ",0,CLAY BROOK RD,CANAAN,VT,05903,-71.58952,44.964871,50,009,950100,2
"86 ALBERTS WAY AVERILL, VT 05901 ",86,ALBERTS WAY,AVERILL,VT,05901,-71.685009,44.984703,50,009,950100,1
"324 BAKER LN CONCORD, VT 05824 ",324,BAKER LN,CONCORD,VT,05824,-71.876801,44.400472,50,009,950500,2
"4134 VT ROUTE 114 CANAAN, VT 05903 ",4134,VT ROUTE 114,CANAAN,VT,05903,-71.620832,45.010041,50,009,950100,2
"695 VT ROUTE 253 CANAAN, VT 05902 ",695,VT ROUTE 253,CANAAN,VT,05902,-71.514077,45.00488,50,009,950100,2
"1064 US ROUTE 2 GUILDHALL, VT 05905 ",1064,US ROUTE 2,GUILDHALL,VT,05905,-71.595857,44.49579,50,009,950500,1
"310 TOBYNE RD LUNENBURG, VT 05906 ",310,TOBYNE RD,LUNENBURG,VT,05906,-71.743284,44.471472,50,009,950500,1
"215 FOURNIER RD LUNENBURG, VT 05906 ",215,FOURNIER RD,LUNENBURG,VT,05906,-71.726605,44.470676,50,009,950500,1
"5274 MAIDSTONE LAKE RD MAIDSTONE, VT 05905 ",5274,MAIDSTONE LAKE RD,MAIDSTONE,VT,05905,-71.640637,44.646894,50,009,950100,1
"50 COOK ST CANAAN, VT 05903 ",50,COOK ST,CANAAN,VT,05903,-71.548946,45.001183,50,009,950100,2
"201 RUSSELL FARM RD LUNENBURG, VT 05906 ",201,RUSSELL FARM RD,LUNENBURG,VT,05906,-71.73134,44.441547,50,009,950500,3
"0 VT ROUTE 102 CANAAN, VT 05903 ",0,VT ROUTE 102,CANAAN,VT,05903,-71.529162,44.965885,50,009,950100,2
"54 CANAAN MOBILE HOME PARK CANAAN, VT 05903 ",54,CANAAN MOBILE HOME PARK,CANAAN,VT,05903,-71.540331,44.995069,50,009,950100,2
"0 POND HILL RD LUNENBURG, VT 05906 ",0,POND HILL RD,LUNENBURG,VT,05906,-71.704973,44.494816,50,009,950500,1
"5238 VT ROUTE 114 CANAAN, VT 05903 ",5238,VT ROUTE 114,CANAAN,VT,05903,-71.64181,45.006753,50,009,950100,2
"1001 PLEASANT ST BRIGHTON, VT 05846 ",1001,PLEASANT ST,BRIGHTON,VT,05846,-71.873273,44.79868,50,009,950200,1
"65 MAPLE ST EAST HAVEN, VT 05837 ",65,MAPLE ST,EAST HAVEN,VT,05837,-71.89098,44.642727,50,009,950500,1
"0 HIGH RIDGE RD CONCORD, VT 05824 ",0,HIGH RIDGE RD,CONCORD,VT,05824,-71.866724,44.377422,50,009,950500,2
"44 DUBEAU RD CANAAN, VT 05903 ",44,DUBEAU RD,CANAAN,VT,05903,-71.638375,45.005817,50,009,950100,2
"21 RAILROAD ST BRIGHTON, VT 05846 ",21,RAILROAD ST,BRIGHTON,VT,05846,-71.881599,44.814949,50,009,950200,1
"0 HALL STREAM RD CANAAN, VT 05902 ",0,HALL STREAM RD,CANAAN,VT,05902,-71.500158,45.010107,50,009,950100,2
"66 LAKE ACCESS RD CANAAN, VT 05903 ",66,LAKE ACCESS RD,CANAAN,VT,05903,-71.633106,45.009614,50,009,950100,2
"106 CEDAR ST CONCORD, VT 05824 ",106,CEDAR ST,CONCORD,VT,05824,-71.755247,44.425778,50,009,950500,2
"118 MOUNTAIN ST BRIGHTON, VT 05846 ",118,MOUNTAIN ST,BRIGHTON,VT,05846,-71.880635,44.817936,50,009,950200,1
"4822 VT ROUTE 114 CANAAN, VT 05903 ",4822,VT ROUTE 114,CANAAN,VT,05903,-71.634363,45.008427,50,009,950100,2
"340 PIT AND RO RD FERDINAND, VT 05846 ",340,PIT AND RO RD,FERDINAND,VT,05846,-71.808777,44.758058,50,009,950100,1
"147 CHARLOTTE LN CONCORD, VT 05824 ",147,CHARLOTTE LN,CONCORD,VT,05824,-71.872342,44.404776,50,009,950500,2
"3880 MAIDSTONE LAKE RD MAIDSTONE, VT 05905 ",3880,MAIDSTONE LAKE RD,MAIDSTONE,VT,05905,-71.647103,44.664397,50,009,950100,1
"297 LAKE VIEW RD NORTON, VT 05907 ",297,LAKE VIEW RD,NORTON,VT,05907,-71.712263,44.995309,50,009,950100,1
"311 SE POND RD LUNENBURG, VT 05906 ",311,SE  POND RD,LUNENBURG,VT,05906,-71.687906,44.488711,50,009,950500,1
"172 BLUEBERRY LN BRIGHTON, VT 05846 ",172,BLUEBERRY LN,BRIGHTON,VT,05846,-71.872035,44.79807,50,009,950200,1
"59 PRIVATE WEST 6 MAIDSTONE, VT 05905 ",59,PRIVATE WEST 6,MAIDSTONE,VT,05905,-71.651854,44.65155,50,009,950100,1
"361 CHARLESTON RD BRIGHTON, VT 05846 ",361,CHARLESTON RD,BRIGHTON,VT,05846,-71.892988,44.800499,50,009,950200,1
"225 SE POND RD LUNENBURG, VT 05906 ",225,SE   POND RD,LUNENBURG,VT,05906,-71.689384,44.485288,50,009,950500,1
"58 MILES LN CONCORD, VT 05824 ",58,MILES LN,CONCORD,VT,05824,-71.813068,44.45007,50,009,950500,2
"210 E MAIN ST LUNENBURG, VT 05906 ",210,E   MAIN ST,LUNENBURG,VT,05906,-71.674063,44.463292,50,009,950500,3
"232 COMMERCIAL AVE LUNENBURG, VT 05904 ",232,COMMERCIAL AVE,LUNENBURG,VT,05904,-71.723321,44.413351,50,009,950500,3
"169 CHARLOTTE LN CONCORD, VT 05824 ",169,CHARLOTTE LN,CONCORD,VT,05824,-71.872594,44.40456,50,009,950500,2
"5586 VT ROUTE 102 MAIDSTONE, VT 05905 ",5586,VT ROUTE 102,MAIDSTONE,VT,05905,-71.564951,44.638623,50,009,950100,1
"2996 POND HILL RD LUNENBURG, VT 05906 ",2996,POND HILL RD,LUNENBURG,VT,05906,-71.725313,44.490178,50,009,950500,1
"426 COTTAGE RD AVERILL, VT 05901 ",426,COTTAGE RD,AVERILL,VT,05901,-71.703822,44.993717,50,009,950100,1
"3105 VT ROUTE 114 S NORTON, VT 05907 ",3105,VT ROUTE 114  S,NORTON,VT,05907,-71.816374,44.968578,50,009,950100,1
"2157 VT ROUTE 114 S NORTON, VT 05907 ",2157,VT ROUTE 114  S,NORTON,VT,05907,-71.816064,44.98195,50,009,950100,1
"1609 WESTSIDE LAKE RD MAIDSTONE, VT 05905 ",1609,WESTSIDE LAKE RD,MAIDSTONE,VT,05905,-71.654029,44.647158,50,009,950100,1
"1258 VICTORY HL VICTORY, VT 05858 ",1258,VICTORY HL,VICTORY,VT,05858,-71.849366,44.526861,50,009,950500,1
"447 JAQUES RD CONCORD, VT 05824 ",447,JAQUES RD,CONCORD,VT,05824,-71.812796,44.413352,50,009,950500,2
"0 RESERVOIR RD CANAAN, VT 05903 ",0,RESERVOIR RD,CANAAN,VT,05903,-71.544809,45.006244,50,009,950100,2
"468 MIDDLE ST BRIGHTON, VT 05846 ",468,MIDDLE ST,BRIGHTON,VT,05846,-71.88886,44.820651,50,009,950200,1
"978 TODD HILL RD CANAAN, VT 05903 ",978,TODD HILL RD,CANAAN,VT,05903,-71.539698,44.930731,50,009,950100,2
"0 VT ROUTE 114 CANAAN, VT 05903 ",0,VT ROUTE 114,CANAAN,VT,05903,-71.657488,45.006126,50,009,950100,2
"0 RIVER RD LUNENBURG, VT 05906 ",0,RIVER RD,LUNENBURG,VT,05906,-71.65574,44.459529,50,009,950500,3
"2406 VT ROUTE 102 MAIDSTONE, VT 05905 ",2406,VT ROUTE 102,MAIDSTONE,VT,05905,-71.560866,44.598143,50,009,950100,1
"29 POWER HOUSE RD CANAAN, VT 05903 ",29,POWER HOUSE RD,CANAAN,VT,05903,-71.53512,44.996294,50,009,950100,2
"177 LAKE ACCESS RD CANAAN, VT 05903 ",177,LAKE ACCESS RD,CANAAN,VT,05903,-71.635789,45.01049,50,009,950100,2
"157 GALE ST CANAAN, VT 05903 ",157,GALE ST,CANAAN,VT,05903,-71.538209,44.996043,50,009,950100,2
"2 MAIN ST BRIGHTON, VT 05846 ",2,MAIN ST,BRIGHTON,VT,05846,-71.880902,44.81491,50,009,950200,1
"124 W MAIN ST LUNENBURG, VT 05906 ",124,W  MAIN ST,LUNENBURG,VT,05906,-71.687122,44.463031,50,009,950500,1
"3960 MAIDSTONE LAKE RD MAIDSTONE, VT 05905 ",3960,MAIDSTONE LAKE RD,MAIDSTONE,VT,05905,-71.646159,44.663384,50,009,950100,1
"0 HUDSON RD CANAAN, VT 05903 ",0,HUDSON RD,CANAAN,VT,05903,-71.540908,44.935291,50,009,950100,2
"1512 MORIN RD GUILDHALL, VT 05905 ",1512,MORIN RD,GUILDHALL,VT,05905,-71.625132,44.506105,50,009,950500,1
"0 W LUNENBURG RD LUNENBURG, VT 05906 ",0,W   LUNENBURG RD,LUNENBURG,VT,05906,-71.702366,44.462185,50,009,950500,1
"326 SLADYK TRL WARRENS GORE, VT 05907 ",326,SLADYK TRL,WARRENS GORE,VT,05907,-71.868373,44.937331,50,009,950100,1
"0 WESTSIDE LAKE RD MAIDSTONE, VT 05905 ",0,WESTSIDE LAKE RD,MAIDSTONE,VT,05905,-71.659233,44.642059,50,009,950100,1
"281 TREATMENT PLANT RD CANAAN, VT 05903 ",281,TREATMENT PLANT RD,CANAAN,VT,05903,-71.539578,44.988152,50,009,950100,2
"843 N CONCORD RD CONCORD, VT 05858 ",843,N   CONCORD RD,CONCORD,VT,05858,-71.860771,44.465815,50,009,950500,2
"180 CARGILL RD BRIGHTON, VT 05846 ",180,CARGILL RD,BRIGHTON,VT,05846,-71.890213,44.823361,50,009,950200,1
"119 APPLEBEE RD BRIGHTON, VT 05846 ",119,APPLEBEE RD,BRIGHTON,VT,05846,-71.880375,44.811711,50,009,950200,1
"0 WESTSIDE LAKE RD MAIDSTONE, VT 05905 ",0,WESTSIDE LAKE RD,MAIDSTONE,VT,05905,-71.659404,44.641985,50,009,950100,1
"64 VT ROUTE 114 WARRENS GORE, VT 05907 ",64,VT ROUTE 114,WARRENS GORE,VT,05907,-71.893814,44.889314,50,009,950100,1
"99 VT ROUTE 105 FERDINAND, VT 05846 ",99,VT ROUTE 105,FERDINAND,VT,05846,-71.800993,44.785708,50,009,950100,1
"1723 POND HILL RD LUNENBURG, VT 05906 ",1723,POND HILL RD,LUNENBURG,VT,05906,-71.716405,44.507504,50,009,950500,1
"321 SPENCER HILL RD BLOOMFIELD, VT 05905 ",321,SPENCER HILL RD,BLOOMFIELD,VT,05905,-71.632001,44.75802,50,009,950100,1
"53 EAST ST CANAAN, VT 05902 ",53,EAST ST,CANAAN,VT,05902,-71.505742,45.00968,50,009,950100,2
"6722 GRANBY RD GRANBY, VT 05858 ",6722,GRANBY RD,GRANBY,VT,05858,-71.718148,44.577932,50,009,950500,1
"493 WESTSIDE LAKE RD MAIDSTONE, VT 05905 ",493,WESTSIDE LAKE RD,MAIDSTONE,VT,05905,-71.649041,44.660986,50,009,950100,1
"384 HEAD OF THE POND RD BRIGHTON, VT 05846 ",384,HEAD OF THE POND RD,BRIGHTON,VT,05846,-71.867524,44.785825,50,009,950200,1
"3107 FELLOWS RD GUILDHALL, VT 05905 ",3107,FELLOWS RD,GUILDHALL,VT,05905,-71.630662,44.544112,50,009,950500,1
"39 PRIVATE WEST 7 MAIDSTONE, VT 05905 ",39,PRIVATE WEST 7,MAIDSTONE,VT,05905,-71.652001,44.647241,50,009,950100,1
"0 TREATMENT PLANT RD LUNENBURG, VT 05904 ",0,TREATMENT PLANT RD,LUNENBURG,VT,05904,-71.716021,44.411324,50,009,950500,3
"313 CAPON BROOK RD CANAAN, VT 05903 ",313,CAPON BROOK RD,CANAAN,VT,05903,-71.53213,44.936986,50,009,950100,2
"1083 CHARLESTON RD BRIGHTON, VT 05846 ",1083,CHARLESTON RD,BRIGHTON,VT,05846,-71.906656,44.797686,50,009,950200,1
"430 CHARLESTON RD BRIGHTON, VT 05846 ",430,CHARLESTON RD,BRIGHTON,VT,05846,-71.895289,44.801011,50,009,950200,1
"101 BEAR HILL RD MAIDSTONE, VT 05905 ",101,BEAR HILL RD,MAIDSTONE,VT,05905,-71.58789,44.652891,50,009,950100,1
"0 COLBY RD LUNENBURG, VT 05906 ",0,COLBY RD,LUNENBURG,VT,05906,-71.674681,44.517495,50,009,950500,1
"1470 VT ROUTE 102 BLOOMFIELD, VT 05905 ",1470,VT ROUTE 102,BLOOMFIELD,VT,05905,-71.612663,44.76421,50,009,950100,1
"132 W MAIN ST LUNENBURG, VT 05906 ",132,W  MAIN ST,LUNENBURG,VT,05906,-71.687674,44.462921,50,009,950500,1
"1380 MAILLETT RD LUNENBURG, VT 05906 ",1380,MAILLETT RD,LUNENBURG,VT,05906,-71.683122,44.430737,50,009,950500,3
"0 MAIDSTONE LAKE RD MAIDSTONE, VT 05905 ",0,MAIDSTONE LAKE RD,MAIDSTONE,VT,05905,-71.639596,44.657019,50,009,950100,1
"123 S AMERICA POND RD FERDINAND, VT 05846 ",123,S   AMERICA POND RD,FERDINAND,VT,05846,-71.727918,44.758748,50,009,950100,1
"1520 VT ROUTE 105 FERDINAND, VT 05846 ",1520,VT ROUTE 105,FERDINAND,VT,05846,-71.772439,44.776975,50,009,950100,1
"4372 MAIDSTONE LAKE RD MAIDSTONE, VT 05905 ",4372,MAIDSTONE LAKE RD,MAIDSTONE,VT,05905,-71.640439,44.659283,50,009,950100,1
"53 BEAN BROOK RD EAST HAVEN, VT 05837 ",53,BEAN BROOK RD,EAST HAVEN,VT,05837,-71.890141,44.664534,50,009,950500,1
"2151 VT ROUTE 102 CANAAN, VT 05903 ",2151,VT ROUTE 102,CANAAN,VT,05903,-71.525222,44.937949,50,009,950100,2
"2040 FOREST LAKE RD AVERILL, VT 05901 ",2040,FOREST LAKE RD,AVERILL,VT,05901,-71.684687,44.983751,50,009,950100,1
"135 W MAIN ST LUNENBURG, VT 05906 ",135,W  MAIN ST,LUNENBURG,VT,05906,-71.687671,44.462561,50,009,950500,3
"253 GIDEONS MILL RD BRIGHTON, VT 05846 ",253,GIDEONS MILL RD,BRIGHTON,VT,05846,-71.916192,44.811678,50,009,950200,1
"182 VICTORY MOUNTAIN RD BRIGHTON, VT 05846 ",182,VICTORY MOUNTAIN RD,BRIGHTON,VT,05846,-71.841203,44.767198,50,009,950200,1
"2874 SHADOW LAKE RD CONCORD, VT 05824 ",2874,SHADOW LAKE RD,CONCORD,VT,05824,-71.865617,44.403251,50,009,950500,2
"177 RIVERSIDE AVE LUNENBURG, VT 05906 ",177,RIVERSIDE AVE,LUNENBURG,VT,05906,-71.726939,44.412125,50,009,950500,3
"474 BAUMANN RD NORTON, VT 05907 ",474,BAUMANN RD,NORTON,VT,05907,-71.805151,45.006413,50,009,950100,1
"1279 LAKESHORE DR BRIGHTON, VT 05846 ",1279,LAKESHORE DR,BRIGHTON,VT,05846,-71.858989,44.80325,50,009,950200,1
"183 FULLER RD BLOOMFIELD, VT 05905 ",183,FULLER RD,BLOOMFIELD,VT,05905,-71.596588,44.784269,50,009,950100,1
"15 MEADOW ST BRIGHTON, VT 05846 ",15,MEADOW ST,BRIGHTON,VT,05846,-71.886409,44.817003,50,009,950200,1
"140 NORCOTT LN BLOOMFIELD, VT 05905 ",140,NORCOTT LN,BLOOMFIELD,VT,05905,-71.647917,44.776867,50,009,950100,1
"0 COMMERCIAL AVE LUNENBURG, VT 05904 ",0,COMMERCIAL AVE,LUNENBURG,VT,05904,-71.720183,44.413107,50,009,950500,3
"2597 RIVER RD LUNENBURG, VT 05904 ",2597,RIVER RD,LUNENBURG,VT,05904,-71.708994,44.414527,50,009,950500,3
"483 STREETER RD CONCORD, VT 05824 ",483,STREETER RD,CONCORD,VT,05824,-71.834527,44.436118,50,009,950500,2
"33 KEMP HILL RD CANAAN, VT 05903 ",33,KEMP HILL RD,CANAAN,VT,05903,-71.542206,44.978196,50,009,950100,2
"2031 WESTSIDE LAKE RD MAIDSTONE, VT 05905 ",2031,WESTSIDE LAKE RD,MAIDSTONE,VT,05905,-71.657965,44.643645,50,009,950100,1
"205 SOUTH ST CONCORD, VT 05824 ",205,SOUTH ST,CONCORD,VT,05824,-71.88359,44.427487,50,009,950500,2
"723 POND HILL RD LUNENBURG, VT 05906 ",723,POND HILL RD,LUNENBURG,VT,05906,-71.700603,44.48507,50,009,950500,1
"145 RIVER RD EAST HAVEN, VT 05837 ",145,RIVER RD,EAST HAVEN,VT,05837,-71.887887,44.656995,50,009,950500,1
"73 PERCY VW MAIDSTONE, VT 05905 ",73,PERCY VW,MAIDSTONE,VT,05905,-71.594352,44.658843,50,009,950100,1
"52 HENSHAW RD BRIGHTON, VT 05846 ",52,HENSHAW RD,BRIGHTON,VT,05846,-71.863309,44.816106,50,009,950200,1
"1074 CAMPERS LN CONCORD, VT 05824 ",1074,CAMPERS LN,CONCORD,VT,05824,-71.814247,44.443355,50,009,950500,2
"0 COLE HILL RD LUNENBURG, VT 05906 ",0,COLE HILL RD,LUNENBURG,VT,05906,-71.661514,44.504398,50,009,950500,1
"1451 LAKESHORE DR BRIGHTON, VT 05846 ",1451,LAKESHORE DR,BRIGHTON,VT,05846,-71.857474,44.80556,50,009,950200,1
"2276 STONE DAM RD BLOOMFIELD, VT 05905 ",2276,STONE DAM RD,BLOOMFIELD,VT,05905,-71.699873,44.798214,50,009,950100,1
"548 E BRIGHTON RD BRIGHTON, VT 05846 ",548,E  BRIGHTON RD,BRIGHTON,VT,05846,-71.872426,44.81675,50,009,950200,1
"630 CAMPERS LN CONCORD, VT 05824 ",630,CAMPERS LN,CONCORD,VT,05824,-71.805984,44.445013,50,009,950500,2
"5985 VT ROUTE 102 GUILDHALL, VT 05905 ",5985,VT ROUTE 102,GUILDHALL,VT,05905,-71.58503,44.566848,50,009,950500,1
"63 BELLEVUE AVE BRIGHTON, VT 05846 ",63,BELLEVUE AVE,BRIGHTON,VT,05846,-71.881774,44.808051,50,009,950200,1
"6402 VT ROUTE 102 GUILDHALL, VT 05905 ",6402,VT ROUTE 102,GUILDHALL,VT,05905,-71.577544,44.566142,50,009,950500,1
"6624 VT ROUTE 102 CANAAN, VT 05903 ",6624,VT ROUTE 102,CANAAN,VT,05903,-71.539877,44.993517,50,009,950100,2
"1798 CROSS RD CONCORD, VT 05824 ",1798,CROSS RD,CONCORD,VT,05824,-71.906854,44.424711,50,009,950500,2
"155 AUBURN STAR RD LUNENBURG, VT 05906 ",155,AUBURN STAR RD,LUNENBURG,VT,05906,-71.624066,44.480154,50,009,950500,1
"374 RIVER RD CANAAN, VT 05902 ",374,RIVER RD,CANAAN,VT,05902,-71.500778,45.006739,50,009,950100,2
"142 BOBBIN MILL RD LUNENBURG, VT 05906 ",142,BOBBIN MILL RD,LUNENBURG,VT,05906,-71.681225,44.466995,50,009,950500,1
"48 CEDAR ST LUNENBURG, VT 05904 ",48,CEDAR ST,LUNENBURG,VT,05904,-71.719882,44.414745,50,009,950500,3
"958 COTTAGE RD AVERILL, VT 05901 ",958,COTTAGE RD,AVERILL,VT,05901,-71.696688,44.988076,50,009,950100,1
"0 CRANK RD BLOOMFIELD, VT 05905 ",0,CRANK RD,BLOOMFIELD,VT,05905,-71.58176,44.822331,50,009,950100,1
"21 MIDDLE ST BRIGHTON, VT 05846 ",21,MIDDLE ST,BRIGHTON,VT,05846,-71.881607,44.816764,50,009,950200,1
"573 CEDARWOOD DR BRIGHTON, VT 05846 ",573,CEDARWOOD DR,BRIGHTON,VT,05846,-71.897378,44.792734,50,009,950200,1
"0 CLAY BROOK RD CANAAN, VT 05903 ",0,CLAY BROOK RD,CANAAN,VT,05903,-71.589685,44.960113,50,009,950100,2
"605 LEONARD HILL RD CONCORD, VT 05824 ",605,LEONARD HILL RD,CONCORD,VT,05824,-71.766366,44.423396,50,009,950500,2
"248 TAMARACK LN MAIDSTONE, VT 05905 ",248,TAMARACK LN,MAIDSTONE,VT,05905,-71.589686,44.589737,50,009,950100,1
"3807 VT ROUTE 102 GUILDHALL, VT 05905 ",3807,VT ROUTE 102,GUILDHALL,VT,05905,-71.587686,44.544568,50,009,950500,1
"364 CAMPERS LN CONCORD, VT 05824 ",364,CAMPERS LN,CONCORD,VT,05824,-71.801512,44.446661,50,009,950500,2
"499 FULLER RD BLOOMFIELD, VT 05905 ",499,FULLER RD,BLOOMFIELD,VT,05905,-71.599688,44.78942,50,009,950100,1
"0 VT ROUTE 105 BLOOMFIELD, VT 05905 ",0,VT ROUTE 105,BLOOMFIELD,VT,05905,-71.643262,44.762688,50,009,950100,1
"593 FELLOWS RD GUILDHALL, VT 05905 ",593,FELLOWS RD,GUILDHALL,VT,05905,-71.605065,44.51425,50,009,950500,1
"636 S LUNENBURG RD LUNENBURG, VT 05906 ",636,S  LUNENBURG RD,LUNENBURG,VT,05906,-71.676036,44.446381,50,009,950500,3
"129 BURTS LN CONCORD, VT 05824 ",129,BURTS LN,CONCORD,VT,05824,-71.80343,44.449209,50,009,950500,2
"483 CAMPERS LN CONCORD, VT 05824 ",483,CAMPERS LN,CONCORD,VT,05824,-71.803293,44.445614,50,009,950500,2
"141 MR B RD FERDINAND, VT 05846 ",141,MR B RD,FERDINAND,VT,05846,-71.719234,44.757854,50,009,950100,1
"224 MAIN ST CONCORD, VT 05824 ",224,MAIN ST,CONCORD,VT,05824,-71.891209,44.428978,50,009,950500,2
"555 MOUNTAIN ST BRIGHTON, VT 05846 ",555,MOUNTAIN ST,BRIGHTON,VT,05846,-71.878289,44.824209,50,009,950200,1
"190 E MAIN ST CONCORD, VT 05824 ",190,E   MAIN ST,CONCORD,VT,05824,-71.876609,44.443065,50,009,950500,2
"51 BUNNELL RD CONCORD, VT 05824 ",51,BUNNELL RD,CONCORD,VT,05824,-71.862049,44.38431,50,009,950500,2
"24 JACKSON LODGE RD CANAAN, VT 05903 ",24,JACKSON LODGE RD,CANAAN,VT,05903,-71.615171,45.009626,50,009,950100,2
"0 VT ROUTE 114 CANAAN, VT 05903 ",0,VT ROUTE 114,CANAAN,VT,05903,-71.557229,45.006714,50,009,950100,2
"1076 MORIN RD GUILDHALL, VT 05905 ",1076,MORIN RD,GUILDHALL,VT,05905,-71.621977,44.499999,50,009,950500,1
"2171 WESTSIDE LAKE RD MAIDSTONE, VT 05905 ",2171,WESTSIDE LAKE RD,MAIDSTONE,VT,05905,-71.659067,44.641739,50,009,950100,1
"72 RIVER RD CANAAN, VT 05902 ",72,RIVER RD,CANAAN,VT,05902,-71.506374,45.008375,50,009,950100,2
"1416 HUDSON RD CANAAN, VT 05903 ",1416,HUDSON RD,CANAAN,VT,05903,-71.567579,44.946543,50,009,950100,2
"181 SIMONDS RD LUNENBURG, VT 05906 ",181,SIMONDS RD,LUNENBURG,VT,05906,-71.648402,44.503323,50,009,950500,1
"0 KEMP HILL RD CANAAN, VT 05903 ",0,KEMP HILL RD,CANAAN,VT,05903,-71.548734,44.978217,50,009,950100,2
"290 LADD RD CONCORD, VT 05824 ",290,LADD RD,CONCORD,VT,05824,-71.863046,44.456556,50,009,950500,2
"1031 JACKSON RD AVERILL, VT 05901 ",1031,JACKSON RD,AVERILL,VT,05901,-71.704336,44.97675,50,009,950100,1
"0 SFH MAIDSTONE, VT 05905 ",0,SFH,MAIDSTONE,VT,05905,-71.64556,44.637052,50,009,950100,1
"2349 WESTSIDE LAKE RD MAIDSTONE, VT 05905 ",2349,WESTSIDE LAKE RD,MAIDSTONE,VT,05905,-71.661056,44.639605,50,009,950100,1
"0 NOTCH POND RD BRUNSWICK, VT 05905 ",0,NOTCH POND RD,BRUNSWICK,VT,05905,-71.702914,44.745829,50,009,950100,1
"19 FORTY WINKS RD BRIGHTON, VT 05846 ",19,FORTY WINKS RD,BRIGHTON,VT,05846,-71.82839,44.763877,50,009,950200,1
"2503 CHARLESTON RD BRIGHTON, VT 05846 ",2503,CHARLESTON RD,BRIGHTON,VT,05846,-71.930554,44.805269,50,009,950200,1
"825 RAILROAD ST BRIGHTON, VT 05846 ",825,RAILROAD ST,BRIGHTON,VT,05846,-71.893989,44.821506,50,009,950200,1
"3794 MAIDSTONE LAKE RD MAIDSTONE, VT 05905 ",3794,MAIDSTONE LAKE RD,MAIDSTONE,VT,05905,-71.648113,44.665535,50,009,950100,1
"329 STREETER RD CONCORD, VT 05824 ",329,STREETER RD,CONCORD,VT,05824,-71.835,44.433343,50,009,950500,2
"0 COTTAGE RD AVERILL, VT 05901 ",0,COTTAGE RD,AVERILL,VT,05901,-71.707616,44.996485,50,009,950100,1
"0 LANCASTER RD LUNENBURG, VT 05906 ",0,LANCASTER RD,LUNENBURG,VT,05906,-71.644189,44.478265,50,009,950500,1
"229 CEDAR ST CONCORD, VT 05906 ",229,CEDAR ST,CONCORD,VT,05906,-71.755468,44.427104,50,009,950500,2
"378 S AMERICA CAMP TRL FERDINAND, VT 05905 ",378,S   AMERICA CAMP TRL,FERDINAND,VT,05905,-71.741608,44.7059,50,009,950100,1
"857 ROYALSTON CORNER RD CONCORD, VT 05824 ",857,ROYALSTON CORNER RD,CONCORD,VT,05824,-71.869363,44.433767,50,009,950500,2
"5 PARK ST CANAAN, VT 05903 ",5,PARK ST,CANAAN,VT,05903,-71.539234,44.995432,50,009,950100,2
"44 DEPOT CAMP RD GRANBY, VT 05837 ",44,DEPOT CAMP RD,GRANBY,VT,05837,-71.693452,44.640032,50,009,950500,1
"99 MILES LN CONCORD, VT 05824 ",99,MILES LN,CONCORD,VT,05824,-71.812199,44.449979,50,009,950500,2
"0 JEFFERSON AVE LUNENBURG, VT 05904 ",0,JEFFERSON AVE,LUNENBURG,VT,05904,-71.720698,44.413996,50,009,950500,3
"2718 VT ROUTE 102 BRUNSWICK, VT 05905 ",2718,VT ROUTE 102,BRUNSWICK,VT,05905,-71.617715,44.719624,50,009,950100,1
"0 TOWN HWY 21 CANAAN, VT 05903 ",0,TOWN HWY 21,CANAAN,VT,05903,-71.548211,44.926689,50,009,950100,2
"85 SETTER RD CONCORD, VT 05824 ",85,SETTER RD,CONCORD,VT,05824,-71.870137,44.390141,50,009,950500,2
"0 VT ROUTE 114 CANAAN, VT 05903 ",0,VT ROUTE 114,CANAAN,VT,05903,-71.628977,45.008971,50,009,950100,2
"7240 VT ROUTE 102 GUILDHALL, VT 05905 ",7240,VT ROUTE 102,GUILDHALL,VT,05905,-71.560029,44.565309,50,009,950500,1
"0 CANAAN HILL RD AVERILL, VT 05901 ",0,CANAAN HILL RD,AVERILL,VT,05901,-71.633206,44.96776,50,009,950100,1
"134 ATWOOD DR BRIGHTON, VT 05846 ",134,ATWOOD DR,BRIGHTON,VT,05846,-71.838877,44.778259,50,009,950200,1
"380 E MAIN ST LUNENBURG, VT 05906 ",380,E   MAIN ST,LUNENBURG,VT,05906,-71.667754,44.463676,50,009,950500,3
"342 EAST HAVEN RD BRIGHTON, VT 05846 ",342,EAST HAVEN RD,BRIGHTON,VT,05846,-71.909777,44.792749,50,009,950200,1
"3879 VT ROUTE 114 CANAAN, VT 05903 ",3879,VT ROUTE 114,CANAAN,VT,05903,-71.615819,45.00898,50,009,950100,2
"1398 HEAD OF THE POND RD BRIGHTON, VT 05846 ",1398,HEAD OF THE POND RD,BRIGHTON,VT,05846,-71.854196,44.774511,50,009,950200,1
"7392 VT ROUTE 114 CANAAN, VT 05903 ",7392,VT ROUTE 114,CANAAN,VT,05903,-71.685504,45.006008,50,009,950100,2
"0 E MAIN ST LUNENBURG, VT 05906 ",0,E   MAIN ST,LUNENBURG,VT,05906,-71.68129,44.462916,50,009,950500,3
"0 CHRISTIAN HL CANAAN, VT 05903 ",0,CHRISTIAN HL,CANAAN,VT,05903,-71.534908,44.998042,50,009,950100,2
"1579 W MAIN ST CONCORD, VT 05824 ",1579,W   MAIN ST,CONCORD,VT,05824,-71.897986,44.431392,50,009,950500,2
"0 CLAY BROOK RD CANAAN, VT 05903 ",0,CLAY BROOK RD,CANAAN,VT,05903,-71.593067,44.95939,50,009,950100,2
"1048 LAKESHORE DR BRIGHTON, VT 05846 ",1048,LAKESHORE DR,BRIGHTON,VT,05846,-71.857191,44.799197,50,009,950200,1
"1731 RIVER RD CANAAN, VT 05902 ",1731,RIVER RD,CANAAN,VT,05902,-71.477766,45.01008,50,009,950100,2
"149 COMMERCIAL AVE LUNENBURG, VT 05904 ",149,COMMERCIAL AVE,LUNENBURG,VT,05904,-71.720365,44.413199,50,009,950500,3
"87 VT ROUTE 105 FERDINAND, VT 05846 ",87,VT ROUTE 105,FERDINAND,VT,05846,-71.801508,44.785697,50,009,950100,1
"656 E MAIN ST CONCORD, VT 05824 ",656,E   MAIN ST,CONCORD,VT,05824,-71.871989,44.449115,50,009,950500,2
"298 THOMAS RD LUNENBURG, VT 05906 ",298,THOMAS RD,LUNENBURG,VT,05906,-71.73348,44.43039,50,009,950500,3
"3661 VT ROUTE 114 S NORTON, VT 05907 ",3661,VT ROUTE 114  S,NORTON,VT,05907,-71.824469,44.963034,50,009,950100,1
"1720 OREGON RD CONCORD, VT 05906 ",1720,OREGON RD,CONCORD,VT,05906,-71.762888,44.441933,50,009,950500,2
"2448 LOST NATION RD EAST HAVEN, VT 05837 ",2448,LOST NATION RD,EAST HAVEN,VT,05837,-71.847107,44.690421,50,009,950500,1
"127 RIVERSIDE AVE LUNENBURG, VT 05906 ",127,RIVERSIDE AVE,LUNENBURG,VT,05906,-71.72462,44.412188,50,009,950500,3
"1669 PARADIS MOUNTAIN RD BRIGHTON, VT 05846 ",1669,PARADIS MOUNTAIN RD,BRIGHTON,VT,05846,-71.890506,44.788051,50,009,950200,1
"54 RESERVOIR RD CANAAN, VT 05903 ",54,RESERVOIR RD,CANAAN,VT,05903,-71.535509,45.001507,50,009,950100,2
"0 FULLER RD BLOOMFIELD, VT 05905 ",0,FULLER RD,BLOOMFIELD,VT,05905,-71.597621,44.790185,50,009,950100,1
"0 LEWIS POND RD LEWIS, VT 05907 ",0,LEWIS POND RD,LEWIS,VT,05907,-71.78844,44.859744,50,009,950100,1
"0 KIMBALL RD LUNENBURG, VT 05906 ",0,KIMBALL RD,LUNENBURG,VT,05906,-71.695426,44.462915,50,009,950500,1
"216 VT ROUTE 114 CANAAN, VT 05903 ",216,VT ROUTE 114,CANAAN,VT,05903,-71.547727,45.001951,50,009,950100,2
"4129 VICTORY RD VICTORY, VT 05858 ",4129,VICTORY RD,VICTORY,VT,05858,-71.787217,44.576425,50,009,950500,1
"367 BAPTIST HILL RD LUNENBURG, VT 05906 ",367,BAPTIST HILL RD,LUNENBURG,VT,05906,-71.704896,44.4532,50,009,950500,3
"1291 RIVER RD VICTORY, VT 05858 ",1291,RIVER RD,VICTORY,VT,05858,-71.786752,44.564352,50,009,950500,1
"0 VT ROUTE 102 CANAAN, VT 05903 ",0,VT ROUTE 102,CANAAN,VT,05903,-71.541786,44.99289,50,009,950100,2
"6634 GRANBY RD GRANBY, VT 05858 ",6634,GRANBY RD,GRANBY,VT,05858,-71.715911,44.57775,50,009,950500,1
"4070 VT ROUTE 114 CANAAN, VT 05903 ",4070,VT ROUTE 114,CANAAN,VT,05903,-71.620032,45.009861,50,009,950100,2
"1946 BAPTIST HILL RD LUNENBURG, VT 05906 ",1946,BAPTIST HILL RD,LUNENBURG,VT,05906,-71.717353,44.41731,50,009,950500,3
"0 JUDD RD CANAAN, VT 05903 ",0,JUDD RD,CANAAN,VT,05903,-71.554755,44.998339,50,009,950100,2
"2 WHITE OAK LN LUNENBURG, VT 05906 ",2,WHITE OAK LN,LUNENBURG,VT,05906,-71.680313,44.458808,50,009,950500,3
"1481 WESTSIDE LAKE RD MAIDSTONE, VT 05905 ",1481,WESTSIDE LAKE RD,MAIDSTONE,VT,05905,-71.651327,44.648165,50,009,950100,1
"51 BRIDGE ST GUILDHALL, VT 05905 ",51,BRIDGE ST,GUILDHALL,VT,05905,-71.55972,44.564733,50,009,950500,1
"0 TREATMENT PLANT RD LUNENBURG, VT 05904 ",0,TREATMENT PLANT RD,LUNENBURG,VT,05904,-71.714331,44.412529,50,009,950500,3
"198 CROSS RD BLOOMFIELD, VT 05905 ",198,CROSS RD,BLOOMFIELD,VT,05905,-71.601089,44.802231,50,009,950100,1
"144 VT ROUTE 114 CANAAN, VT 05903 ",144,VT ROUTE 114,CANAAN,VT,05903,-71.546374,45.001427,50,009,950100,2
"3597 E BRIGHTON RD BRIGHTON, VT 05846 ",3597,E  BRIGHTON RD,BRIGHTON,VT,05846,-71.827912,44.789793,50,009,950200,1
"216 PAUL BUNYAN RD BRIGHTON, VT 05846 ",216,PAUL BUNYAN RD,BRIGHTON,VT,05846,-71.913931,44.782841,50,009,950200,1
"233 VT ROUTE 253 CANAAN, VT 05902 ",233,VT ROUTE 253,CANAAN,VT,05902,-71.522883,45.002645,50,009,950100,2
"0 VT ROUTE 102 CANAAN, VT 05903 ",0,VT ROUTE 102,CANAAN,VT,05903,-71.516603,44.918583,50,009,950100,2
"210 VICTORIAN RD EAST HAVEN, VT 05837 ",210,VICTORIAN RD,EAST HAVEN,VT,05837,-71.888464,44.660252,50,009,950500,1
"0 FUND RD CANAAN, VT 05903 ",0,FUND RD,CANAAN,VT,05903,-71.563836,44.980513,50,009,950100,2
"0 COLE HILL RD LUNENBURG, VT 05906 ",0,COLE HILL RD,LUNENBURG,VT,05906,-71.670923,44.510057,50,009,950500,1
"355 BELLAWOOD RD BRIGHTON, VT 05846 ",355,BELLAWOOD RD,BRIGHTON,VT,05846,-71.882468,44.796926,50,009,950200,1
"0 SIMONDS RD LUNENBURG, VT 05906 ",0,SIMONDS RD,LUNENBURG,VT,05906,-71.646441,44.496764,50,009,950500,1
"123 W SIDE RD LUNENBURG, VT 05906 ",123,W  SIDE RD,LUNENBURG,VT,05906,-71.696521,44.48699,50,009,950500,1
"659 FUND RD CANAAN, VT 05903 ",659,FUND RD,CANAAN,VT,05903,-71.57391,44.985879,50,009,950100,2
"0 ANNIE DR LUNENBURG, VT 05906 ",0,ANNIE DR,LUNENBURG,VT,05906,-71.731115,44.44286,50,009,950500,3
"809 VT ROUTE 102 CANAAN, VT 05903 ",809,VT ROUTE 102,CANAAN,VT,05903,-71.517755,44.919743,50,009,950100,2
"109 ALDER ST BRIGHTON, VT 05846 ",109,ALDER ST,BRIGHTON,VT,05846,-71.882698,44.81461,50,009,950200,1
"347 RIVER RD CANAAN, VT 05902 ",347,RIVER RD,CANAAN,VT,05902,-71.501254,45.007396,50,009,950100,2
"0 KEMP HILL RD CANAAN, VT 05903 ",0,KEMP HILL RD,CANAAN,VT,05903,-71.551551,44.973533,50,009,950100,2
"141 CURRAN AVE BRIGHTON, VT 05846 ",141,CURRAN AVE,BRIGHTON,VT,05846,-71.877849,44.818497,50,009,950200,1
"2595 VT ROUTE 102 MAIDSTONE, VT 05905 ",2595,VT ROUTE 102,MAIDSTONE,VT,05905,-71.563543,44.600209,50,009,950100,1
"4 NOTCH POND RD FERDINAND, VT 05905 ",4,NOTCH POND RD,FERDINAND,VT,05905,-71.716348,44.741621,50,009,950100,1
"209 HATCHERY BROOK RD AVERILL, VT 05901 ",209,HATCHERY BROOK RD,AVERILL,VT,05901,-71.700883,44.963697,50,009,950100,1
"36 BLACKTURN BROOK RD NORTON, VT 05907 ",36,BLACKTURN BROOK RD,NORTON,VT,05907,-71.804913,44.995158,50,009,950100,1
"112 DERBY ST BRIGHTON, VT 05846 ",112,DERBY ST,BRIGHTON,VT,05846,-71.883475,44.812255,50,009,950200,1
"661 FUND RD CANAAN, VT 05903 ",661,FUND RD,CANAAN,VT,05903,-71.576313,44.987475,50,009,950100,2
"986 TODD HILL RD LEMINGTON, VT 05903 ",986,TODD HILL RD,LEMINGTON,VT,05903,-71.564973,44.920936,50,009,950100,1
"921 COLBY RD LUNENBURG, VT 05906 ",921,COLBY RD,LUNENBURG,VT,05906,-71.678583,44.500301,50,009,950500,1
"88 BEACH RD MAIDSTONE, VT 05905 ",88,BEACH RD,MAIDSTONE,VT,05905,-71.639976,44.653711,50,009,950100,1
"202 SOUTH ST BRIGHTON, VT 05846 ",202,SOUTH ST,BRIGHTON,VT,05846,-71.882402,44.816651,50,009,950200,1
"0 VT ROUTE 105 BLOOMFIELD, VT 05905 ",0,VT ROUTE 105,BLOOMFIELD,VT,05905,-71.636744,44.757186,50,009,950100,1
"30 SOUTH ST BRIGHTON, VT 05846 ",30,SOUTH ST,BRIGHTON,VT,05846,-71.878737,44.816554,50,009,950200,1
"411 MARKO RD CONCORD, VT 05824 ",411,MARKO RD,CONCORD,VT,05824,-71.916018,44.429415,50,009,950500,2
"264 GALE ST CANAAN, VT 05903 ",264,GALE ST,CANAAN,VT,05903,-71.539713,44.997076,50,009,950100,2
"54 E MAIN ST LUNENBURG, VT 05906 ",54,E   MAIN ST,LUNENBURG,VT,05906,-71.680704,44.461494,50,009,950500,3
"3079 VT ROUTE 102 LEMINGTON, VT 05905 ",3079,VT ROUTE 102,LEMINGTON,VT,05905,-71.547733,44.866126,50,009,950100,1
"5108 NORTH RD MAIDSTONE, VT 05905 ",5108,NORTH RD,MAIDSTONE,VT,05905,-71.615942,44.630352,50,009,950100,1
"607 VT ROUTE 114 CANAAN, VT 05903 ",607,VT ROUTE 114,CANAAN,VT,05903,-71.555453,45.004714,50,009,950100,2
"156 MEMORY LN BRIGHTON, VT 05846 ",156,MEMORY LN,BRIGHTON,VT,05846,-71.877753,44.806099,50,009,950200,1
"0 BAPTIST HILL RD LUNENBURG, VT 05906 ",0,BAPTIST HILL RD,LUNENBURG,VT,05906,-71.716041,44.446244,50,009,950500,3
"253 ROSEBROOK HILL RD BRIGHTON, VT 05846 ",253,ROSEBROOK HILL RD,BRIGHTON,VT,05846,-71.913041,44.788679,50,009,950200,1
"0 VT ROUTE 105 BLOOMFIELD, VT 05905 ",0,VT ROUTE 105,BLOOMFIELD,VT,05905,-71.643545,44.763258,50,009,950100,1
"0 SPENCER HILL RD BLOOMFIELD, VT 05905 ",0,SPENCER HILL RD,BLOOMFIELD,VT,05905,-71.622848,44.77617,50,009,950100,1
"1525 VT ROUTE 102 CANAAN, VT 05903 ",1525,VT ROUTE 102,CANAAN,VT,05903,-71.523871,44.928953,50,009,950100,2
"30 WILDERNESS RD LUNENBURG, VT 05906 ",30,WILDERNESS RD,LUNENBURG,VT,05906,-71.760265,44.469774,50,009,950500,1
"521 BAPTIST HILL RD LUNENBURG, VT 05906 ",521,BAPTIST HILL RD,LUNENBURG,VT,05906,-71.708842,44.450443,50,009,950500,3
"1651 W LUNENBURG RD LUNENBURG, VT 05906 ",1651,W  LUNENBURG RD,LUNENBURG,VT,05906,-71.758364,44.468082,50,009,950500,3
"160 MAYBERRY RD MAIDSTONE, VT 05905 ",160,MAYBERRY RD,MAIDSTONE,VT,05905,-71.659486,44.689474,50,009,950100,1
"2570 EAST HAVEN RD BRIGHTON, VT 05846 ",2570,EAST HAVEN RD,BRIGHTON,VT,05846,-71.898922,44.764402,50,009,950200,1
"790 PAUL STREAM RD MAIDSTONE, VT 05905 ",790,PAUL STREAM RD,MAIDSTONE,VT,05905,-71.645616,44.67814,50,009,950100,1
"1052 RIVER RD VICTORY, VT 05858 ",1052,RIVER RD,VICTORY,VT,05858,-71.789132,44.56598,50,009,950500,1
"1539 HATCHERY BROOK RD AVERILL, VT 05901 ",1539,HATCHERY BROOK RD,AVERILL,VT,05901,-71.678345,44.969481,50,009,950100,1
"98 KEMP HILL RD CANAAN, VT 05903 ",98,KEMP HILL RD,CANAAN,VT,05903,-71.543882,44.97889,50,009,950100,2
"1494 CAMPERS LN CONCORD, VT 05824 ",1494,CAMPERS LN,CONCORD,VT,05824,-71.820761,44.446206,50,009,950500,2
"2997 E BRIGHTON RD BRIGHTON, VT 05846 ",2997,E  BRIGHTON RD,BRIGHTON,VT,05846,-71.837051,44.795115,50,009,950200,1
"69 LAKE EAST 1 MAIDSTONE, VT 05905 ",69,LAKE EAST 1,MAIDSTONE,VT,05905,-71.639659,44.655951,50,009,950100,1
"100 MILTIMORE RD CONCORD, VT 05824 ",100,MILTIMORE RD,CONCORD,VT,05824,-71.891751,44.409872,50,009,950500,2
"407 BOBBIN MILL RD LUNENBURG, VT 05906 ",407,BOBBIN MILL RD,LUNENBURG,VT,05906,-71.678424,44.473261,50,009,950500,1
"336 CAMPERS LN CONCORD, VT 05824 ",336,CAMPERS LN,CONCORD,VT,05824,-71.80025,44.446123,50,009,950500,2
"85 CANAAN MOBILE HOME PARK CANAAN, VT 05903 ",85,CANAAN MOBILE HOME PARK,CANAAN,VT,05903,-71.541187,44.994864,50,009,950100,2
"1703 VT ROUTE 114 S NORTON, VT 05907 ",1703,VT ROUTE 114   S,NORTON,VT,05907,-71.81071,44.987368,50,009,950100,1
"0 RIVER RD CANAAN, VT 05902 ",0,RIVER RD,CANAAN,VT,05902,-71.493342,45.004586,50,009,950100,2
"419 WALTERS FARM RD EAST HAVEN, VT 05837 ",419,WALTERS FARM RD,EAST HAVEN,VT,05837,-71.899758,44.64995,50,009,950500,1
"1017 RAILROAD ST BRIGHTON, VT 05846 ",1017,RAILROAD ST,BRIGHTON,VT,05846,-71.897568,44.823097,50,009,950200,1
"0 PRIVATE WEST 9 MAIDSTONE, VT 05905 ",0,PRIVATE WEST 9,MAIDSTONE,VT,05905,-71.660105,44.640898,50,009,950100,1
"157 W MAIN ST LUNENBURG, VT 05906 ",157,W  MAIN ST,LUNENBURG,VT,05906,-71.688423,44.462441,50,009,950500,3
"0 CANAAN HILL RD CANAAN, VT 05903 ",0,CANAAN HILL RD,CANAAN,VT,05903,-71.617034,44.97164,50,009,950100,2
"206 RIVER RD LUNENBURG, VT 05906 ",206,RIVER RD,LUNENBURG,VT,05906,-71.654627,44.46039,50,009,950500,3
"481 MAIN ST CONCORD, VT 05824 ",481,MAIN ST,CONCORD,VT,05824,-71.885959,44.428876,50,009,950500,2
"4495 VT ROUTE 102 BRUNSWICK, VT 05905 ",4495,VT ROUTE 102,BRUNSWICK,VT,05905,-71.602707,44.697469,50,009,950100,1
"880 RESERVOIR RD CANAAN, VT 05903 ",880,RESERVOIR RD,CANAAN,VT,05903,-71.543166,45.00986,50,009,950100,2
"4858 MAIDSTONE LAKE RD MAIDSTONE, VT 05905 ",4858,MAIDSTONE LAKE RD,MAIDSTONE,VT,05905,-71.638904,44.65311,50,009,950100,1
"2106 EAST HAVEN RD BRIGHTON, VT 05846 ",2106,EAST HAVEN RD,BRIGHTON,VT,05846,-71.906988,44.767624,50,009,950200,1
"293 DUPUIS RD BRIGHTON, VT 05846 ",293,DUPUIS RD,BRIGHTON,VT,05846,-71.824932,44.777387,50,009,950200,1
"0 LAKE RD LUNENBURG, VT 05906 ",0,LAKE RD,LUNENBURG,VT,05906,-71.688801,44.490913,50,009,950500,1
"438 ARTHUR JOHN RD BRIGHTON, VT 05846 ",438,ARTHUR JOHN RD,BRIGHTON,VT,05846,-71.835041,44.766838,50,009,950200,1
"98 NANAS LN CONCORD, VT 05858 ",98,NANAS LN,CONCORD,VT,05858,-71.808481,44.450202,50,009,950500,2
"42 WHITEHEAD LN CONCORD, VT 05824 ",42,WHITEHEAD LN,CONCORD,VT,05824,-71.871484,44.39496,50,009,950500,2
"197 LOOP RD AVERILL, VT 05901 ",197,LOOP RD,AVERILL,VT,05901,-71.694047,44.964928,50,009,950100,1
"134 SOUTH ST CONCORD, VT 05824 ",134,SOUTH ST,CONCORD,VT,05824,-71.88424,44.426893,50,009,950500,2
"48 CEDAR ST CONCORD, VT 05824 ",48,CEDAR ST,CONCORD,VT,05824,-71.754046,44.425309,50,009,950500,2
"170 ROSEBROOK HILL RD BRIGHTON, VT 05846 ",170,ROSEBROOK HILL RD,BRIGHTON,VT,05846,-71.912152,44.789687,50,009,950200,1
"2157 RIVER RD LUNENBURG, VT 05904 ",2157,RIVER RD,LUNENBURG,VT,05904,-71.695414,44.420499,50,009,950500,3
"909 LANCASTER RD LUNENBURG, VT 05906 ",909,LANCASTER RD,LUNENBURG,VT,05906,-71.633196,44.484618,50,009,950500,1
"421 RAILROAD ST BRIGHTON, VT 05846 ",421,RAILROAD ST,BRIGHTON,VT,05846,-71.887771,44.818454,50,009,950200,1
"6565 VT ROUTE 102 CANAAN, VT 05903 ",6565,VT ROUTE 102,CANAAN,VT,05903,-71.540996,44.992919,50,009,950100,2
"2503 OREGON RD CONCORD, VT 05906 ",2503,OREGON RD,CONCORD,VT,05906,-71.755492,44.433847,50,009,950500,2
"361 HATCHERY BROOK RD AVERILL, VT 05901 ",361,HATCHERY BROOK RD,AVERILL,VT,05901,-71.699396,44.963274,50,009,950100,1
"66 BOBBIN MILL RD LUNENBURG, VT 05906 ",66,BOBBIN MILL RD,LUNENBURG,VT,05906,-71.68201,44.465104,50,009,950500,1
"1417 MAIN ST CONCORD, VT 05824 ",1417,MAIN ST,CONCORD,VT,05824,-71.879182,44.439661,50,009,950500,2
"1096 KEMP HILL RD CANAAN, VT 05903 ",1096,KEMP HILL RD,CANAAN,VT,05903,-71.555206,44.968797,50,009,950100,2
"0 CHAMBERLAIN RD CANAAN, VT 05903 ",0,CHAMBERLAIN RD,CANAAN,VT,05903,-71.544111,44.965211,50,009,950100,2
"464 BEACH DR CONCORD, VT 05858 ",464,BEACH DR,CONCORD,VT,05858,-71.796336,44.447188,50,009,950500,2
"3152 OREGON RD CONCORD, VT 05906 ",3152,OREGON RD,CONCORD,VT,05906,-71.753054,44.424076,50,009,950500,2
"1475 VICTORY HL VICTORY, VT 05858 ",1475,VICTORY HL,VICTORY,VT,05858,-71.851563,44.530153,50,009,950500,1
"4096 MAIDSTONE LAKE RD MAIDSTONE, VT 05905 ",4096,MAIDSTONE LAKE RD,MAIDSTONE,VT,05905,-71.644044,44.662412,50,009,950100,1
"4937 VT ROUTE 102 MAIDSTONE, VT 05905 ",4937,VT ROUTE 102,MAIDSTONE,VT,05905,-71.561796,44.630049,50,009,950100,1
"63 THOMAS RD LUNENBURG, VT 05906 ",63,THOMAS RD,LUNENBURG,VT,05906,-71.725857,44.433893,50,009,950500,3
"299 PAUL MENARD DR FERDINAND, VT 05846 ",299,PAUL MENARD DR,FERDINAND,VT,05846,-71.753928,44.77683,50,009,950100,1
"131 DUVAL RD BLOOMFIELD, VT 05905 ",131,DUVAL RD,BLOOMFIELD,VT,05905,-71.634708,44.753844,50,009,950100,1
"647 NORTH RD GUILDHALL, VT 05905 ",647,NORTH RD,GUILDHALL,VT,05905,-71.595177,44.573429,50,009,950500,1
"21 CANAAN MOBILE HOME PARK CANAAN, VT 05903 ",21,CANAAN MOBILE HOME PARK,CANAAN,VT,05903,-71.539908,44.994538,50,009,950100,2
"1175 VT ROUTE 114 EAST HAVEN, VT 05837 ",1175,VT ROUTE 114,EAST HAVEN,VT,05837,-71.892929,44.655882,50,009,950500,1
"5052 MAIDSTONE LAKE RD MAIDSTONE, VT 05905 ",5052,MAIDSTONE LAKE RD,MAIDSTONE,VT,05905,-71.640508,44.650513,50,009,950100,1
"290 DERBY ST BRIGHTON, VT 05846 ",290,DERBY ST,BRIGHTON,VT,05846,-71.885459,44.810054,50,009,950200,1
"427 EAST HAVEN RD BRIGHTON, VT 05846 ",427,EAST HAVEN RD,BRIGHTON,VT,05846,-71.908436,44.791875,50,009,950200,1
"326 MOUNTAIN ST BRIGHTON, VT 05846 ",326,MOUNTAIN ST,BRIGHTON,VT,05846,-71.879659,44.820871,50,009,950200,1
"1792 POND HILL RD LUNENBURG, VT 05906 ",1792,POND HILL RD,LUNENBURG,VT,05906,-71.717592,44.510014,50,009,950500,1
"1457 NORTH RD GUILDHALL, VT 05905 ",1457,NORTH RD,GUILDHALL,VT,05905,-71.597938,44.584813,50,009,950500,1
"613 LAKESHORE DR BRIGHTON, VT 05846 ",613,LAKESHORE DR,BRIGHTON,VT,05846,-71.858453,44.79405,50,009,950200,1
"456 RAILROAD ST BRIGHTON, VT 05846 ",456,RAILROAD ST,BRIGHTON,VT,05846,-71.887945,44.818969,50,009,950200,1
"0 SIMONDS RD LUNENBURG, VT 05906 ",0,SIMONDS RD,LUNENBURG,VT,05906,-71.650471,44.498269,50,009,950500,1
"155 POWER HOUSE RD CANAAN, VT 05903 ",155,POWER HOUSE RD,CANAAN,VT,05903,-71.533414,44.997681,50,009,950100,2
"333 WENTWORTH RD LUNENBURG, VT 05906 ",333,WENTWORTH RD,LUNENBURG,VT,05906,-71.71646,44.456802,50,009,950500,3
"0 HIGH RIDGE RD CONCORD, VT 05824 ",0,HIGH RIDGE RD,CONCORD,VT,05824,-71.865478,44.385356,50,009,950500,2
"128 ALBERTS WAY AVERILL, VT 05901 ",128,ALBERTS WAY,AVERILL,VT,05901,-71.684736,44.984124,50,009,950100,1
"451 PLEASANT ST BRIGHTON, VT 05846 ",451,PLEASANT ST,BRIGHTON,VT,05846,-71.879196,44.805166,50,009,950200,1
"1010 HALL RD LUNENBURG, VT 05906 ",1010,HALL RD,LUNENBURG,VT,05906,-71.694479,44.526945,50,009,950500,1
"0 GILMAN FARM RD LUNENBURG, VT 05906 ",0,GILMAN FARM RD,LUNENBURG,VT,05906,-71.714595,44.429747,50,009,950500,3
"85 DAVIS RD BRIGHTON, VT 05846 ",85,DAVIS RD,BRIGHTON,VT,05846,-71.916072,44.777106,50,009,950200,1
"169 BILODEAU RD BRIGHTON, VT 05846 ",169,BILODEAU RD,BRIGHTON,VT,05846,-71.898924,44.817065,50,009,950200,1
"1162 CAMPERS LN CONCORD, VT 05824 ",1162,CAMPERS LN,CONCORD,VT,05824,-71.815794,44.443968,50,009,950500,2
"4711 E BRIGHTON RD BRIGHTON, VT 05846 ",4711,E  BRIGHTON RD,BRIGHTON,VT,05846,-71.808176,44.788948,50,009,950200,1
"1103 LADD RD CONCORD, VT 05858 ",1103,LADD RD,CONCORD,VT,05858,-71.848187,44.461026,50,009,950500,2
"77 PLEASANT ST BRIGHTON, VT 05846 ",77,PLEASANT ST,BRIGHTON,VT,05846,-71.88322,44.809732,50,009,950200,1
"125 RANGE RD CONCORD, VT 05824 ",125,RANGE RD,CONCORD,VT,05824,-71.845864,44.378858,50,009,950500,2
"5305 VT ROUTE 102 BLOOMFIELD, VT 05905 ",5305,VT ROUTE 102,BLOOMFIELD,VT,05905,-71.5752,44.808227,50,009,950100,1
"6650 VT ROUTE 102 GUILDHALL, VT 05905 ",6650,VT ROUTE 102,GUILDHALL,VT,05905,-71.571893,44.564626,50,009,950500,1
"0 VT ROUTE 102 BLOOMFIELD, VT 05905 ",0,VT ROUTE 102,BLOOMFIELD,VT,05905,-71.595127,44.782151,50,009,950100,1
"4088 VT ROUTE 114 WARRENS GORE, VT 05907 ",4088,VT ROUTE 114,WARRENS GORE,VT,05907,-71.855765,44.93802,50,009,950100,1
"3997 PAUL STREAM RD FERDINAND, VT 05905 ",3997,PAUL STREAM RD,FERDINAND,VT,05905,-71.676011,44.655684,50,009,950100,1
"2905 VT ROUTE 102 CANAAN, VT 05903 ",2905,VT ROUTE 102,CANAAN,VT,05903,-71.526013,44.948186,50,009,950100,2
"47 GETAWAY LN CONCORD, VT 05824 ",47,GETAWAY LN,CONCORD,VT,05824,-71.799655,44.446421,50,009,950500,2
"1356 RIVER RD LUNENBURG, VT 05906 ",1356,RIVER RD,LUNENBURG,VT,05906,-71.679084,44.436389,50,009,950500,3
"500 DUBEAU RD CANAAN, VT 05903 ",500,DUBEAU RD,CANAAN,VT,05903,-71.633698,45.000129,50,009,950100,2
"471 WESLEY RD CONCORD, VT 05858 ",471,WESLEY RD,CONCORD,VT,05858,-71.852746,44.462402,50,009,950500,2
"3754 VT ROUTE 102 BLOOMFIELD, VT 05905 ",3754,VT ROUTE 102,BLOOMFIELD,VT,05905,-71.581639,44.787265,50,009,950100,1
"2719 S AMERICA POND RD FERDINAND, VT 05846 ",2719,S   AMERICA POND RD,FERDINAND,VT,05846,-71.748445,44.731412,50,009,950100,1
"0 W MAIN ST LUNENBURG, VT 05906 ",0,W  MAIN ST,LUNENBURG,VT,05906,-71.687041,44.463117,50,009,950500,1
"0 AUBURN STAR RD LUNENBURG, VT 05906 ",0,AUBURN STAR RD,LUNENBURG,VT,05906,-71.621697,44.481628,50,009,950500,1
"0 COLBY RD LUNENBURG, VT 05906 ",0,COLBY RD,LUNENBURG,VT,05906,-71.674202,44.51251,50,009,950500,1
"298 CUTTING RD CONCORD, VT 05824 ",298,CUTTING RD,CONCORD,VT,05824,-71.825681,44.394345,50,009,950500,2
"1259 PLEASANT ST BRIGHTON, VT 05846 ",1259,PLEASANT ST,BRIGHTON,VT,05846,-71.871212,44.795398,50,009,950200,1
"557 BONA RD CONCORD, VT 05858 ",557,BONA RD,CONCORD,VT,05858,-71.848132,44.474809,50,009,950500,2
"162 BLUEBERRY LN BRIGHTON, VT 05846 ",162,BLUEBERRY LN,BRIGHTON,VT,05846,-71.872308,44.798186,50,009,950200,1
"0 W LUNENBURG RD LUNENBURG, VT 05906 ",0,W  LUNENBURG RD,LUNENBURG,VT,05906,-71.758703,44.468223,50,009,950500,3
"127 EZ CAMP RD LUNENBURG, VT 05906 ",127,EZ CAMP RD,LUNENBURG,VT,05906,-71.758622,44.472713,50,009,950500,1
"499 MILL RD LEMINGTON, VT 05903 ",499,MILL RD,LEMINGTON,VT,05903,-71.572818,44.903662,50,009,950100,1
"300 NELSON RD NORTON, VT 05907 ",300,NELSON RD,NORTON,VT,05907,-71.798693,45.009565,50,009,950100,1
"677 BAPTIST HILL RD LUNENBURG, VT 05906 ",677,BAPTIST HILL RD,LUNENBURG,VT,05906,-71.713377,44.44717,50,009,950500,3
"119 RIVERSIDE AVE LUNENBURG, VT 05906 ",119,RIVERSIDE AVE,LUNENBURG,VT,05906,-71.724294,44.412146,50,009,950500,3
"434 VT ROUTE 141 CANAAN, VT 05903 ",434,VT ROUTE 141,CANAAN,VT,05903,-71.559931,45.012578,50,009,950100,2
"30 TOWN HWY 11 NORTON, VT 05907 ",30,TOWN HWY 11,NORTON,VT,05907,-71.795231,45.010042,50,009,950100,1
"507 RESERVOIR RD CANAAN, VT 05903 ",507,RESERVOIR RD,CANAAN,VT,05903,-71.544706,45.006009,50,009,950100,2
"129 SWEET TREE LN BRIGHTON, VT 05846 ",129,SWEET TREE LN,BRIGHTON,VT,05846,-71.847656,44.803762,50,009,950200,1
"4012 VT ROUTE 114 CANAAN, VT 05903 ",4012,VT ROUTE 114,CANAAN,VT,05903,-71.618515,45.009681,50,009,950100,2
"0 VT ROUTE 102 BLOOMFIELD, VT 05905 ",0,VT ROUTE 102,BLOOMFIELD,VT,05905,-71.630779,44.754141,50,009,950100,1
"1843 VT ROUTE 102 LEMINGTON, VT 05905 ",1843,VT ROUTE 102,LEMINGTON,VT,05905,-71.557448,44.851226,50,009,950100,1
"281 GALE ST CANAAN, VT 05903 ",281,GALE ST,CANAAN,VT,05903,-71.54039,44.996941,50,009,950100,2
"0 MAILLETT RD LUNENBURG, VT 05906 ",0,MAILLETT RD,LUNENBURG,VT,05906,-71.69629,44.45081,50,009,950500,3
"191 VICTORIAN RD EAST HAVEN, VT 05837 ",191,VICTORIAN RD,EAST HAVEN,VT,05837,-71.88881,44.659884,50,009,950500,1
"0 SPENCER HILL RD BLOOMFIELD, VT 05905 ",0,SPENCER HILL RD,BLOOMFIELD,VT,05905,-71.631817,44.758143,50,009,950100,1
"162 ENLIGHTENING VIEW LN BLOOMFIELD, VT 05905 ",162,ENLIGHTENING VIEW LN,BLOOMFIELD,VT,05905,-71.618369,44.761343,50,009,950100,1
"1027 E BRIGHTON RD BRIGHTON, VT 05846 ",1027,E  BRIGHTON RD,BRIGHTON,VT,05846,-71.862857,44.815233,50,009,950200,1
"1605 HEAD OF THE POND RD BRIGHTON, VT 05846 ",1605,HEAD OF THE POND RD,BRIGHTON,VT,05846,-71.848535,44.775011,50,009,950200,1
"0 COLBY RD LUNENBURG, VT 05906 ",0,COLBY RD,LUNENBURG,VT,05906,-71.678434,44.500314,50,009,950500,1
"1828 LOST NATION RD EAST HAVEN, VT 05837 ",1828,LOST NATION RD,EAST HAVEN,VT,05837,-71.853364,44.683256,50,009,950500,1
"55 PRIVATE WEST 2 MAIDSTONE, VT 05905 ",55,PRIVATE WEST 2,MAIDSTONE,VT,05905,-71.651522,44.658447,50,009,950100,1
"0 VT ROUTE 102 CANAAN, VT 05903 ",0,VT ROUTE 102,CANAAN,VT,05903,-71.525903,44.93938,50,009,950100,2
"0 VT ROUTE 114 CANAAN, VT 05903 ",0,VT ROUTE 114,CANAAN,VT,05903,-71.676795,45.00499,50,009,950100,2
"400 BOBBIN MILL RD LUNENBURG, VT 05906 ",400,BOBBIN MILL RD,LUNENBURG,VT,05906,-71.678313,44.472649,50,009,950500,1
"637 BEACH DR CONCORD, VT 05858 ",637,BEACH DR,CONCORD,VT,05858,-71.793425,44.448554,50,009,950500,2
"0 WOODS RD CANAAN, VT 05903 ",0,WOODS RD,CANAAN,VT,05903,-71.64613,44.992828,50,009,950100,2
"517 RIVER RD CANAAN, VT 05902 ",517,RIVER RD,CANAAN,VT,05902,-71.498265,45.007483,50,009,950100,2
"0 TREATMENT PLANT RD LUNENBURG, VT 05904 ",0,TREATMENT PLANT RD,LUNENBURG,VT,05904,-71.71573,44.411042,50,009,950500,3
"540 LAKESHORE DR BRIGHTON, VT 05846 ",540,LAKESHORE DR,BRIGHTON,VT,05846,-71.859216,44.793138,50,009,950200,1
"2504 VT ROUTE 114 E NORTON, VT 05907 ",2504,VT ROUTE 114   E,NORTON,VT,05907,-71.747885,44.998376,50,009,950100,1
"1300 MORIN RD GUILDHALL, VT 05905 ",1300,MORIN RD,GUILDHALL,VT,05905,-71.616216,44.499479,50,009,950500,1
"2617 VT ROUTE 102 MAIDSTONE, VT 05905 ",2617,VT ROUTE 102,MAIDSTONE,VT,05905,-71.563668,44.600516,50,009,950100,1
"138 PROSPECT ST CONCORD, VT 05824 ",138,PROSPECT ST,CONCORD,VT,05824,-71.892459,44.426698,50,009,950500,2
"3670 E BRIGHTON RD BRIGHTON, VT 05846 ",3670,E  BRIGHTON RD,BRIGHTON,VT,05846,-71.827325,44.788412,50,009,950200,1
"1700 BAPTIST HILL RD LUNENBURG, VT 05906 ",1700,BAPTIST HILL RD,LUNENBURG,VT,05906,-71.719273,44.423436,50,009,950500,3
"623 JACKSON RD AVERILL, VT 05901 ",623,JACKSON RD,AVERILL,VT,05901,-71.708414,44.981276,50,009,950100,1
"41 TREATMENT PLANT RD LUNENBURG, VT 05904 ",41,TREATMENT PLANT RD,LUNENBURG,VT,05904,-71.718525,44.412507,50,009,950500,3
"0 RIVER RD CANAAN, VT 05902 ",0,RIVER RD,CANAAN,VT,05902,-71.497998,45.007677,50,009,950100,2
"1165 BROUSSEAU MOUNTAIN RD NORTON, VT 05907 ",1165,BROUSSEAU MOUNTAIN RD,NORTON,VT,05907,-71.739366,44.978963,50,009,950100,1
"3118 OREGON RD CONCORD, VT 05906 ",3118,OREGON RD,CONCORD,VT,05906,-71.753791,44.424391,50,009,950500,2
"158 JACKSON LODGE VLG CANAAN, VT 05903 ",158,JACKSON LODGE VLG,CANAAN,VT,05903,-71.613298,45.012392,50,009,950100,2
"170 BEZIA RD MAIDSTONE, VT 05905 ",170,BEZIA RD,MAIDSTONE,VT,05905,-71.604877,44.615173,50,009,950100,1
"19 WASHINGTON AVE LUNENBURG, VT 05904 ",19,WASHINGTON AVE,LUNENBURG,VT,05904,-71.718721,44.412759,50,009,950500,3
"66 STATE PARK RD BRIGHTON, VT 05846 ",66,STATE PARK RD,BRIGHTON,VT,05846,-71.855508,44.796709,50,009,950200,1
"810 ROSEBROOK HILL RD BRIGHTON, VT 05846 ",810,ROSEBROOK HILL RD,BRIGHTON,VT,05846,-71.920161,44.792012,50,009,950200,1
"848 NORTON RD BRIGHTON, VT 05846 ",848,NORTON RD,BRIGHTON,VT,05846,-71.908421,44.835948,50,009,950200,1
"315 LAKE VIEW RD NORTON, VT 05907 ",315,LAKE VIEW RD,NORTON,VT,05907,-71.71197,44.995464,50,009,950100,1
"191 RAILROAD ST BRIGHTON, VT 05846 ",191,RAILROAD ST,BRIGHTON,VT,05846,-71.884506,44.815953,50,009,950200,1
"0 RIVER RD CANAAN, VT 05902 ",0,RIVER RD,CANAAN,VT,05902,-71.505652,45.008926,50,009,950100,2
"135 RAILROAD ST BRIGHTON, VT 05846 ",135,RAILROAD ST,BRIGHTON,VT,05846,-71.883749,44.815377,50,009,950200,1
"212 COTTAGE RD AVERILL, VT 05901 ",212,COTTAGE RD,AVERILL,VT,05901,-71.706747,44.996223,50,009,950100,1
"0 VT ROUTE 114 CANAAN, VT 05903 ",0,VT ROUTE 114,CANAAN,VT,05903,-71.621352,45.009456,50,009,950100,2
"498 LOOP RD AVERILL, VT 05901 ",498,LOOP RD,AVERILL,VT,05901,-71.692302,44.966662,50,009,950100,1
"1419 VT ROUTE 114 EAST HAVEN, VT 05837 ",1419,VT ROUTE 114,EAST HAVEN,VT,05837,-71.891332,44.659027,50,009,950500,1
"99 SUNRISE RD WARRENS GORE, VT 05907 ",99,SUNRISE RD,WARRENS GORE,VT,05907,-71.880628,44.92468,50,009,950100,1
"0 VT ROUTE 102 BLOOMFIELD, VT 05905 ",0,VT ROUTE 102,BLOOMFIELD,VT,05905,-71.571964,44.805051,50,009,950100,1
"2391 N CONCORD RD CONCORD, VT 05858 ",2391,N   CONCORD RD,CONCORD,VT,05858,-71.833711,44.462804,50,009,950500,2
"0 BOBBIN MILL RD LUNENBURG, VT 05906 ",0,BOBBIN MILL RD,LUNENBURG,VT,05906,-71.662132,44.497476,50,009,950500,1
"1280 VT ROUTE 253 CANAAN, VT 05902 ",1280,VT ROUTE 253,CANAAN,VT,05902,-71.505859,45.010846,50,009,950100,2
"160 BIRCH ST BRIGHTON, VT 05846 ",160,BIRCH ST,BRIGHTON,VT,05846,-71.878769,44.811167,50,009,950200,1
"36 IRON BRIDGE LOOP RD BRIGHTON, VT 05846 ",36,IRON BRIDGE LOOP RD,BRIGHTON,VT,05846,-71.901097,44.826017,50,009,950200,1
"89 BACK ST BRIGHTON, VT 05846 ",89,BACK ST,BRIGHTON,VT,05846,-71.875305,44.817314,50,009,950200,1
"1461 WESTSIDE LAKE RD MAIDSTONE, VT 05905 ",1461,WESTSIDE LAKE RD,MAIDSTONE,VT,05905,-71.651578,44.648716,50,009,950100,1
"423 VT ROUTE 114 S NORTON, VT 05907 ",423,VT ROUTE 114   S,NORTON,VT,05907,-71.79916,45.003528,50,009,950100,1
"0 HALL STREAM RD CANAAN, VT 05902 ",0,HALL STREAM RD,CANAAN,VT,05902,-71.500371,45.009322,50,009,950100,2
"40 SCHOOL ST CANAAN, VT 05903 ",40,SCHOOL ST,CANAAN,VT,05903,-71.53836,44.995075,50,009,950100,2
"3615 VT ROUTE 102 MAIDSTONE, VT 05905 ",3615,VT ROUTE 102,MAIDSTONE,VT,05905,-71.563348,44.611122,50,009,950100,1
"2259 JACKSON RD AVERILL, VT 05901 ",2259,JACKSON RD,AVERILL,VT,05901,-71.706229,44.963969,50,009,950100,1
"0 ROULEAU RD CANAAN, VT 05902 ",0,ROULEAU RD,CANAAN,VT,05902,-71.497258,45.004457,50,009,950100,2
"441 MAIN ST CONCORD, VT 05824 ",441,MAIN ST,CONCORD,VT,05824,-71.886854,44.42888,50,009,950500,2
"148 RIVERSIDE AVE LUNENBURG, VT 05906 ",148,RIVERSIDE AVE,LUNENBURG,VT,05906,-71.725983,44.41222,50,009,950500,3
"205 NORTON RD BRIGHTON, VT 05846 ",205,NORTON RD,BRIGHTON,VT,05846,-71.905099,44.826906,50,009,950200,1
"420 PLEASANT ST BRIGHTON, VT 05846 ",420,PLEASANT ST,BRIGHTON,VT,05846,-71.880164,44.805354,50,009,950200,1
"220 HALL STREAM RD CANAAN, VT 05902 ",220,HALL STREAM RD,CANAAN,VT,05902,-71.500365,45.010334,50,009,950100,2
"0 CLAY BROOK RD CANAAN, VT 05903 ",0,CLAY BROOK RD,CANAAN,VT,05903,-71.594223,44.96009,50,009,950100,2
"63 SY LEWIS MOUNTAIN RD CONCORD, VT 05824 ",63,SY LEWIS MOUNTAIN RD,CONCORD,VT,05824,-71.885618,44.422728,50,009,950500,2
"405 FIVE MILE SQUARE RD BRIGHTON, VT 05846 ",405,FIVE MILE SQUARE RD,BRIGHTON,VT,05846,-71.901979,44.820217,50,009,950200,1
"1941 GRANBY RD GUILDHALL, VT 05905 ",1941,GRANBY RD,GUILDHALL,VT,05905,-71.636448,44.562476,50,009,950500,1
"668 S LUNENBURG RD LUNENBURG, VT 05906 ",668,S  LUNENBURG RD,LUNENBURG,VT,05906,-71.675421,44.445592,50,009,950500,3
"3718 VT ROUTE 105 FERDINAND, VT 05846 ",3718,VT ROUTE 105,FERDINAND,VT,05846,-71.737568,44.766696,50,009,950100,1
"1928 RIVER RD LUNENBURG, VT 05904 ",1928,RIVER RD,LUNENBURG,VT,05904,-71.688227,44.424111,50,009,950500,3
"428 LAKE ST BRIGHTON, VT 05846 ",428,LAKE ST,BRIGHTON,VT,05846,-71.86297,44.811967,50,009,950200,1
"0 HALL STREAM RD CANAAN, VT 05902 ",0,HALL STREAM RD,CANAAN,VT,05902,-71.498716,45.010744,50,009,950100,2
"4402 MAIDSTONE LAKE RD MAIDSTONE, VT 05905 ",4402,MAIDSTONE LAKE RD,MAIDSTONE,VT,05905,-71.639941,44.658749,50,009,950100,1
"242 BOYS CAMP RD LUNENBURG, VT 05906 ",242,BOYS CAMP RD,LUNENBURG,VT,05906,-71.695785,44.492917,50,009,950500,1
"4705 S AMERICA POND RD FERDINAND, VT 05846 ",4705,S   AMERICA POND RD,FERDINAND,VT,05846,-71.745328,44.710898,50,009,950100,1
"0 E MAIN ST LUNENBURG, VT 05906 ",0,E   MAIN ST,LUNENBURG,VT,05906,-71.673405,44.463095,50,009,950500,3
"0 WESTSIDE LAKE RD MAIDSTONE, VT 05905 ",0,WESTSIDE LAKE RD,MAIDSTONE,VT,05905,-71.653891,44.647494,50,009,950100,1
"173 WESTSIDE LAKE RD MAIDSTONE, VT 05905 ",173,WESTSIDE LAKE RD,MAIDSTONE,VT,05905,-71.649681,44.665945,50,009,950100,1
"2382 RIVER RD LUNENBURG, VT 05904 ",2382,RIVER RD,LUNENBURG,VT,05904,-71.701576,44.416521,50,009,950500,3
"2898 VT ROUTE 114 E NORTON, VT 05907 ",2898,VT ROUTE 114  E,NORTON,VT,05907,-71.740347,44.995689,50,009,950100,1
"4567 FELLOWS RD GUILDHALL, VT 05905 ",4567,FELLOWS RD,GUILDHALL,VT,05905,-71.642147,44.558002,50,009,950500,1
"1039 NEWARK RD BRIGHTON, VT 05846 ",1039,NEWARK RD,BRIGHTON,VT,05846,-71.925035,44.777208,50,009,950200,1
"0 GALE ST CANAAN, VT 05903 ",0,GALE ST,CANAAN,VT,05903,-71.543692,44.999766,50,009,950100,2
"0 COLBY RD LUNENBURG, VT 05906 ",0,COLBY RD,LUNENBURG,VT,05906,-71.676133,44.485261,50,009,950500,1
"0 BAPTIST HILL RD LUNENBURG, VT 05906 ",0,BAPTIST HILL RD,LUNENBURG,VT,05906,-71.717107,44.419004,50,009,950500,3
"0 VT ROUTE 253 CANAAN, VT 05902 ",0,VT ROUTE 253,CANAAN,VT,05902,-71.520417,45.003275,50,009,950100,2
"459 WESTSIDE LAKE RD MAIDSTONE, VT 05905 ",459,WESTSIDE LAKE RD,MAIDSTONE,VT,05905,-71.648828,44.661525,50,009,950100,1
"384 VT ROUTE 102 LEMINGTON, VT 05905 ",384,VT ROUTE 102,LEMINGTON,VT,05905,-71.559374,44.831021,50,009,950100,1
"418 HALL RD MAIDSTONE, VT 05905 ",418,HALL RD,MAIDSTONE,VT,05905,-71.599526,44.656546,50,009,950100,1
"194 PORRELL RD GRANBY, VT 05858 ",194,PORRELL RD,GRANBY,VT,05858,-71.760804,44.572111,50,009,950500,1
"640 POND HILL RD LUNENBURG, VT 05906 ",640,POND HILL RD,LUNENBURG,VT,05906,-71.696538,44.484036,50,009,950500,1
"140 RIPPLE CV BRIGHTON, VT 05846 ",140,RIPPLE CV,BRIGHTON,VT,05846,-71.867058,44.794119,50,009,950200,1
"57 PRIVATE WEST 3 MAIDSTONE, VT 05905 ",57,PRIVATE WEST 3,MAIDSTONE,VT,05905,-71.65147,44.657265,50,009,950100,1
"945 GRANBY RD VICTORY, VT 05858 ",945,GRANBY RD,VICTORY,VT,05858,-71.768067,44.570676,50,009,950500,1
"410 MIDDLE ST BRIGHTON, VT 05846 ",410,MIDDLE ST,BRIGHTON,VT,05846,-71.887513,44.820226,50,009,950200,1
"40 RIPPLE CV BRIGHTON, VT 05846 ",40,RIPPLE CV,BRIGHTON,VT,05846,-71.866829,44.792879,50,009,950200,1
"286 MEADOW ST BRIGHTON, VT 05846 ",286,MEADOW ST,BRIGHTON,VT,05846,-71.890773,44.814473,50,009,950200,1
"674 CAMPERS LN CONCORD, VT 05824 ",674,CAMPERS LN,CONCORD,VT,05824,-71.806858,44.44436,50,009,950500,2
"213 BLUEBERRY LN BRIGHTON, VT 05846 ",213,BLUEBERRY LN,BRIGHTON,VT,05846,-71.870752,44.797782,50,009,950200,1
"238 SPECTACLE POND RD BRIGHTON, VT 05846 ",238,SPECTACLE POND RD,BRIGHTON,VT,05846,-71.852783,44.800562,50,009,950200,1
"7574 VT ROUTE 114 CANAAN, VT 05903 ",7574,VT ROUTE 114,CANAAN,VT,05903,-71.689583,45.005451,50,009,950100,2
"0 KIMBALL RD LUNENBURG, VT 05906 ",0,KIMBALL RD,LUNENBURG,VT,05906,-71.696461,44.463225,50,009,950500,1
"0 VT ROUTE 102 BLOOMFIELD, VT 05905 ",0,VT ROUTE 102,BLOOMFIELD,VT,05905,-71.576366,44.809596,50,009,950100,1
"26 CHRISTIAN HL CANAAN, VT 05903 ",26,CHRISTIAN HL,CANAAN,VT,05903,-71.538023,44.99658,50,009,950100,2
"152 CHRISTIAN HL CANAAN, VT 05903 ",152,CHRISTIAN HL,CANAAN,VT,05903,-71.536325,44.997849,50,009,950100,2
"390 CHRISTIAN HL CANAAN, VT 05903 ",390,CHRISTIAN HL,CANAAN,VT,05903,-71.532106,44.999493,50,009,950100,2
"820 BOBBIN MILL RD LUNENBURG, VT 05906 ",820,BOBBIN MILL RD,LUNENBURG,VT,05906,-71.667968,44.482745,50,009,950500,1
"263 SOUTH ST BRIGHTON, VT 05846 ",263,SOUTH ST,BRIGHTON,VT,05846,-71.883659,44.816589,50,009,950200,1
"2675 EAST HAVEN RD BRIGHTON, VT 05846 ",2675,EAST HAVEN RD,BRIGHTON,VT,05846,-71.896097,44.763256,50,009,950200,1
"790 HALL RD MAIDSTONE, VT 05905 ",790,HALL RD,MAIDSTONE,VT,05905,-71.60709,44.655022,50,009,950100,1
"640 CAMPERS LN CONCORD, VT 05824 ",640,CAMPERS LN,CONCORD,VT,05824,-71.80631,44.444758,50,009,950500,2
"17 CEDAR ST CONCORD, VT 05824 ",17,CEDAR ST,CONCORD,VT,05824,-71.754365,44.424818,50,009,950500,2
"0 MORIN RD GUILDHALL, VT 05905 ",0,MORIN RD,GUILDHALL,VT,05905,-71.62906,44.509625,50,009,950500,1
"225 COTE DR CANAAN, VT 05903 ",225,COTE DR,CANAAN,VT,05903,-71.64552,45.003539,50,009,950100,2
"379 VT ROUTE 102 GUILDHALL, VT 05905 ",379,VT ROUTE 102,GUILDHALL,VT,05905,-71.595773,44.500948,50,009,950500,1
"0 COMMERCIAL AVE LUNENBURG, VT 05904 ",0,COMMERCIAL AVE,LUNENBURG,VT,05904,-71.715985,44.413426,50,009,950500,3
"735 VT ROUTE 102 GUILDHALL, VT 05905 ",735,VT ROUTE 102,GUILDHALL,VT,05905,-71.594901,44.506798,50,009,950500,1
"526 CAMPERS LN CONCORD, VT 05824 ",526,CAMPERS LN,CONCORD,VT,05824,-71.804539,44.445797,50,009,950500,2
"377 GALE ST CANAAN, VT 05903 ",377,GALE ST,CANAAN,VT,05903,-71.541738,44.997905,50,009,950100,2
"0 VT ROUTE 102 BLOOMFIELD, VT 05905 ",0,VT ROUTE 102,BLOOMFIELD,VT,05905,-71.601516,44.778792,50,009,950100,1
"991 LAKE STATION RD NORTON, VT 05907 ",991,LAKE STATION RD,NORTON,VT,05907,-71.854861,44.952475,50,009,950100,1
"562 GRAHAM RD BLOOMFIELD, VT 05905 ",562,GRAHAM RD,BLOOMFIELD,VT,05905,-71.635133,44.751333,50,009,950100,1
"19 PARISH ST LUNENBURG, VT 05904 ",19,PARISH ST,LUNENBURG,VT,05904,-71.716679,44.414026,50,009,950500,3
"4479 VT ROUTE 105 BRUNSWICK, VT 05905 ",4479,VT ROUTE 105,BRUNSWICK,VT,05905,-71.692961,44.777041,50,009,950100,1
"0 POND HILL RD LUNENBURG, VT 05906 ",0,POND HILL RD,LUNENBURG,VT,05906,-71.699531,44.484057,50,009,950500,1
"1559 VICTORY HL VICTORY, VT 05858 ",1559,VICTORY HL,VICTORY,VT,05858,-71.852601,44.531324,50,009,950500,1
"38 HOLMES ST CANAAN, VT 05903 ",38,HOLMES ST,CANAAN,VT,05903,-71.532611,45.000746,50,009,950100,2
"2271 VT ROUTE 102 CANAAN, VT 05903 ",2271,VT ROUTE 102,CANAAN,VT,05903,-71.52585,44.939524,50,009,950100,2
"158 HALL STREAM RD CANAAN, VT 05902 ",158,HALL STREAM RD,CANAAN,VT,05902,-71.500571,45.009515,50,009,950100,2
"0 MAILLETT RD LUNENBURG, VT 05906 ",0,MAILLETT RD,LUNENBURG,VT,05906,-71.682777,44.430004,50,009,950500,3
"694 COTTAGE RD AVERILL, VT 05901 ",694,COTTAGE RD,AVERILL,VT,05901,-71.700303,44.990919,50,009,950100,1
"0 S LUNENBURG RD LUNENBURG, VT 05906 ",0,S  LUNENBURG RD,LUNENBURG,VT,05906,-71.681265,44.459555,50,009,950500,3
"232 DERBY ST BRIGHTON, VT 05846 ",232,DERBY ST,BRIGHTON,VT,05846,-71.884912,44.810803,50,009,950200,1
"740 PLEASANT ST BRIGHTON, VT 05846 ",740,PLEASANT ST,BRIGHTON,VT,05846,-71.878947,44.799111,50,009,950200,1
"97 LABAY PL EAST HAVEN, VT 05837 ",97,LABAY PL,EAST HAVEN,VT,05837,-71.842233,44.696607,50,009,950500,1
"131 GLENSIDE LN CONCORD, VT 05858 ",131,GLENSIDE LN,CONCORD,VT,05858,-71.860513,44.468828,50,009,950500,2
"44 GLENSIDE LN CONCORD, VT 05858 ",44,GLENSIDE LN,CONCORD,VT,05858,-71.861064,44.469969,50,009,950500,2
"0 DENNIS POND RD BRUNSWICK, VT 05905 ",0,DENNIS POND RD,BRUNSWICK,VT,05905,-71.655237,44.729851,50,009,950100,1
"1894 W LUNENBURG RD LUNENBURG, VT 05906 ",1894,W  LUNENBURG RD,LUNENBURG,VT,05906,-71.766861,44.46722,50,009,950500,1
"243 BAKER LN CONCORD, VT 05824 ",243,BAKER LN,CONCORD,VT,05824,-71.876283,44.401601,50,009,950500,2
"0 MAIDSTONE LAKE RD MAIDSTONE, VT 05905 ",0,MAIDSTONE LAKE RD,MAIDSTONE,VT,05905,-71.64065,44.645246,50,009,950100,1
"1666 VT ROUTE 102 GUILDHALL, VT 05905 ",1666,VT ROUTE 102,GUILDHALL,VT,05905,-71.594285,44.519533,50,009,950500,1
"396 FULLER RD BLOOMFIELD, VT 05905 ",396,FULLER RD,BLOOMFIELD,VT,05905,-71.597742,44.786876,50,009,950100,1
"429 BREAULT RD GUILDHALL, VT 05905 ",429,BREAULT RD,GUILDHALL,VT,05905,-71.604188,44.568124,50,009,950500,1
"149 SAWMILL RD CONCORD, VT 05824 ",149,SAWMILL RD,CONCORD,VT,05824,-71.902444,44.43498,50,009,950500,2
"0 OREGON RD LUNENBURG, VT 05906 ",0,OREGON RD,LUNENBURG,VT,05906,-71.754196,44.432516,50,009,950500,3
"3253 VT ROUTE 105 FERDINAND, VT 05846 ",3253,VT ROUTE 105,FERDINAND,VT,05846,-71.741883,44.772534,50,009,950100,1
"3036 VICTORY HL VICTORY, VT 05858 ",3036,VICTORY HL,VICTORY,VT,05858,-71.853448,44.549455,50,009,950500,1
"3448 SHADOW LAKE RD CONCORD, VT 05824 ",3448,SHADOW LAKE RD,CONCORD,VT,05824,-71.864913,44.397094,50,009,950500,2
"1418 QUARRY RD BRIGHTON, VT 05846 ",1418,QUARRY RD,BRIGHTON,VT,05846,-71.816075,44.768507,50,009,950200,1
"114 EAST ST CANAAN, VT 05902 ",114,EAST ST,CANAAN,VT,05902,-71.505533,45.009116,50,009,950100,2
"1700 SPENCER HILL RD BLOOMFIELD, VT 05905 ",1700,SPENCER HILL RD,BLOOMFIELD,VT,05905,-71.624232,44.774354,50,009,950100,1
"274 BLUEBERRY LN BRIGHTON, VT 05846 ",274,BLUEBERRY LN,BRIGHTON,VT,05846,-71.871124,44.796672,50,009,950200,1
"321 HANCOCK RD BRIGHTON, VT 05846 ",321,HANCOCK RD,BRIGHTON,VT,05846,-71.901353,44.75757,50,009,950200,1
"328 VICTORY MOUNTAIN RD BRIGHTON, VT 05846 ",328,VICTORY MOUNTAIN RD,BRIGHTON,VT,05846,-71.842236,44.765357,50,009,950200,1
"77 MAPLE ST BRIGHTON, VT 05846 ",77,MAPLE ST,BRIGHTON,VT,05846,-71.884683,44.817651,50,009,950200,1
"1596 HEAD OF THE POND RD BRIGHTON, VT 05846 ",1596,HEAD OF THE POND RD,BRIGHTON,VT,05846,-71.851528,44.773073,50,009,950200,1
"1379 LANCASTER RD LUNENBURG, VT 05906 ",1379,LANCASTER RD,LUNENBURG,VT,05906,-71.617064,44.486842,50,009,950500,1
"2571 VT ROUTE 114 E NORTON, VT 05907 ",2571,VT ROUTE 114  E,NORTON,VT,05907,-71.74687,44.998874,50,009,950100,1
"0 MORROW TRL FERDINAND, VT 05905 ",0,MORROW TRL,FERDINAND,VT,05905,-71.703965,44.709488,50,009,950100,1
"61 NORTH ST BRIGHTON, VT 05846 ",61,NORTH ST,BRIGHTON,VT,05846,-71.88218,44.817832,50,009,950200,1
"0 GALE ST CANAAN, VT 05903 ",0,GALE ST,CANAAN,VT,05903,-71.540361,44.997807,50,009,950100,2
"701 POND HILL RD LUNENBURG, VT 05906 ",701,POND HILL RD,LUNENBURG,VT,05906,-71.699362,44.484176,50,009,950500,1
"5785 VT ROUTE 102 MAIDSTONE, VT 05905 ",5785,VT ROUTE 102,MAIDSTONE,VT,05905,-71.567586,44.641112,50,009,950100,1
"3644 VT ROUTE 102 MAIDSTONE, VT 05905 ",3644,VT ROUTE 102,MAIDSTONE,VT,05905,-71.559621,44.612897,50,009,950100,1
"35 JACKSON LODGE VLG CANAAN, VT 05903 ",35,JACKSON LODGE VLG,CANAAN,VT,05903,-71.61249,45.011712,50,009,950100,2
"297 S LUNENBURG RD LUNENBURG, VT 05906 ",297,S  LUNENBURG RD,LUNENBURG,VT,05906,-71.680574,44.455921,50,009,950500,3
"0 VT ROUTE 102 CANAAN, VT 05903 ",0,VT ROUTE 102,CANAAN,VT,05903,-71.529373,44.966097,50,009,950100,2
"3207 LOST NATION RD EAST HAVEN, VT 05837 ",3207,LOST NATION RD,EAST HAVEN,VT,05837,-71.84163,44.700086,50,009,950500,1
"522 MIDDLE ST BRIGHTON, VT 05846 ",522,MIDDLE ST,BRIGHTON,VT,05846,-71.889762,44.820701,50,009,950200,1
"438 CANAAN HILL RD CANAAN, VT 05903 ",438,CANAAN HILL RD,CANAAN,VT,05903,-71.552211,44.981648,50,009,950100,2
"6507 VT ROUTE 114 CANAAN, VT 05903 ",6507,VT ROUTE 114,CANAAN,VT,05903,-71.668041,45.005359,50,009,950100,2
"337 DALE AVE BRIGHTON, VT 05846 ",337,DALE AVE,BRIGHTON,VT,05846,-71.878412,44.807081,50,009,950200,1
"65 CHURCH ST LUNENBURG, VT 05904 ",65,CHURCH ST,LUNENBURG,VT,05904,-71.715846,44.41546,50,009,950500,3
"30 ANNIE DR LUNENBURG, VT 05906 ",30,ANNIE DR,LUNENBURG,VT,05906,-71.73096,44.443197,50,009,950500,3
"382 LAKE VW CANAAN, VT 05903 ",382,LAKE VW,CANAAN,VT,05903,-71.635999,45.004325,50,009,950100,2
"0 DUBEAU RD CANAAN, VT 05903 ",0,DUBEAU RD,CANAAN,VT,05903,-71.638472,45.005351,50,009,950100,2
"153 GILMAN FARM RD LUNENBURG, VT 05906 ",153,GILMAN FARM RD,LUNENBURG,VT,05906,-71.714799,44.429971,50,009,950500,3
"20 SUNRISE ACRES LUNENBURG, VT 05906 ",20,SUNRISE ACRES,LUNENBURG,VT,05906,-71.660033,44.463996,50,009,950500,3
"0 SNOW HILL RD BLOOMFIELD, VT 05905 ",0,SNOW HILL RD,BLOOMFIELD,VT,05905,-71.624998,44.798208,50,009,950100,1
"0 POND HILL RD LUNENBURG, VT 05906 ",0,POND HILL RD,LUNENBURG,VT,05906,-71.683213,44.47105,50,009,950500,1
"0 WESTSIDE LAKE RD MAIDSTONE, VT 05905 ",0,WESTSIDE LAKE RD,MAIDSTONE,VT,05905,-71.661584,44.639843,50,009,950100,1
"42 OLSON DR EAST HAVEN, VT 05837 ",42,OLSON DR,EAST HAVEN,VT,05837,-71.883753,44.643471,50,009,950500,1
"49 BOBBIN MILL RD LUNENBURG, VT 05906 ",49,BOBBIN MILL RD,LUNENBURG,VT,05906,-71.683316,44.464673,50,009,950500,1
"0 VT ROUTE 114 CANAAN, VT 05903 ",0,VT ROUTE 114,CANAAN,VT,05903,-71.659672,45.006574,50,009,950100,2
"1000 PLEASANT ST BRIGHTON, VT 05846 ",1000,PLEASANT ST,BRIGHTON,VT,05846,-71.87407,44.798563,50,009,950200,1
"1296 PLEASANT ST BRIGHTON, VT 05846 ",1296,PLEASANT ST,BRIGHTON,VT,05846,-71.872084,44.794683,50,009,950200,1
"174 COMMERCIAL AVE LUNENBURG, VT 05904 ",174,COMMERCIAL AVE,LUNENBURG,VT,05904,-71.721606,44.413431,50,009,950500,3
"51 PARK ST CANAAN, VT 05903 ",51,PARK ST,CANAAN,VT,05903,-71.539254,44.996209,50,009,950100,2
"0 BOBBIN MILL RD LUNENBURG, VT 05906 ",0,BOBBIN MILL RD,LUNENBURG,VT,05906,-71.673722,44.479633,50,009,950500,1
"2990 VT ROUTE 114 CANAAN, VT 05903 ",2990,VT ROUTE 114,CANAAN,VT,05903,-71.600004,45.012287,50,009,950100,2
"450 FORTY WINKS RD BRIGHTON, VT 05846 ",450,FORTY WINKS RD,BRIGHTON,VT,05846,-71.833519,44.759103,50,009,950200,1
"0 RIVER RD CANAAN, VT 05902 ",0,RIVER RD,CANAAN,VT,05902,-71.473154,45.012318,50,009,950100,2
"237 N CONCORD RD CONCORD, VT 05858 ",237,N  CONCORD RD,CONCORD,VT,05858,-71.866294,44.458399,50,009,950500,2
"3700 VT ROUTE 114 WARRENS GORE, VT 05907 ",3700,VT ROUTE 114,WARRENS GORE,VT,05907,-71.860866,44.933681,50,009,950100,1
"2720 BEAR HILL RD MAIDSTONE, VT 05905 ",2720,BEAR HILL RD,MAIDSTONE,VT,05905,-71.578868,44.619846,50,009,950100,1
"0 VT ROUTE 114 CANAAN, VT 05903 ",0,VT ROUTE 114,CANAAN,VT,05903,-71.546606,45.000683,50,009,950100,2
"0 LAKE EAST 1 MAIDSTONE, VT 05905 ",0,LAKE EAST 1,MAIDSTONE,VT,05905,-71.639543,44.656736,50,009,950100,1
"1984 VT ROUTE 114 WARRENS GORE, VT 05907 ",1984,VT ROUTE 114,WARRENS GORE,VT,05907,-71.874311,44.911738,50,009,950100,1
"1134 HEAD OF THE POND RD BRIGHTON, VT 05846 ",1134,HEAD OF THE POND RD,BRIGHTON,VT,05846,-71.857279,44.777882,50,009,950200,1
"310 HANCOCK RD BRIGHTON, VT 05846 ",310,HANCOCK RD,BRIGHTON,VT,05846,-71.901574,44.757764,50,009,950200,1
"154 RUSZIN DR CONCORD, VT 05824 ",154,RUSZIN DR,CONCORD,VT,05824,-71.818727,44.393043,50,009,950500,2
"1523 BROOK RD CONCORD, VT 05824 ",1523,BROOK RD,CONCORD,VT,05824,-71.891114,44.462881,50,009,950500,2
"724 OREGON RD CONCORD, VT 05906 ",724,OREGON RD,CONCORD,VT,05906,-71.770511,44.455092,50,009,950500,2
"1324 VICTORY RD VICTORY, VT 05858 ",1324,VICTORY RD,VICTORY,VT,05858,-71.829736,44.597213,50,009,950500,1
"2116 CROSS RD CONCORD, VT 05824 ",2116,CROSS RD,CONCORD,VT,05824,-71.901046,44.426471,50,009,950500,2
"725 BEEDE RD CONCORD, VT 05824 ",725,BEEDE RD,CONCORD,VT,05824,-71.874978,44.394407,50,009,950500,2
"601 GOSSELIN RD BLOOMFIELD, VT 05905 ",601,GOSSELIN RD,BLOOMFIELD,VT,05905,-71.610966,44.80873,50,009,950100,1
"332 KEMP HILL RD CANAAN, VT 05903 ",332,KEMP HILL RD,CANAAN,VT,05903,-71.548621,44.978101,50,009,950100,2
"686 PORRELL RD GRANBY, VT 05858 ",686,PORRELL RD,GRANBY,VT,05858,-71.763574,44.578332,50,009,950500,1
"57 COMMERCIAL AVE LUNENBURG, VT 05904 ",57,COMMERCIAL AVE,LUNENBURG,VT,05904,-71.716935,44.41337,50,009,950500,3
"1107 WESTSIDE LAKE RD MAIDSTONE, VT 05905 ",1107,WESTSIDE LAKE RD,MAIDSTONE,VT,05905,-71.652711,44.652873,50,009,950100,1
"2058 CHARLESTON RD BRIGHTON, VT 05846 ",2058,CHARLESTON RD,BRIGHTON,VT,05846,-71.921861,44.804471,50,009,950200,1
"0 WESTSIDE LAKE RD MAIDSTONE, VT 05905 ",0,WESTSIDE LAKE RD,MAIDSTONE,VT,05905,-71.659995,44.641604,50,009,950100,1
"0 VT ROUTE 114 CANAAN, VT 05903 ",0,VT ROUTE 114,CANAAN,VT,05903,-71.557473,45.007016,50,009,950100,2
"191 JACOB CHOPPING DR CANAAN, VT 05903 ",191,JACOB CHOPPING DR,CANAAN,VT,05903,-71.56786,44.97943,50,009,950100,2
"1535 E BRIGHTON RD BRIGHTON, VT 05846 ",1535,E  BRIGHTON RD,BRIGHTON,VT,05846,-71.857494,44.809226,50,009,950200,1
"0 VT ROUTE 102 BLOOMFIELD, VT 05905 ",0,VT ROUTE 102,BLOOMFIELD,VT,05905,-71.622257,44.757059,50,009,950100,1
"0 CREAMERY RD LUNENBURG, VT 05906 ",0,CREAMERY RD,LUNENBURG,VT,05906,-71.689439,44.46276,50,009,950500,1
"90 BOBBIN MILL RD LUNENBURG, VT 05906 ",90,BOBBIN MILL RD,LUNENBURG,VT,05906,-71.681916,44.46567,50,009,950500,1
"0 BOBBIN MILL RD LUNENBURG, VT 05906 ",0,BOBBIN MILL RD,LUNENBURG,VT,05906,-71.678357,44.473461,50,009,950500,1
"6294 GRANBY RD GRANBY, VT 05905 ",6294,GRANBY RD,GRANBY,VT,05905,-71.710229,44.57644,50,009,950500,1
"566 GIDEONS MILL RD BRIGHTON, VT 05846 ",566,GIDEONS MILL RD,BRIGHTON,VT,05846,-71.920779,44.815373,50,009,950200,1
"170 BOMBARD RD CONCORD, VT 05824 ",170,BOMBARD RD,CONCORD,VT,05824,-71.824876,44.415315,50,009,950500,2
"493 SCHOOL ST EAST HAVEN, VT 05837 ",493,SCHOOL ST,EAST HAVEN,VT,05837,-71.891773,44.64593,50,009,950500,1
"3244 SIMS HILL RD LEMINGTON, VT 05903 ",3244,SIMS HILL RD,LEMINGTON,VT,05903,-71.603679,44.865336,50,009,950100,1
"0 RIVER RD CANAAN, VT 05902 ",0,RIVER RD,CANAAN,VT,05902,-71.500774,45.00722,50,009,950100,2
"185 RESERVOIR RD BRIGHTON, VT 05846 ",185,RESERVOIR RD,BRIGHTON,VT,05846,-71.874383,44.794584,50,009,950200,1
"105 STODDARD RD LUNENBURG, VT 05906 ",105,STODDARD RD,LUNENBURG,VT,05906,-71.696943,44.488031,50,009,950500,1
"0 JUDD RD CANAAN, VT 05903 ",0,JUDD RD,CANAAN,VT,05903,-71.554169,45.003306,50,009,950100,2
"493 ROYALSTON CORNER RD CONCORD, VT 05824 ",493,ROYALSTON CORNER RD,CONCORD,VT,05824,-71.876711,44.43347,50,009,950500,2
"55 WASHINGTON AVE LUNENBURG, VT 05904 ",55,WASHINGTON AVE,LUNENBURG,VT,05904,-71.717253,44.412818,50,009,950500,3
"92 SPECTACLE POND RD BRIGHTON, VT 05846 ",92,SPECTACLE POND RD,BRIGHTON,VT,05846,-71.85555,44.800614,50,009,950200,1
"1287 JACKSON RD AVERILL, VT 05901 ",1287,JACKSON RD,AVERILL,VT,05901,-71.701033,44.97396,50,009,950100,1
"78 ISLAND VIEW DR BRIGHTON, VT 05846 ",78,ISLAND VIEW DR,BRIGHTON,VT,05846,-71.858735,44.804788,50,009,950200,1
"764 LECLAIR RD CONCORD, VT 05824 ",764,LECLAIR RD,CONCORD,VT,05824,-71.835717,44.396875,50,009,950500,2
"2364 VICTORY HL VICTORY, VT 05858 ",2364,VICTORY HL,VICTORY,VT,05858,-71.85315,44.542573,50,009,950500,1
"104 SCHOOL ST CONCORD, VT 05824 ",104,SCHOOL ST,CONCORD,VT,05824,-71.890978,44.42691,50,009,950500,2
"195 STEVENS LOOP BRIGHTON, VT 05846 ",195,STEVENS LOOP,BRIGHTON,VT,05846,-71.907911,44.842655,50,009,950200,1
"31 PROSPECT ST CONCORD, VT 05824 ",31,PROSPECT ST,CONCORD,VT,05824,-71.890316,44.427268,50,009,950500,2
"286 CHRISTIAN HL CANAAN, VT 05903 ",286,CHRISTIAN HL,CANAAN,VT,05903,-71.534063,44.99888,50,009,950100,2
"107 RICHARD BLVD EAST HAVEN, VT 05837 ",107,RICHARD BLVD,EAST HAVEN,VT,05837,-71.875694,44.635023,50,009,950500,1
"2748 HEAD OF THE POND RD BRIGHTON, VT 05846 ",2748,HEAD OF THE POND RD,BRIGHTON,VT,05846,-71.83265,44.777833,50,009,950200,1
"0 S LUNENBURG RD LUNENBURG, VT 05906 ",0,S  LUNENBURG RD,LUNENBURG,VT,05906,-71.676551,44.446932,50,009,950500,3
"1640 VICTORY HL VICTORY, VT 05858 ",1640,VICTORY HL,VICTORY,VT,05858,-71.850045,44.532251,50,009,950500,1
"1145 RADAR RD EAST HAVEN, VT 05837 ",1145,RADAR RD,EAST HAVEN,VT,05837,-71.856291,44.645772,50,009,950500,1
"275 WOODWARD RD CONCORD, VT 05824 ",275,WOODWARD RD,CONCORD,VT,05824,-71.894006,44.433984,50,009,950500,2
"0 GALE ST CANAAN, VT 05903 ",0,GALE ST,CANAAN,VT,05903,-71.541665,44.997721,50,009,950100,2
"0 VT ROUTE 105 BLOOMFIELD, VT 05905 ",0,VT ROUTE 105,BLOOMFIELD,VT,05905,-71.637959,44.756403,50,009,950100,1
"2172 RIVER RD LUNENBURG, VT 05904 ",2172,RIVER RD,LUNENBURG,VT,05904,-71.696115,44.420939,50,009,950500,3
"0 VT ROUTE 105 BLOOMFIELD, VT 05905 ",0,VT ROUTE 105,BLOOMFIELD,VT,05905,-71.643475,44.769846,50,009,950100,1
"310 RIVERSIDE AVE LUNENBURG, VT 05906 ",310,RIVERSIDE AVE,LUNENBURG,VT,05906,-71.731791,44.412037,50,009,950500,3
"18 SCHOOL ST EAST HAVEN, VT 05837 ",18,SCHOOL ST,EAST HAVEN,VT,05837,-71.893583,44.641171,50,009,950500,1
"735 N CONCORD RD CONCORD, VT 05858 ",735,N   CONCORD RD,CONCORD,VT,05858,-71.861709,44.464449,50,009,950500,2
"66 RIVERSIDE AVE LUNENBURG, VT 05906 ",66,RIVERSIDE AVE,LUNENBURG,VT,05906,-71.72229,44.412327,50,009,950500,3
"809 COZY NOOK RD CONCORD, VT 05906 ",809,COZY NOOK RD,CONCORD,VT,05906,-71.759653,44.413309,50,009,950500,2
"8534 GRANBY RD GRANBY, VT 05858 ",8534,GRANBY RD,GRANBY,VT,05858,-71.751118,44.56933,50,009,950500,1
"72 PRIVATE WEST 10 MAIDSTONE, VT 05905 ",72,PRIVATE WEST 10,MAIDSTONE,VT,05905,-71.660984,44.639092,50,009,950100,1
"2366 SHADOW LAKE RD CONCORD, VT 05824 ",2366,SHADOW LAKE RD,CONCORD,VT,05824,-71.874553,44.405426,50,009,950500,2
"0 W LUNENBURG RD LUNENBURG, VT 05906 ",0,W  LUNENBURG RD,LUNENBURG,VT,05906,-71.734252,44.464717,50,009,950500,1
"31 COMMERCIAL AVE LUNENBURG, VT 05904 ",31,COMMERCIAL AVE,LUNENBURG,VT,05904,-71.716112,44.413513,50,009,950500,3
"175 POND HILL RD LUNENBURG, VT 05906 ",175,POND HILL RD,LUNENBURG,VT,05906,-71.686517,44.472941,50,009,950500,1
"435 DERBY ST BRIGHTON, VT 05846 ",435,DERBY ST,BRIGHTON,VT,05846,-71.885607,44.807927,50,009,950200,1
"246 W THOMAS RD LUNENBURG, VT 05906 ",246,W  THOMAS RD,LUNENBURG,VT,05906,-71.742627,44.425281,50,009,950500,3
"280 HANCOCK RD BRIGHTON, VT 05846 ",280,HANCOCK RD,BRIGHTON,VT,05846,-71.90162,44.758058,50,009,950200,1
"150 PLEASANT ST BRIGHTON, VT 05846 ",150,PLEASANT ST,BRIGHTON,VT,05846,-71.883117,44.808701,50,009,950200,1
"1632 SHADOW LAKE RD CONCORD, VT 05824 ",1632,SHADOW LAKE RD,CONCORD,VT,05824,-71.886624,44.407314,50,009,950500,2
"130 LAKE RD LUNENBURG, VT 05906 ",130,LAKE RD,LUNENBURG,VT,05906,-71.688994,44.494526,50,009,950500,1
"501 SIMONDS RD LUNENBURG, VT 05906 ",501,SIMONDS RD,LUNENBURG,VT,05906,-71.642337,44.496534,50,009,950500,1
"101 PROSPECT ST CONCORD, VT 05824 ",101,PROSPECT ST,CONCORD,VT,05824,-71.891597,44.426893,50,009,950500,2
"21 STONY BROOK RD GRANBY, VT 05858 ",21,STONY BROOK RD,GRANBY,VT,05858,-71.704104,44.623544,50,009,950500,1
"79 GEORGE ST CONCORD, VT 05824 ",79,GEORGE ST,CONCORD,VT,05824,-71.888701,44.425672,50,009,950500,2
"0 MAILLETT RD LUNENBURG, VT 05906 ",0,MAILLETT RD,LUNENBURG,VT,05906,-71.696215,44.451038,50,009,950500,3
"0 W LUNENBURG RD LUNENBURG, VT 05906 ",0,W  LUNENBURG RD,LUNENBURG,VT,05906,-71.750511,44.46682,50,009,950500,3
"1363 CHARLESTON RD BRIGHTON, VT 05846 ",1363,CHARLESTON RD,BRIGHTON,VT,05846,-71.91285,44.79639,50,009,950200,1
"1342 WOODWARD RD CONCORD, VT 05824 ",1342,WOODWARD RD,CONCORD,VT,05824,-71.894334,44.448823,50,009,950500,2
"7088 VT ROUTE 102 GUILDHALL, VT 05905 ",7088,VT ROUTE 102,GUILDHALL,VT,05905,-71.56284,44.564591,50,009,950500,1
"0 E BRANCH RD LEWIS, VT 05907 ",0,E  BRANCH RD,LEWIS,VT,05907,-71.684482,44.858193,50,009,950100,1
"897 RAILROAD ST BRIGHTON, VT 05846 ",897,RAILROAD ST,BRIGHTON,VT,05846,-71.895223,44.822773,50,009,950200,1
"4742 VT ROUTE 102 BLOOMFIELD, VT 05905 ",4742,VT ROUTE 102,BLOOMFIELD,VT,05905,-71.572743,44.800568,50,009,950100,1
"0 RIVER RD CANAAN, VT 05902 ",0,RIVER RD,CANAAN,VT,05902,-71.49857,45.005793,50,009,950100,2
"9 FULLER RD BLOOMFIELD, VT 05905 ",9,FULLER RD,BLOOMFIELD,VT,05905,-71.594291,44.782772,50,009,950100,1
"1108 HALL RD LUNENBURG, VT 05906 ",1108,HALL RD,LUNENBURG,VT,05906,-71.69447,44.5293,50,009,950500,1
"1928 VT ROUTE 102 BLOOMFIELD, VT 05905 ",1928,VT ROUTE 102,BLOOMFIELD,VT,05905,-71.606112,44.768248,50,009,950100,1
"2423 CROSS RD CONCORD, VT 05824 ",2423,CROSS RD,CONCORD,VT,05824,-71.894978,44.427558,50,009,950500,2
"0 COTTAGE RD AVERILL, VT 05901 ",0,COTTAGE RD,AVERILL,VT,05901,-71.707303,44.996448,50,009,950100,1
"0 CANAAN HILL RD AVERILL, VT 05901 ",0,CANAAN HILL RD,AVERILL,VT,05901,-71.635068,44.970666,50,009,950100,1
"4781 VT ROUTE 114 CANAAN, VT 05903 ",4781,VT ROUTE 114,CANAAN,VT,05903,-71.633218,45.007938,50,009,950100,2
"6344 LEWIS POND RD LEWIS, VT 05907 ",6344,LEWIS POND RD,LEWIS,VT,05907,-71.772463,44.846478,50,009,950100,1
"0 VT ROUTE 102 BLOOMFIELD, VT 05905 ",0,VT ROUTE 102,BLOOMFIELD,VT,05905,-71.580417,44.788629,50,009,950100,1
"410 GREEN HILL RD CANAAN, VT 05903 ",410,GREEN HILL RD,CANAAN,VT,05903,-71.528319,45.005034,50,009,950100,2
"35 AVERILL LAKE RD NORTON, VT 05907 ",35,AVERILL LAKE RD,NORTON,VT,05907,-71.72827,44.996353,50,009,950100,1
"89 RAILROAD ST BRIGHTON, VT 05846 ",89,RAILROAD ST,BRIGHTON,VT,05846,-71.882929,44.814967,50,009,950200,1
"3065 LOST NATION RD EAST HAVEN, VT 05837 ",3065,LOST NATION RD,EAST HAVEN,VT,05837,-71.844228,44.69997,50,009,950500,1
"41 STAGECOACH RD LUNENBURG, VT 05906 ",41,STAGECOACH RD,LUNENBURG,VT,05906,-71.742301,44.466741,50,009,950500,1
"3861 VT ROUTE 102 GUILDHALL, VT 05905 ",3861,VT ROUTE 102,GUILDHALL,VT,05905,-71.590081,44.545927,50,009,950500,1
"3622 SHADOW LAKE RD CONCORD, VT 05824 ",3622,SHADOW LAKE RD,CONCORD,VT,05824,-71.864442,44.39475,50,009,950500,2
"674 BROWN RD BLOOMFIELD, VT 05905 ",674,BROWN RD,BLOOMFIELD,VT,05905,-71.603858,44.814247,50,009,950100,1
"364 MARKO RD CONCORD, VT 05824 ",364,MARKO RD,CONCORD,VT,05824,-71.913475,44.430144,50,009,950500,2
"0 VT ROUTE 102 CANAAN, VT 05903 ",0,VT ROUTE 102,CANAAN,VT,05903,-71.540128,44.976987,50,009,950100,2
"0 TODD HILL RD CANAAN, VT 05903 ",0,TODD HILL RD,CANAAN,VT,05903,-71.54727,44.926826,50,009,950100,2
"6686 VT ROUTE 102 CANAAN, VT 05903 ",6686,VT ROUTE 102,CANAAN,VT,05903,-71.537931,44.993979,50,009,950100,2
"655 FRIZZELL RD LEMINGTON, VT 05903 ",655,FRIZZELL RD,LEMINGTON,VT,05903,-71.599445,44.872195,50,009,950100,1
"243 WESTSIDE LAKE RD MAIDSTONE, VT 05905 ",243,WESTSIDE LAKE RD,MAIDSTONE,VT,05905,-71.648956,44.664597,50,009,950100,1
"1461 CHARLESTON RD BRIGHTON, VT 05846 ",1461,CHARLESTON RD,BRIGHTON,VT,05846,-71.917559,44.796467,50,009,950200,1
"0 TEN MILE SQUARE RD BRIGHTON, VT 05846 ",0,TEN MILE SQUARE RD,BRIGHTON,VT,05846,-71.907973,44.826697,50,009,950200,1
"0 VT ROUTE 102 CANAAN, VT 05903 ",0,VT ROUTE 102,CANAAN,VT,05903,-71.526773,44.957709,50,009,950100,2
"2101 LOST NATION RD EAST HAVEN, VT 05837 ",2101,LOST NATION RD,EAST HAVEN,VT,05837,-71.852128,44.686727,50,009,950500,1
"1107 JOHNSON RD CONCORD, VT 05824 ",1107,JOHNSON RD,CONCORD,VT,05824,-71.833642,44.406705,50,009,950500,2
"3943 LAMOTTE RD GUILDHALL, VT 05905 ",3943,LAMOTTE RD,GUILDHALL,VT,05905,-71.658931,44.553111,50,009,950500,1
"5559 LEONARD HILL RD CONCORD, VT 05824 ",5559,LEONARD HILL RD,CONCORD,VT,05824,-71.859848,44.407572,50,009,950500,2
"2533 PINE BROOK RD WARRENS GORE, VT 05907 ",2533,PINE BROOK RD,WARRENS GORE,VT,05907,-71.85855,44.884104,50,009,950100,1
"82 VT ROUTE 102 MAIDSTONE, VT 05905 ",82,VT ROUTE 102,MAIDSTONE,VT,05905,-71.556545,44.571926,50,009,950100,1
"0 VT ROUTE 114 CANAAN, VT 05903 ",0,VT ROUTE 114,CANAAN,VT,05903,-71.633435,45.006675,50,009,950100,2
"1947 FIVE MILE SQUARE RD BRIGHTON, VT 05846 ",1947,FIVE MILE SQUARE RD,BRIGHTON,VT,05846,-71.911615,44.803962,50,009,950200,1
"1141 WESTSIDE LAKE RD MAIDSTONE, VT 05905 ",1141,WESTSIDE LAKE RD,MAIDSTONE,VT,05905,-71.652626,44.652551,50,009,950100,1
"4286 E BRIGHTON RD BRIGHTON, VT 05846 ",4286,E  BRIGHTON RD,BRIGHTON,VT,05846,-71.81559,44.785953,50,009,950200,1
"187 ISLAND VIEW DR BRIGHTON, VT 05846 ",187,ISLAND VIEW DR,BRIGHTON,VT,05846,-71.859353,44.803556,50,009,950200,1
"2551 JACKSON RD AVERILL, VT 05901 ",2551,JACKSON RD,AVERILL,VT,05901,-71.712728,44.963132,50,009,950100,1
"420 BLUEBERRY LN BRIGHTON, VT 05846 ",420,BLUEBERRY LN,BRIGHTON,VT,05846,-71.867941,44.795034,50,009,950200,1
"248 HASTINGS RD LUNENBURG, VT 05906 ",248,HASTINGS RD,LUNENBURG,VT,05906,-71.738162,44.457634,50,009,950500,3
"0 LECLAIR RD CONCORD, VT 05824 ",0,LECLAIR RD,CONCORD,VT,05824,-71.833642,44.392938,50,009,950500,2
"314 HEAD OF THE POND RD BRIGHTON, VT 05846 ",314,HEAD OF THE POND RD,BRIGHTON,VT,05846,-71.868577,44.786897,50,009,950200,1
"124 COLBY RD LUNENBURG, VT 05906 ",124,COLBY RD,LUNENBURG,VT,05906,-71.6761,44.480273,50,009,950500,1
"316 GAGNON RD NORTON, VT 05907 ",316,GAGNON RD,NORTON,VT,05907,-71.822583,44.982451,50,009,950100,1
"180 LOOP RD AVERILL, VT 05901 ",180,LOOP RD,AVERILL,VT,05901,-71.693102,44.964452,50,009,950100,1
"98 THOMAS RD LUNENBURG, VT 05906 ",98,THOMAS RD,LUNENBURG,VT,05906,-71.728514,44.436296,50,009,950500,3
"0 MAILLETT RD LUNENBURG, VT 05906 ",0,MAILLETT RD,LUNENBURG,VT,05906,-71.691756,44.459721,50,009,950500,3
"6651 VT ROUTE 102 CANAAN, VT 05903 ",6651,VT ROUTE 102,CANAAN,VT,05903,-71.540206,44.993895,50,009,950100,2
"586 LADD RD CONCORD, VT 05824 ",586,LADD RD,CONCORD,VT,05824,-71.856267,44.458255,50,009,950500,2
"91 VICTORY RD CONCORD, VT 05858 ",91,VICTORY RD,CONCORD,VT,05858,-71.858201,44.469076,50,009,950500,2
"340 POND HILL RD LUNENBURG, VT 05906 ",340,POND HILL RD,LUNENBURG,VT,05906,-71.688466,44.476635,50,009,950500,1
"306 GUILDHALL HILL RD LUNENBURG, VT 05906 ",306,GUILDHALL HILL RD,LUNENBURG,VT,05906,-71.657427,44.505442,50,009,950500,1
"0 BOYS CAMP RD LUNENBURG, VT 05906 ",0,BOYS CAMP RD,LUNENBURG,VT,05906,-71.696604,44.493191,50,009,950500,1
"189 DALE AVE BRIGHTON, VT 05846 ",189,DALE AVE,BRIGHTON,VT,05846,-71.88004,44.808525,50,009,950200,1
"49 SHADOW LAKE RD CONCORD, VT 05824 ",49,SHADOW LAKE RD,CONCORD,VT,05824,-71.888853,44.428616,50,009,950500,2
"0 VT ROUTE 102 CANAAN, VT 05903 ",0,VT ROUTE 102,CANAAN,VT,05903,-71.5234,44.935693,50,009,950100,2
"279 GRAVES LN LEMINGTON, VT 05903 ",279,GRAVES LN,LEMINGTON,VT,05903,-71.601802,44.859553,50,009,950100,1
"1191 PARADIS MOUNTAIN RD BRIGHTON, VT 05846 ",1191,PARADIS MOUNTAIN RD,BRIGHTON,VT,05846,-71.881702,44.787682,50,009,950200,1
"0 JUDD RD CANAAN, VT 05903 ",0,JUDD RD,CANAAN,VT,05903,-71.556854,44.996775,50,009,950100,2
"1592 FULLER RD BLOOMFIELD, VT 05905 ",1592,FULLER RD,BLOOMFIELD,VT,05905,-71.592753,44.803793,50,009,950100,1
"163 W SIDE RD LUNENBURG, VT 05906 ",163,W  SIDE RD,LUNENBURG,VT,05906,-71.695885,44.486237,50,009,950500,1
"20 ENID CIR CANAAN, VT 05903 ",20,ENID CIR,CANAAN,VT,05903,-71.540507,44.999349,50,009,950100,2
"0 DENNIS POND RD BRUNSWICK, VT 05905 ",0,DENNIS POND RD,BRUNSWICK,VT,05905,-71.655907,44.731415,50,009,950100,1
"0 VT ROUTE 102 CANAAN, VT 05903 ",0,VT ROUTE 102,CANAAN,VT,05903,-71.543006,44.980824,50,009,950100,2
"929 MILES POND RD CONCORD, VT 05858 ",929,MILES POND RD,CONCORD,VT,05858,-71.808465,44.451958,50,009,950500,2
"204 MIDDLE ST BRIGHTON, VT 05846 ",204,MIDDLE ST,BRIGHTON,VT,05846,-71.884385,44.818288,50,009,950200,1
"4506 VT ROUTE 114 CANAAN, VT 05903 ",4506,VT ROUTE 114,CANAAN,VT,05903,-71.628372,45.010021,50,009,950100,2
"95 NEWARK RD BRIGHTON, VT 05846 ",95,NEWARK RD,BRIGHTON,VT,05846,-71.913758,44.78615,50,009,950200,1
"4074 VT ROUTE 114 CANAAN, VT 05903 ",4074,VT ROUTE 114,CANAAN,VT,05903,-71.620431,45.009894,50,009,950100,2
"79 JEFFERSON AVE LUNENBURG, VT 05904 ",79,JEFFERSON AVE,LUNENBURG,VT,05904,-71.721609,44.413848,50,009,950500,3
"0 LAKE RD LUNENBURG, VT 05906 ",0,LAKE RD,LUNENBURG,VT,05906,-71.688716,44.490414,50,009,950500,1
"123 JACKSON LODGE VLG CANAAN, VT 05903 ",123,JACKSON LODGE VLG,CANAAN,VT,05903,-71.612585,45.012237,50,009,950100,2
"0 GALE ST CANAAN, VT 05903 ",0,GALE ST,CANAAN,VT,05903,-71.540779,44.997042,50,009,950100,2
"979 SAWMILL RD CONCORD, VT 05824 ",979,SAWMILL RD,CONCORD,VT,05824,-71.894494,44.44552,50,009,950500,2
"0 BOBBIN MILL RD LUNENBURG, VT 05906 ",0,BOBBIN MILL RD,LUNENBURG,VT,05906,-71.677906,44.4778,50,009,950500,1
"1734 W LUNENBURG RD LUNENBURG, VT 05906 ",1734,W  LUNENBURG RD,LUNENBURG,VT,05906,-71.761784,44.469066,50,009,950500,1
"1181 VT ROUTE 102 MAIDSTONE, VT 05905 ",1181,VT ROUTE 102,MAIDSTONE,VT,05905,-71.549774,44.586502,50,009,950100,1
"0 RODIN RD AVERILL, VT 05901 ",0,RODIN RD,AVERILL,VT,05901,-71.696706,44.947821,50,009,950100,1
"0 WENTWORTH RD LUNENBURG, VT 05906 ",0,WENTWORTH RD,LUNENBURG,VT,05906,-71.707333,44.453547,50,009,950500,3
"3785 VT ROUTE 102 BLOOMFIELD, VT 05905 ",3785,VT ROUTE 102,BLOOMFIELD,VT,05905,-71.582134,44.78825,50,009,950100,1
"0 W MCCONNELL POND RD BRIGHTON, VT 05846 ",0,W  MCCONNELL POND RD,BRIGHTON,VT,05846,-71.825156,44.801266,50,009,950200,1
"69 CROSS ST BRIGHTON, VT 05846 ",69,CROSS ST,BRIGHTON,VT,05846,-71.88096,44.814107,50,009,950200,1
"38 SUNRISE PT BRIGHTON, VT 05846 ",38,SUNRISE PT,BRIGHTON,VT,05846,-71.870668,44.794215,50,009,950200,1
"0 LAKE RD LUNENBURG, VT 05906 ",0,LAKE RD,LUNENBURG,VT,05906,-71.689106,44.491498,50,009,950500,1
"173 LADD RD CONCORD, VT 05824 ",173,LADD RD,CONCORD,VT,05824,-71.865457,44.455888,50,009,950500,2
"285 LAKE VW CANAAN, VT 05903 ",285,LAKE VW,CANAAN,VT,05903,-71.6326,45.003424,50,009,950100,2
"0 MAIDSTONE LAKE RD MAIDSTONE, VT 05905 ",0,MAIDSTONE LAKE RD,MAIDSTONE,VT,05905,-71.643742,44.638178,50,009,950100,1
"414 LOOP RD AVERILL, VT 05901 ",414,LOOP RD,AVERILL,VT,05901,-71.693971,44.967176,50,009,950100,1
"0 VT ROUTE 102 BLOOMFIELD, VT 05905 ",0,VT ROUTE 102,BLOOMFIELD,VT,05905,-71.578051,44.81468,50,009,950100,1
"216 DERBY ST BRIGHTON, VT 05846 ",216,DERBY ST,BRIGHTON,VT,05846,-71.884737,44.81103,50,009,950200,1
"0 TODD HILL RD CANAAN, VT 05903 ",0,TODD HILL RD,CANAAN,VT,05903,-71.539779,44.930924,50,009,950100,2
"691 VT ROUTE 253 CANAAN, VT 05902 ",691,VT ROUTE 253,CANAAN,VT,05902,-71.514357,45.004797,50,009,950100,2
"0 SPENCER HILL RD BLOOMFIELD, VT 05905 ",0,SPENCER HILL RD,BLOOMFIELD,VT,05905,-71.634903,44.755098,50,009,950100,1
"1370 VT ROUTE 105 BLOOMFIELD, VT 05905 ",1370,VT ROUTE 105,BLOOMFIELD,VT,05905,-71.643569,44.767935,50,009,950100,1
"289 FOLSOM AVE CONCORD, VT 05824 ",289,FOLSOM AVE,CONCORD,VT,05824,-71.884713,44.432531,50,009,950500,2
"312 GALE ST CANAAN, VT 05903 ",312,GALE ST,CANAAN,VT,05903,-71.54048,44.997565,50,009,950100,2
"483 DANCE HALL RD LUNENBURG, VT 05906 ",483,DANCE HALL RD,LUNENBURG,VT,05906,-71.766193,44.458538,50,009,950500,3
"144 GLENSIDE LN CONCORD, VT 05858 ",144,GLENSIDE LN,CONCORD,VT,05858,-71.860289,44.46838,50,009,950500,2
"636 CHURCH HILL RD NORTON, VT 05907 ",636,CHURCH HILL RD,NORTON,VT,05907,-71.790406,44.997057,50,009,950100,1
"279 COTTAGE RD AVERILL, VT 05901 ",279,COTTAGE RD,AVERILL,VT,05901,-71.704966,44.995566,50,009,950100,1
"998 SIMS HILL RD LEMINGTON, VT 05903 ",998,SIMS HILL RD,LEMINGTON,VT,05903,-71.564617,44.867064,50,009,950100,1
"2780 EAST HAVEN RD BRIGHTON, VT 05846 ",2780,EAST HAVEN RD,BRIGHTON,VT,05846,-71.897515,44.761816,50,009,950200,1
"814 FELLOWS RD GUILDHALL, VT 05905 ",814,FELLOWS RD,GUILDHALL,VT,05905,-71.608091,44.51706,50,009,950500,1
"405 SAWMILL RD CONCORD, VT 05824 ",405,SAWMILL RD,CONCORD,VT,05824,-71.900911,44.438238,50,009,950500,2
"50 JEFFERSON AVE LUNENBURG, VT 05904 ",50,JEFFERSON AVE,LUNENBURG,VT,05904,-71.720635,44.41451,50,009,950500,3
"0 VT ROUTE 102 BLOOMFIELD, VT 05905 ",0,VT ROUTE 102,BLOOMFIELD,VT,05905,-71.631773,44.754174,50,009,950100,1
"0 VT ROUTE 102 CANAAN, VT 05903 ",0,VT ROUTE 102,CANAAN,VT,05903,-71.540973,44.977632,50,009,950100,2
"1027 LAKESHORE DR BRIGHTON, VT 05846 ",1027,LAKESHORE DR,BRIGHTON,VT,05846,-71.858941,44.798189,50,009,950200,1
"0 BREAULT RD CANAAN, VT 05903 ",0,BREAULT RD,CANAAN,VT,05903,-71.605591,45.011854,50,009,950100,2
"158 LAKE RD LUNENBURG, VT 05906 ",158,LAKE RD,LUNENBURG,VT,05906,-71.688972,44.493534,50,009,950500,1
"3708 MAIDSTONE LAKE RD MAIDSTONE, VT 05905 ",3708,MAIDSTONE LAKE RD,MAIDSTONE,VT,05905,-71.649072,44.666692,50,009,950100,1
"92 MILL BROOK RD BLOOMFIELD, VT 05905 ",92,MILL BROOK RD,BLOOMFIELD,VT,05905,-71.599303,44.779672,50,009,950100,1
"288 SUNRISE RD WARRENS GORE, VT 05907 ",288,SUNRISE RD,WARRENS GORE,VT,05907,-71.879644,44.922806,50,009,950100,1
"52 ELM ST LUNENBURG, VT 05904 ",52,ELM ST,LUNENBURG,VT,05904,-71.718674,44.415062,50,009,950500,3
"239 SE POND RD LUNENBURG, VT 05906 ",239,SE   POND RD,LUNENBURG,VT,05906,-71.689621,44.485484,50,009,950500,1
"3017 VT ROUTE 102 BRUNSWICK, VT 05905 ",3017,VT ROUTE 102,BRUNSWICK,VT,05905,-71.614508,44.716571,50,009,950100,1
"559 WESTSIDE LAKE RD MAIDSTONE, VT 05905 ",559,WESTSIDE LAKE RD,MAIDSTONE,VT,05905,-71.649522,44.660293,50,009,950100,1
"71 CANAAN MOBILE HOME PARK CANAAN, VT 05903 ",71,CANAAN MOBILE HOME PARK,CANAAN,VT,05903,-71.540854,44.994806,50,009,950100,2
"0 RIVER RD CANAAN, VT 05902 ",0,RIVER RD,CANAAN,VT,05902,-71.498821,45.005902,50,009,950100,2
"409 WOODWARD RD CONCORD, VT 05824 ",409,WOODWARD RD,CONCORD,VT,05824,-71.8938,44.43535,50,009,950500,2
"631 VT ROUTE 102 CANAAN, VT 05903 ",631,VT ROUTE 102,CANAAN,VT,05903,-71.516067,44.917741,50,009,950100,2
"53 HILLSIDE TER BRIGHTON, VT 05846 ",53,HILLSIDE TER,BRIGHTON,VT,05846,-71.879161,44.820014,50,009,950200,1
"0 MAILLETT RD LUNENBURG, VT 05906 ",0,MAILLETT RD,LUNENBURG,VT,05906,-71.691885,44.458127,50,009,950500,3
"1193 LAKESHORE DR BRIGHTON, VT 05846 ",1193,LAKESHORE DR,BRIGHTON,VT,05846,-71.858346,44.80124,50,009,950200,1
"0 KIMBALL RD LUNENBURG, VT 05906 ",0,KIMBALL RD,LUNENBURG,VT,05906,-71.712783,44.488132,50,009,950500,1
"267 HAGAN RD LUNENBURG, VT 05906 ",267,HAGAN RD,LUNENBURG,VT,05906,-71.712839,44.496839,50,009,950500,1
"73 W THOMAS RD LUNENBURG, VT 05906 ",73,W   THOMAS RD,LUNENBURG,VT,05906,-71.748972,44.426978,50,009,950500,3
"174 RICHARD BLVD EAST HAVEN, VT 05837 ",174,RICHARD BLVD,EAST HAVEN,VT,05837,-71.877363,44.634701,50,009,950500,1
"2241 HEAD OF THE POND RD BRIGHTON, VT 05846 ",2241,HEAD OF THE POND RD,BRIGHTON,VT,05846,-71.84074,44.774448,50,009,950200,1
"0 VENHEIM RD LUNENBURG, VT 05906 ",0,VENHEIM RD,LUNENBURG,VT,05906,-71.747462,44.475039,50,009,950500,1
"167 MARSHALL RD BLOOMFIELD, VT 05905 ",167,MARSHALL RD,BLOOMFIELD,VT,05905,-71.630947,44.756338,50,009,950100,1
"1719 GRANBY RD GUILDHALL, VT 05905 ",1719,GRANBY RD,GUILDHALL,VT,05905,-71.632383,44.56067,50,009,950500,1
"1870 HEAD OF THE POND RD BRIGHTON, VT 05846 ",1870,HEAD OF THE POND RD,BRIGHTON,VT,05846,-71.845149,44.771388,50,009,950200,1
"1237 WESTSIDE LAKE RD MAIDSTONE, VT 05905 ",1237,WESTSIDE LAKE RD,MAIDSTONE,VT,05905,-71.652043,44.651303,50,009,950100,1
"0 VT ROUTE 102 BLOOMFIELD, VT 05905 ",0,VT ROUTE 102,BLOOMFIELD,VT,05905,-71.588392,44.78574,50,009,950100,1
"938 VT ROUTE 114 EAST HAVEN, VT 05837 ",938,VT ROUTE 114,EAST HAVEN,VT,05837,-71.891618,44.652578,50,009,950500,1
"1262 VT ROUTE 105 BLOOMFIELD, VT 05905 ",1262,VT ROUTE 105,BLOOMFIELD,VT,05905,-71.643816,44.76637,50,009,950100,1
"46 BRIDGE ST GUILDHALL, VT 05905 ",46,BRIDGE ST,GUILDHALL,VT,05905,-71.559981,44.564392,50,009,950500,1
"86 GEORGE ST CONCORD, VT 05824 ",86,GEORGE ST,CONCORD,VT,05824,-71.888631,44.42604,50,009,950500,2
"5084 VT ROUTE 102 BLOOMFIELD, VT 05905 ",5084,VT ROUTE 102,BLOOMFIELD,VT,05905,-71.57214,44.804941,50,009,950100,1
"346 W MAIN ST LUNENBURG, VT 05906 ",346,W  MAIN ST,LUNENBURG,VT,05906,-71.695495,44.461685,50,009,950500,1
"298 EAST HAVEN RD BRIGHTON, VT 05846 ",298,EAST HAVEN RD,BRIGHTON,VT,05846,-71.910332,44.793547,50,009,950200,1
"6998 VT ROUTE 102 LEMINGTON, VT 05905 ",6998,VT ROUTE 102,LEMINGTON,VT,05905,-71.503414,44.906819,50,009,950100,1
"6345 VT ROUTE 102 BLOOMFIELD, VT 05905 ",6345,VT ROUTE 102,BLOOMFIELD,VT,05905,-71.572976,44.821786,50,009,950100,1
"4518 VT ROUTE 114 CANAAN, VT 05903 ",4518,VT ROUTE 114,CANAAN,VT,05903,-71.628672,45.00997,50,009,950100,2
"6550 VT ROUTE 114 CANAAN, VT 05903 ",6550,VT ROUTE 114,CANAAN,VT,05903,-71.669388,45.006704,50,009,950100,2
"140 LAKE RD LUNENBURG, VT 05906 ",140,LAKE RD,LUNENBURG,VT,05906,-71.689036,44.494159,50,009,950500,1
"292 MOUNTAIN ST BRIGHTON, VT 05846 ",292,MOUNTAIN ST,BRIGHTON,VT,05846,-71.879873,44.820345,50,009,950200,1
"185 BLUEBERRY LN BRIGHTON, VT 05846 ",185,BLUEBERRY LN,BRIGHTON,VT,05846,-71.869386,44.799153,50,009,950200,1
"829 MITCHELL RD CONCORD, VT 05824 ",829,MITCHELL RD,CONCORD,VT,05824,-71.848945,44.39323,50,009,950500,2
"0 VT ROUTE 102 CANAAN, VT 05903 ",0,VT ROUTE 102,CANAAN,VT,05903,-71.513609,44.915119,50,009,950100,2
"0 VT ROUTE 102 CANAAN, VT 05903 ",0,VT ROUTE 102,CANAAN,VT,05903,-71.524461,44.931624,50,009,950100,2
"441 POND HILL RD LUNENBURG, VT 05906 ",441,POND HILL RD,LUNENBURG,VT,05906,-71.691916,44.480014,50,009,950500,1
"980 WILLSON RD CONCORD, VT 05824 ",980,WILLSON RD,CONCORD,VT,05824,-71.864892,44.471494,50,009,950500,2
"48 MAILLETT RD LUNENBURG, VT 05906 ",48,MAILLETT RD,LUNENBURG,VT,05906,-71.691286,44.460815,50,009,950500,3
"2189 WESTSIDE LAKE RD MAIDSTONE, VT 05905 ",2189,WESTSIDE LAKE RD,MAIDSTONE,VT,05905,-71.659191,44.641418,50,009,950100,1
"1053 MILES POND RD CONCORD, VT 05858 ",1053,MILES POND RD,CONCORD,VT,05858,-71.805524,44.451857,50,009,950500,2
"3251 E BRIGHTON RD BRIGHTON, VT 05846 ",3251,E  BRIGHTON RD,BRIGHTON,VT,05846,-71.832804,44.795141,50,009,950200,1
"723 TIN SHACK RD LEWIS, VT 05907 ",723,TIN SHACK RD,LEWIS,VT,05907,-71.717943,44.849611,50,009,950100,1
"3021 OREGON RD CONCORD, VT 05906 ",3021,OREGON RD,CONCORD,VT,05906,-71.752205,44.425505,50,009,950500,2
"68 BELLEVUE AVE BRIGHTON, VT 05846 ",68,BELLEVUE AVE,BRIGHTON,VT,05846,-71.882008,44.80833,50,009,950200,1
"59 RANDOM VALE BRIGHTON, VT 05846 ",59,RANDOM VALE,BRIGHTON,VT,05846,-71.870268,44.793688,50,009,950200,1
"0 VT ROUTE 102 BLOOMFIELD, VT 05905 ",0,VT ROUTE 102,BLOOMFIELD,VT,05905,-71.568877,44.825655,50,009,950100,1
"4532 MAIDSTONE LAKE RD MAIDSTONE, VT 05905 ",4532,MAIDSTONE LAKE RD,MAIDSTONE,VT,05905,-71.639552,44.657227,50,009,950100,1
"1176 VT ROUTE 102 MAIDSTONE, VT 05905 ",1176,VT ROUTE 102,MAIDSTONE,VT,05905,-71.548338,44.585378,50,009,950100,1
"205 BEACH DR CONCORD, VT 05858 ",205,BEACH DR,CONCORD,VT,05858,-71.800503,44.449737,50,009,950500,2
"0 BOBBIN MILL RD LUNENBURG, VT 05906 ",0,BOBBIN MILL RD,LUNENBURG,VT,05906,-71.652984,44.489025,50,009,950500,1
"1506 NORTON RD BRIGHTON, VT 05846 ",1506,NORTON RD,BRIGHTON,VT,05846,-71.908937,44.844846,50,009,950200,1
"232 POLLARD HL CANAAN, VT 05903 ",232,POLLARD HL,CANAAN,VT,05903,-71.598702,44.958146,50,009,950100,2
"1591 PORRELL RD GRANBY, VT 05858 ",1591,PORRELL RD,GRANBY,VT,05858,-71.754442,44.588687,50,009,950500,1
"4376 VT ROUTE 102 CANAAN, VT 05903 ",4376,VT ROUTE 102,CANAAN,VT,05903,-71.525406,44.967737,50,009,950100,2
"3630 E BRIGHTON RD BRIGHTON, VT 05846 ",3630,E  BRIGHTON RD,BRIGHTON,VT,05846,-71.828057,44.788705,50,009,950200,1
"126 COLBY RD LUNENBURG, VT 05906 ",126,COLBY RD,LUNENBURG,VT,05906,-71.676089,44.481038,50,009,950500,1
"0 RIVER RD CANAAN, VT 05902 ",0,RIVER RD,CANAAN,VT,05902,-71.499583,45.005598,50,009,950100,2
"2812 NORTH RD MAIDSTONE, VT 05905 ",2812,NORTH RD,MAIDSTONE,VT,05905,-71.59137,44.602889,50,009,950100,1
"251 BLUEBERRY LN BRIGHTON, VT 05846 ",251,BLUEBERRY LN,BRIGHTON,VT,05846,-71.869818,44.797565,50,009,950200,1
"695 N CONCORD RD CONCORD, VT 05858 ",695,N   CONCORD RD,CONCORD,VT,05858,-71.862048,44.463795,50,009,950500,2
"28 CROSS ST BRIGHTON, VT 05846 ",28,CROSS ST,BRIGHTON,VT,05846,-71.881325,44.814718,50,009,950200,1
"2290 HENSHAW RD BRIGHTON, VT 05846 ",2290,HENSHAW RD,BRIGHTON,VT,05846,-71.823924,44.837415,50,009,950200,1
"195 PLEASANT ST BRIGHTON, VT 05846 ",195,PLEASANT ST,BRIGHTON,VT,05846,-71.882256,44.808518,50,009,950200,1
"0 RIVER RD LUNENBURG, VT 05906 ",0,RIVER RD,LUNENBURG,VT,05906,-71.659494,44.448128,50,009,950500,3
"263 STREETER RD CONCORD, VT 05824 ",263,STREETER RD,CONCORD,VT,05824,-71.833301,44.433685,50,009,950500,2
"80 DONYO RD LUNENBURG, VT 05906 ",80,DONYO RD,LUNENBURG,VT,05906,-71.757948,44.440005,50,009,950500,3
"902 CAMPERS LN CONCORD, VT 05824 ",902,CAMPERS LN,CONCORD,VT,05824,-71.810759,44.44357,50,009,950500,2
"575 VT ROUTE 102 LEMINGTON, VT 05905 ",575,VT ROUTE 102,LEMINGTON,VT,05905,-71.559238,44.832995,50,009,950100,1
"3060 LOST NATION RD EAST HAVEN, VT 05837 ",3060,LOST NATION RD,EAST HAVEN,VT,05837,-71.841995,44.697992,50,009,950500,1
"1550 CAMPERS LN CONCORD, VT 05824 ",1550,CAMPERS LN,CONCORD,VT,05824,-71.821963,44.446968,50,009,950500,2
"3933 EAST HAVEN RD BRIGHTON, VT 05846 ",3933,EAST HAVEN RD,BRIGHTON,VT,05846,-71.884751,44.747453,50,009,950200,1
"1123 WOODWARD RD CONCORD, VT 05824 ",1123,WOODWARD RD,CONCORD,VT,05824,-71.893464,44.445131,50,009,950500,2
"12 NORTH RD GUILDHALL, VT 05905 ",12,NORTH RD,GUILDHALL,VT,05905,-71.587618,44.566654,50,009,950500,1
"0 VT ROUTE 102 CANAAN, VT 05903 ",0,VT ROUTE 102,CANAAN,VT,05903,-71.516129,44.917859,50,009,950100,2
"1771 VT ROUTE 114 EAST HAVEN, VT 05837 ",1771,VT ROUTE 114,EAST HAVEN,VT,05837,-71.888987,44.664062,50,009,950500,1
"869 PLEASANT ST BRIGHTON, VT 05846 ",869,PLEASANT ST,BRIGHTON,VT,05846,-71.874323,44.800539,50,009,950200,1
"2188 HENSHAW RD BRIGHTON, VT 05846 ",2188,HENSHAW RD,BRIGHTON,VT,05846,-71.838274,44.834948,50,009,950200,1
"4358 LEWIS POND RD LEWIS, VT 05907 ",4358,LEWIS POND RD,LEWIS,VT,05907,-71.758843,44.824234,50,009,950100,1
"33 HUNTINGTON RD MAIDSTONE, VT 05905 ",33,HUNTINGTON RD,MAIDSTONE,VT,05905,-71.593084,44.603148,50,009,950100,1
"4122 MAIDSTONE LAKE RD MAIDSTONE, VT 05905 ",4122,MAIDSTONE LAKE RD,MAIDSTONE,VT,05905,-71.643478,44.661951,50,009,950100,1
"4544 VT ROUTE 114 CANAAN, VT 05903 ",4544,VT ROUTE 114,CANAAN,VT,05903,-71.629237,45.009868,50,009,950100,2
"3146 VT ROUTE 102 CANAAN, VT 05903 ",3146,VT ROUTE 102,CANAAN,VT,05903,-71.523332,44.951059,50,009,950100,2
"642 COTTAGE RD AVERILL, VT 05901 ",642,COTTAGE RD,AVERILL,VT,05901,-71.701304,44.991561,50,009,950100,1
"0 OUIMETTE WAY BRIGHTON, VT 05846 ",0,OUIMETTE WAY,BRIGHTON,VT,05846,-71.826625,44.763787,50,009,950200,1
"133 WILDERNESS DR GUILDHALL, VT 05905 ",133,WILDERNESS DR,GUILDHALL,VT,05905,-71.607288,44.51307,50,009,950500,1
"1195 PLEASANT ST BRIGHTON, VT 05846 ",1195,PLEASANT ST,BRIGHTON,VT,05846,-71.871656,44.796275,50,009,950200,1
"90 KIMBALL RD LUNENBURG, VT 05906 ",90,KIMBALL RD,LUNENBURG,VT,05906,-71.694161,44.464116,50,009,950500,1
"0 VT ROUTE 102 CANAAN, VT 05903 ",0,VT ROUTE 102,CANAAN,VT,05903,-71.525321,44.957421,50,009,950100,2
"0 SUNRISE ACRES LUNENBURG, VT 05906 ",0,SUNRISE ACRES,LUNENBURG,VT,05906,-71.660157,44.463907,50,009,950500,3
"662 DERBY ST BRIGHTON, VT 05846 ",662,DERBY ST,BRIGHTON,VT,05846,-71.889243,44.805465,50,009,950200,1
"2959 VT ROUTE 114 E NORTON, VT 05907 ",2959,VT ROUTE 114   E,NORTON,VT,05907,-71.739241,44.996344,50,009,950100,1
"129 JACK BROOK RD EAST HAVEN, VT 05837 ",129,JACK BROOK RD,EAST HAVEN,VT,05837,-71.847846,44.694933,50,009,950500,1
"67 JACOB CHOPPING DR CANAAN, VT 05903 ",67,JACOB CHOPPING DR,CANAAN,VT,05903,-71.568764,44.977829,50,009,950100,2
"1377 SHADOW LAKE RD CONCORD, VT 05824 ",1377,SHADOW LAKE RD,CONCORD,VT,05824,-71.888582,44.411014,50,009,950500,2
"51 WHISTLE STOP RD WARRENS GORE, VT 05907 ",51,WHISTLE STOP RD,WARRENS GORE,VT,05907,-71.870187,44.926521,50,009,950100,1
"166 MAIN ST CONCORD, VT 05824 ",166,MAIN ST,CONCORD,VT,05824,-71.89219,44.429529,50,009,950500,2
"896 CHARLESTON RD BRIGHTON, VT 05846 ",896,CHARLESTON RD,BRIGHTON,VT,05846,-71.903659,44.802273,50,009,950200,1
"5793 VT ROUTE 102 CANAAN, VT 05903 ",5793,VT ROUTE 102,CANAAN,VT,05903,-71.543574,44.982034,50,009,950100,2
"6951 VT ROUTE 102 LEMINGTON, VT 05905 ",6951,VT ROUTE 102,LEMINGTON,VT,05905,-71.503646,44.906155,50,009,950100,1
"50 DALE AVE BRIGHTON, VT 05846 ",50,DALE AVE,BRIGHTON,VT,05846,-71.882266,44.810214,50,009,950200,1
"2081 E BRIGHTON RD BRIGHTON, VT 05846 ",2081,E  BRIGHTON RD,BRIGHTON,VT,05846,-71.84836,44.805994,50,009,950200,1
"93 PRIVATE WEST 3 MAIDSTONE, VT 05905 ",93,PRIVATE WEST 3,MAIDSTONE,VT,05905,-71.651669,44.656752,50,009,950100,1
"0 RIVER RD LUNENBURG, VT 05904 ",0,RIVER RD,LUNENBURG,VT,05904,-71.698369,44.418988,50,009,950500,3
"6008 VT ROUTE 114 CANAAN, VT 05903 ",6008,VT ROUTE 114,CANAAN,VT,05903,-71.657855,45.006089,50,009,950100,2
"2451 RIVER RD LUNENBURG, VT 05904 ",2451,RIVER RD,LUNENBURG,VT,05904,-71.704091,44.415147,50,009,950500,3
"732 JOHN IRWIN RD EAST HAVEN, VT 05837 ",732,JOHN IRWIN RD,EAST HAVEN,VT,05837,-71.807271,44.62454,50,009,950500,1
"1020 LANCASTER RD LUNENBURG, VT 05906 ",1020,LANCASTER RD,LUNENBURG,VT,05906,-71.628753,44.48491,50,009,950500,1
"472 SPENCER HILL RD BLOOMFIELD, VT 05905 ",472,SPENCER HILL RD,BLOOMFIELD,VT,05905,-71.626458,44.758789,50,009,950100,1
"15 PRIVATE WEST 9 MAIDSTONE, VT 05905 ",15,PRIVATE WEST 9,MAIDSTONE,VT,05905,-71.659902,44.641185,50,009,950100,1
"511 TODD HILL RD CANAAN, VT 05903 ",511,TODD HILL RD,CANAAN,VT,05903,-71.533008,44.926502,50,009,950100,2
"373 RAILROAD ST BRIGHTON, VT 05846 ",373,RAILROAD ST,BRIGHTON,VT,05846,-71.887148,44.817807,50,009,950200,1
"1189 BOBBIN MILL RD LUNENBURG, VT 05906 ",1189,BOBBIN MILL RD,LUNENBURG,VT,05906,-71.669436,44.49366,50,009,950500,1
"11 MILL ST BRIGHTON, VT 05846 ",11,MILL ST,BRIGHTON,VT,05846,-71.880354,44.81439,50,009,950200,1
"73 ROULEAU RD CANAAN, VT 05902 ",73,ROULEAU RD,CANAAN,VT,05902,-71.497174,45.004694,50,009,950100,2
"17 CHURCH ST LUNENBURG, VT 05904 ",17,CHURCH ST,LUNENBURG,VT,05904,-71.716175,44.414153,50,009,950500,3
"83 SCHOOL RD GUILDHALL, VT 05905 ",83,SCHOOL RD,GUILDHALL,VT,05905,-71.564406,44.566473,50,009,950500,1
"0 VT ROUTE 102 BLOOMFIELD, VT 05905 ",0,VT ROUTE 102,BLOOMFIELD,VT,05905,-71.578559,44.793367,50,009,950100,1
"1251 POND HILL RD LUNENBURG, VT 05906 ",1251,POND HILL RD,LUNENBURG,VT,05906,-71.707529,44.497668,50,009,950500,1
"0 E MAIN ST LUNENBURG, VT 05906 ",0,E   MAIN ST,LUNENBURG,VT,05906,-71.672259,44.463376,50,009,950500,3
"160 S LUNENBURG RD LUNENBURG, VT 05906 ",160,S  LUNENBURG RD,LUNENBURG,VT,05906,-71.682015,44.459018,50,009,950500,3
"186 BROUSSEAU MOUNTAIN RD NORTON, VT 05907 ",186,BROUSSEAU MOUNTAIN RD,NORTON,VT,05907,-71.740185,44.993754,50,009,950100,1
"47 LAKE EAST 1 MAIDSTONE, VT 05905 ",47,LAKE EAST 1,MAIDSTONE,VT,05905,-71.639829,44.655308,50,009,950100,1
"167 COLE HILL RD LUNENBURG, VT 05906 ",167,COLE HILL RD,LUNENBURG,VT,05906,-71.669335,44.509279,50,009,950500,1
"22 RIVER RD CANAAN, VT 05902 ",22,RIVER RD,CANAAN,VT,05902,-71.507166,45.008326,50,009,950100,2
"28 BEZIA RD MAIDSTONE, VT 05905 ",28,BEZIA RD,MAIDSTONE,VT,05905,-71.602742,44.61599,50,009,950100,1
"1412 MAILLETT RD LUNENBURG, VT 05906 ",1412,MAILLETT RD,LUNENBURG,VT,05906,-71.682881,44.430073,50,009,950500,3
"39 CLARK ST BRIGHTON, VT 05846 ",39,CLARK ST,BRIGHTON,VT,05846,-71.887998,44.817051,50,009,950200,1
"4830 VT ROUTE 102 CANAAN, VT 05903 ",4830,VT ROUTE 102,CANAAN,VT,05903,-71.531187,44.972025,50,009,950100,2
"4270 VT ROUTE 102 MAIDSTONE, VT 05905 ",4270,VT ROUTE 102,MAIDSTONE,VT,05905,-71.557712,44.62036,50,009,950100,1
"115 BAY LN BRIGHTON, VT 05846 ",115,BAY LN,BRIGHTON,VT,05846,-71.866426,44.81265,50,009,950200,1
"549 CHRISTIAN HL CANAAN, VT 05903 ",549,CHRISTIAN HL,CANAAN,VT,05903,-71.529672,45.001006,50,009,950100,2
"11 WALKER PIT RD LUNENBURG, VT 05906 ",11,WALKER PIT RD,LUNENBURG,VT,05906,-71.731918,44.411346,50,009,950500,3
"3036 VT ROUTE 102 MAIDSTONE, VT 05905 ",3036,VT ROUTE 102,MAIDSTONE,VT,05905,-71.560198,44.605439,50,009,950100,1
"279 BLUEBERRY LN BRIGHTON, VT 05846 ",279,BLUEBERRY LN,BRIGHTON,VT,05846,-71.869709,44.796949,50,009,950200,1
"0 PARK AVE LUNENBURG, VT 05906 ",0,PARK AVE,LUNENBURG,VT,05906,-71.683157,44.463529,50,009,950500,1
"1005 LOST NATION RD EAST HAVEN, VT 05837 ",1005,LOST NATION RD,EAST HAVEN,VT,05837,-71.866264,44.677915,50,009,950500,1
"54 PAGE LN CONCORD, VT 05824 ",54,PAGE LN,CONCORD,VT,05824,-71.871858,44.395845,50,009,950500,2
"786 CAMPERS LN CONCORD, VT 05824 ",786,CAMPERS LN,CONCORD,VT,05824,-71.808676,44.443568,50,009,950500,2
"0 MORRILL BROOK RD CANAAN, VT 05903 ",0,MORRILL BROOK RD,CANAAN,VT,05903,-71.607359,44.981344,50,009,950100,2
"2497 HURRICANE BROOK RD WARRENS GORE, VT 05907 ",2497,HURRICANE BROOK RD,WARRENS GORE,VT,05907,-71.885469,44.937988,50,009,950100,1
"2102 FOREST LAKE RD AVERILL, VT 05901 ",2102,FOREST LAKE RD,AVERILL,VT,05901,-71.684879,44.983411,50,009,950100,1
"56 GALE ST CANAAN, VT 05903 ",56,GALE ST,CANAAN,VT,05903,-71.535841,44.996262,50,009,950100,2
"83 BOBBIN MILL RD LUNENBURG, VT 05906 ",83,BOBBIN MILL RD,LUNENBURG,VT,05906,-71.682673,44.465571,50,009,950500,1
"79 LUND LN GRANBY, VT 05858 ",79,LUND LN,GRANBY,VT,05858,-71.782888,44.581128,50,009,950500,1
"489 VT ROUTE 114 S NORTON, VT 05907 ",489,VT ROUTE 114   S,NORTON,VT,05907,-71.799466,45.002626,50,009,950100,1
"41 HALL RD LUNENBURG, VT 05906 ",41,HALL RD,LUNENBURG,VT,05906,-71.709971,44.506087,50,009,950500,1
"6328 GRANBY RD GRANBY, VT 05905 ",6328,GRANBY RD,GRANBY,VT,05905,-71.710888,44.577289,50,009,950500,1
"2384 VT ROUTE 102 BLOOMFIELD, VT 05905 ",2384,VT ROUTE 102,BLOOMFIELD,VT,05905,-71.601645,44.773907,50,009,950100,1
"26 ALBERTS WAY AVERILL, VT 05901 ",26,ALBERTS WAY,AVERILL,VT,05901,-71.685193,44.985588,50,009,950100,1
"2 THE OLD RD EAST HAVEN, VT 05837 ",2,THE OLD RD,EAST HAVEN,VT,05837,-71.886763,44.643028,50,009,950500,1
"3946 VT ROUTE 102 BLOOMFIELD, VT 05905 ",3946,VT ROUTE 102,BLOOMFIELD,VT,05905,-71.579553,44.7895,50,009,950100,1
"0 HIGH RIDGE RD CONCORD, VT 05824 ",0,HIGH RIDGE RD,CONCORD,VT,05824,-71.865378,44.376943,50,009,950500,2
"540 DANCE HALL RD LUNENBURG, VT 05906 ",540,DANCE HALL RD,LUNENBURG,VT,05906,-71.768879,44.458155,50,009,950500,3
"332 LEONARD HILL RD CONCORD, VT 05824 ",332,LEONARD HILL RD,CONCORD,VT,05824,-71.762223,44.424656,50,009,950500,2
"0 RIVER RD LUNENBURG, VT 05906 ",0,RIVER RD,LUNENBURG,VT,05906,-71.680888,44.434571,50,009,950500,3
"240 LAKE RD LUNENBURG, VT 05906 ",240,LAKE RD,LUNENBURG,VT,05906,-71.689221,44.491265,50,009,950500,1
"588 CAMPERS LN CONCORD, VT 05824 ",588,CAMPERS LN,CONCORD,VT,05824,-71.805561,44.445262,50,009,950500,2
"292 CEDARWOOD DR BRIGHTON, VT 05846 ",292,CEDARWOOD DR,BRIGHTON,VT,05846,-71.896133,44.796959,50,009,950200,1
"1286 OREGON RD CONCORD, VT 05906 ",1286,OREGON RD,CONCORD,VT,05906,-71.766443,44.447653,50,009,950500,2
"3518 PAUL STREAM RD FERDINAND, VT 05905 ",3518,PAUL STREAM RD,FERDINAND,VT,05905,-71.683541,44.649705,50,009,950100,1
"580 BAPTIST HILL RD LUNENBURG, VT 05906 ",580,BAPTIST HILL RD,LUNENBURG,VT,05906,-71.711412,44.449418,50,009,950500,3
"0 POND HILL RD LUNENBURG, VT 05906 ",0,POND HILL RD,LUNENBURG,VT,05906,-71.688449,44.47653,50,009,950500,1
"0 GALE ST CANAAN, VT 05903 ",0,GALE ST,CANAAN,VT,05903,-71.540763,44.998003,50,009,950100,2
"523 GALE ST CANAAN, VT 05903 ",523,GALE ST,CANAAN,VT,05903,-71.543732,44.999271,50,009,950100,2
"2929 JACKSON RD AVERILL, VT 05901 ",2929,JACKSON RD,AVERILL,VT,05901,-71.719166,44.961897,50,009,950100,1
"912 PROSPECT ST CONCORD, VT 05824 ",912,PROSPECT ST,CONCORD,VT,05824,-71.897224,44.416891,50,009,950500,2
"48 FORD RD MAIDSTONE, VT 05905 ",48,FORD RD,MAIDSTONE,VT,05905,-71.591589,44.604032,50,009,950100,1
"6868 GRANBY RD GRANBY, VT 05858 ",6868,GRANBY RD,GRANBY,VT,05858,-71.720837,44.579091,50,009,950500,1
"2965 JACKSON RD AVERILL, VT 05901 ",2965,JACKSON RD,AVERILL,VT,05901,-71.720702,44.961744,50,009,950100,1
"436 ROYALSTON CORNER RD CONCORD, VT 05824 ",436,ROYALSTON CORNER RD,CONCORD,VT,05824,-71.877399,44.430993,50,009,950500,2
"20 PATRICK RD BRIGHTON, VT 05846 ",20,PATRICK RD,BRIGHTON,VT,05846,-71.880281,44.820543,50,009,950200,1
"0 TREATMENT PLANT RD LUNENBURG, VT 05904 ",0,TREATMENT PLANT RD,LUNENBURG,VT,05904,-71.71497,44.411265,50,009,950500,3
"409 MAIN ST CONCORD, VT 05824 ",409,MAIN ST,CONCORD,VT,05824,-71.887516,44.428931,50,009,950500,2
"2001 WESTSIDE LAKE RD MAIDSTONE, VT 05905 ",2001,WESTSIDE LAKE RD,MAIDSTONE,VT,05905,-71.65751,44.64372,50,009,950100,1
"2635 VT ROUTE 105 FERDINAND, VT 05846 ",2635,VT ROUTE 105,FERDINAND,VT,05846,-71.752053,44.778199,50,009,950100,1
"323 RIVER RD VICTORY, VT 05858 ",323,RIVER RD,VICTORY,VT,05858,-71.782995,44.575271,50,009,950500,1
"18 CANAAN MOBILE HOME PARK CANAAN, VT 05903 ",18,CANAAN MOBILE HOME PARK,CANAAN,VT,05903,-71.539677,44.994891,50,009,950100,2
"4378 MAIDSTONE LAKE RD MAIDSTONE, VT 05905 ",4378,MAIDSTONE LAKE RD,MAIDSTONE,VT,05905,-71.640165,44.659042,50,009,950100,1
"0 VT ROUTE 114 CANAAN, VT 05903 ",0,VT ROUTE 114,CANAAN,VT,05903,-71.630536,45.008757,50,009,950100,2
"1204 MASTEN RD VICTORY, VT 05858 ",1204,MASTEN RD,VICTORY,VT,05858,-71.86596,44.536203,50,009,950500,1
"1153 PLEASANT ST BRIGHTON, VT 05846 ",1153,PLEASANT ST,BRIGHTON,VT,05846,-71.871852,44.796608,50,009,950200,1
"3 RIVERSIDE AVE LUNENBURG, VT 05904 ",3,RIVERSIDE AVE,LUNENBURG,VT,05904,-71.716529,44.412087,50,009,950500,3
"1079 VT ROUTE 114 EAST HAVEN, VT 05837 ",1079,VT ROUTE 114,EAST HAVEN,VT,05837,-71.892305,44.654308,50,009,950500,1
"320 NELSON RD NORTON, VT 05907 ",320,NELSON RD,NORTON,VT,05907,-71.798456,45.010232,50,009,950100,1
"153 GALE ST CANAAN, VT 05903 ",153,GALE ST,CANAAN,VT,05903,-71.53786,44.996073,50,009,950100,2
"67 LAKE ACCESS RD CANAAN, VT 05903 ",67,LAKE ACCESS RD,CANAAN,VT,05903,-71.636237,45.010806,50,009,950100,2
"1691 STONY BROOK RD GRANBY, VT 05858 ",1691,STONY BROOK RD,GRANBY,VT,05858,-71.732631,44.627863,50,009,950500,1
"2329 SHADOW LAKE RD CONCORD, VT 05824 ",2329,SHADOW LAKE RD,CONCORD,VT,05824,-71.874734,44.406172,50,009,950500,2
"0 KIMBALL RD LUNENBURG, VT 05906 ",0,KIMBALL RD,LUNENBURG,VT,05906,-71.697071,44.467782,50,009,950500,1
"0 RIVER RD LUNENBURG, VT 05904 ",0,RIVER RD,LUNENBURG,VT,05904,-71.694092,44.420981,50,009,950500,3
"216 E MAIN ST LUNENBURG, VT 05906 ",216,E   MAIN ST,LUNENBURG,VT,05906,-71.673495,44.463431,50,009,950500,3
"1002 CAMPERS LN CONCORD, VT 05824 ",1002,CAMPERS LN,CONCORD,VT,05824,-71.812538,44.443491,50,009,950500,2
"491 RESERVOIR RD CANAAN, VT 05903 ",491,RESERVOIR RD,CANAAN,VT,05903,-71.540982,45.004095,50,009,950100,2
"1395 W MAIN ST CONCORD, VT 05824 ",1395,W   MAIN ST,CONCORD,VT,05824,-71.90155,44.433348,50,009,950500,2
"2199 VT ROUTE 105 BLOOMFIELD, VT 05905 ",2199,VT ROUTE 105,BLOOMFIELD,VT,05905,-71.651851,44.774456,50,009,950100,1
"92 W MCCONNELL POND RD BRIGHTON, VT 05846 ",92,W  MCCONNELL POND RD,BRIGHTON,VT,05846,-71.837985,44.79935,50,009,950200,1
"0 PRIVATE WEST 4 MAIDSTONE, VT 05905 ",0,PRIVATE WEST 4,MAIDSTONE,VT,05905,-71.652483,44.656285,50,009,950100,1
"5880 MAIDSTONE LAKE RD MAIDSTONE, VT 05905 ",5880,MAIDSTONE LAKE RD,MAIDSTONE,VT,05905,-71.642798,44.639451,50,009,950100,1
"2008 JACKSON RD AVERILL, VT 05901 ",2008,JACKSON RD,AVERILL,VT,05901,-71.703431,44.965539,50,009,950100,1
"79 CEDAR ST LUNENBURG, VT 05904 ",79,CEDAR ST,LUNENBURG,VT,05904,-71.721022,44.415398,50,009,950500,3
"763 E MAIN ST LUNENBURG, VT 05906 ",763,E  MAIN ST,LUNENBURG,VT,05906,-71.653947,44.465465,50,009,950500,1
"0 VT ROUTE 102 CANAAN, VT 05903 ",0,VT ROUTE 102,CANAAN,VT,05903,-71.518364,44.920464,50,009,950100,2
"20 CHURCH ST LUNENBURG, VT 05904 ",20,CHURCH ST,LUNENBURG,VT,05904,-71.715767,44.414265,50,009,950500,3
"308 LAKE RD LUNENBURG, VT 05906 ",308,LAKE RD,LUNENBURG,VT,05906,-71.689002,44.489589,50,009,950500,1
"592 COTTAGE RD AVERILL, VT 05901 ",592,COTTAGE RD,AVERILL,VT,05901,-71.701775,44.991961,50,009,950100,1
"0 VT ROUTE 114 CANAAN, VT 05903 ",0,VT ROUTE 114,CANAAN,VT,05903,-71.586703,45.009749,50,009,950100,2
"4587 VT ROUTE 105 BRUNSWICK, VT 05905 ",4587,VT ROUTE 105,BRUNSWICK,VT,05905,-71.694698,44.776003,50,009,950100,1
"0 WALKER PIT RD LUNENBURG, VT 05906 ",0,WALKER PIT RD,LUNENBURG,VT,05906,-71.731917,44.411451,50,009,950500,3
"180 KIMBALL RD LUNENBURG, VT 05906 ",180,KIMBALL RD,LUNENBURG,VT,05906,-71.695782,44.466927,50,009,950500,1
"674 E MAIN ST LUNENBURG, VT 05906 ",674,E  MAIN ST,LUNENBURG,VT,05906,-71.655999,44.46424,50,009,950500,3
"697 HIGH RIDGE RD CONCORD, VT 05824 ",697,HIGH RIDGE RD,CONCORD,VT,05824,-71.863544,44.381897,50,009,950500,2
"983 US ROUTE 2 GUILDHALL, VT 05905 ",983,US ROUTE 2,GUILDHALL,VT,05905,-71.597322,44.495096,50,009,950500,1
"948 RIVER RD VICTORY, VT 05858 ",948,RIVER RD,VICTORY,VT,05858,-71.789628,44.56756,50,009,950500,1
"86 GLENSIDE LN CONCORD, VT 05858 ",86,GLENSIDE LN,CONCORD,VT,05858,-71.861127,44.469279,50,009,950500,2
"4581 VT ROUTE 102 GUILDHALL, VT 05905 ",4581,VT ROUTE 102,GUILDHALL,VT,05905,-71.597709,44.547262,50,009,950500,1
"736 COTTAGE RD AVERILL, VT 05901 ",736,COTTAGE RD,AVERILL,VT,05901,-71.700146,44.990707,50,009,950100,1
"51 HILLSIDE TER BRIGHTON, VT 05846 ",51,HILLSIDE TER,BRIGHTON,VT,05846,-71.879383,44.819654,50,009,950200,1
"483 BONA RD CONCORD, VT 05858 ",483,BONA RD,CONCORD,VT,05858,-71.85045,44.474832,50,009,950500,2
"656 VICTORY RD CONCORD, VT 05858 ",656,VICTORY RD,CONCORD,VT,05858,-71.862519,44.476247,50,009,950500,2
"170 FAIRCHILD DR BRIGHTON, VT 05846 ",170,FAIRCHILD DR,BRIGHTON,VT,05846,-71.834698,44.799774,50,009,950200,1
"7119 VT ROUTE 102 LEMINGTON, VT 05905 ",7119,VT ROUTE 102,LEMINGTON,VT,05905,-71.5051,44.9083,50,009,950100,1
"0 GALE ST CANAAN, VT 05903 ",0,GALE ST,CANAAN,VT,05903,-71.540565,44.997786,50,009,950100,2
"0 RIVER RD LUNENBURG, VT 05906 ",0,RIVER RD,LUNENBURG,VT,05906,-71.656157,44.459292,50,009,950500,3
"5682 VT ROUTE 102 LEMINGTON, VT 05905 ",5682,VT ROUTE 102,LEMINGTON,VT,05905,-71.515583,44.893116,50,009,950100,1
"116 ALBERTS WAY AVERILL, VT 05901 ",116,ALBERTS WAY,AVERILL,VT,05901,-71.684805,44.984288,50,009,950100,1
"1100 DAVIS RD BRIGHTON, VT 05846 ",1100,DAVIS RD,BRIGHTON,VT,05846,-71.91907,44.769761,50,009,950200,1
"3482 VT ROUTE 105 BLOOMFIELD, VT 05905 ",3482,VT ROUTE 105,BLOOMFIELD,VT,05905,-71.675887,44.779237,50,009,950100,1
"1090 ARTHUR JOHN RD BRIGHTON, VT 05846 ",1090,ARTHUR JOHN RD,BRIGHTON,VT,05846,-71.824732,44.767648,50,009,950200,1
"79 MAPLE ST EAST HAVEN, VT 05837 ",79,MAPLE ST,EAST HAVEN,VT,05837,-71.891113,44.64292,50,009,950500,1
"1287 STEVENS RD BLOOMFIELD, VT 05905 ",1287,STEVENS RD,BLOOMFIELD,VT,05905,-71.589522,44.812941,50,009,950100,1
"642 SHADOW LAKE RD CONCORD, VT 05824 ",642,SHADOW LAKE RD,CONCORD,VT,05824,-71.886781,44.420699,50,009,950500,2
"1455 VT ROUTE 102 CANAAN, VT 05903 ",1455,VT ROUTE 102,CANAAN,VT,05903,-71.523559,44.927944,50,009,950100,2
"7190 VT ROUTE 102 GUILDHALL, VT 05905 ",7190,VT ROUTE 102,GUILDHALL,VT,05905,-71.560737,44.564401,50,009,950500,1
"1421 PROSPECT ST CONCORD, VT 05824 ",1421,PROSPECT ST,CONCORD,VT,05824,-71.904256,44.413029,50,009,950500,2
"406 LONG HILL RD CONCORD, VT 05824 ",406,LONG HILL RD,CONCORD,VT,05824,-71.875572,44.425294,50,009,950500,2
"583 GEORGES BLVD EAST HAVEN, VT 05837 ",583,GEORGES BLVD,EAST HAVEN,VT,05837,-71.851281,44.638296,50,009,950500,1
"680 COTTAGE RD AVERILL, VT 05901 ",680,COTTAGE RD,AVERILL,VT,05901,-71.700578,44.991243,50,009,950100,1
"1066 VT ROUTE 102 GUILDHALL, VT 05905 ",1066,VT ROUTE 102,GUILDHALL,VT,05905,-71.593415,44.510941,50,009,950500,1
"0 OREGON RD LUNENBURG, VT 05906 ",0,OREGON RD,LUNENBURG,VT,05906,-71.754254,44.432979,50,009,950500,3
"470 GEORGES BLVD EAST HAVEN, VT 05837 ",470,GEORGES BLVD,EAST HAVEN,VT,05837,-71.866453,44.63949,50,009,950500,1
"4162 VICTORY RD VICTORY, VT 05858 ",4162,VICTORY RD,VICTORY,VT,05858,-71.787042,44.574563,50,009,950500,1
"336 CHARLESTON RD BRIGHTON, VT 05846 ",336,CHARLESTON RD,BRIGHTON,VT,05846,-71.893073,44.802167,50,009,950200,1
"0 SFH MAIDSTONE, VT 05905 ",0,SFH,MAIDSTONE,VT,05905,-71.655583,44.636419,50,009,950100,1
"228 S LUNENBURG RD LUNENBURG, VT 05906 ",228,S  LUNENBURG RD,LUNENBURG,VT,05906,-71.681639,44.457241,50,009,950500,3
"501 JACKSON RD AVERILL, VT 05901 ",501,JACKSON RD,AVERILL,VT,05901,-71.709972,44.982991,50,009,950100,1
"0 KIMBALL RD LUNENBURG, VT 05906 ",0,KIMBALL RD,LUNENBURG,VT,05906,-71.695457,44.467354,50,009,950500,1
"2481 TIN SHACK RD LEWIS, VT 05907 ",2481,TIN SHACK RD,LEWIS,VT,05907,-71.742117,44.858423,50,009,950100,1
"2034 FOREST LAKE RD AVERILL, VT 05901 ",2034,FOREST LAKE RD,AVERILL,VT,05901,-71.684585,44.983849,50,009,950100,1
"234 GAUDETTE RD NORTON, VT 05907 ",234,GAUDETTE RD,NORTON,VT,05907,-71.749611,44.995221,50,009,950100,1
"234 SIMONDS RD LUNENBURG, VT 05906 ",234,SIMONDS RD,LUNENBURG,VT,05906,-71.650915,44.498478,50,009,950500,1
"263 FITCH BROOK RD GRANBY, VT 05837 ",263,FITCH BROOK RD,GRANBY,VT,05837,-71.708113,44.627693,50,009,950500,1
"536 RAILROAD ST BRIGHTON, VT 05846 ",536,RAILROAD ST,BRIGHTON,VT,05846,-71.88903,44.819839,50,009,950200,1
"59 CHARLESTON RD BRIGHTON, VT 05846 ",59,CHARLESTON RD,BRIGHTON,VT,05846,-71.890061,44.804727,50,009,950200,1
"477 JUDD RD CANAAN, VT 05903 ",477,JUDD RD,CANAAN,VT,05903,-71.554927,44.997191,50,009,950100,2
"1089 VT ROUTE 253 CANAAN, VT 05902 ",1089,VT ROUTE 253,CANAAN,VT,05902,-71.508087,45.008544,50,009,950100,2
"422 LAKE VIEW RD AVERILL, VT 05901 ",422,LAKE VIEW RD,AVERILL,VT,05901,-71.709753,44.996538,50,009,950100,1
"150 DALEY BROOK LN BLOOMFIELD, VT 05905 ",150,DALEY BROOK LN,BLOOMFIELD,VT,05905,-71.613245,44.766029,50,009,950100,1
"1927 VT ROUTE 114 E NORTON, VT 05907 ",1927,VT ROUTE 114   E,NORTON,VT,05907,-71.758332,45.002321,50,009,950100,1
"84 SOUTH ST BRIGHTON, VT 05846 ",84,SOUTH ST,BRIGHTON,VT,05846,-71.879876,44.816561,50,009,950200,1
"3633 VT ROUTE 114 S NORTON, VT 05907 ",3633,VT ROUTE 114  S,NORTON,VT,05907,-71.823899,44.963835,50,009,950100,1
"2848 STONE DAM RD BLOOMFIELD, VT 05905 ",2848,STONE DAM RD,BLOOMFIELD,VT,05905,-71.706662,44.803593,50,009,950100,1
"4871 MAIDSTONE LAKE RD MAIDSTONE, VT 05905 ",4871,MAIDSTONE LAKE RD,MAIDSTONE,VT,05905,-71.638548,44.652903,50,009,950100,1
"0 HIGH RIDGE RD CONCORD, VT 05824 ",0,HIGH RIDGE RD,CONCORD,VT,05824,-71.86499,44.37685,50,009,950500,2
"63 ROULEAU RD CANAAN, VT 05902 ",63,ROULEAU RD,CANAAN,VT,05902,-71.497238,45.004936,50,009,950100,2
"59 RIPPLE CV BRIGHTON, VT 05846 ",59,RIPPLE CV,BRIGHTON,VT,05846,-71.867487,44.7928,50,009,950200,1
"1021 POND HILL RD LUNENBURG, VT 05906 ",1021,POND HILL RD,LUNENBURG,VT,05906,-71.70306,44.491648,50,009,950500,1
"150 GRAVES LN LEMINGTON, VT 05903 ",150,GRAVES LN,LEMINGTON,VT,05903,-71.602382,44.861506,50,009,950100,1
"15 EASTERN AVE CONCORD, VT 05824 ",15,EASTERN AVE,CONCORD,VT,05824,-71.882539,44.428108,50,009,950500,2
"231 SY LEWIS MOUNTAIN RD CONCORD, VT 05824 ",231,SY LEWIS MOUNTAIN RD,CONCORD,VT,05824,-71.883818,44.420832,50,009,950500,2
"311 PAUL MENARD DR FERDINAND, VT 05846 ",311,PAUL MENARD DR,FERDINAND,VT,05846,-71.7543,44.776691,50,009,950100,1
"763 VT ROUTE 102 CANAAN, VT 05903 ",763,VT ROUTE 102,CANAAN,VT,05903,-71.517047,44.919264,50,009,950100,2
"0 COLBY RD LUNENBURG, VT 05906 ",0,COLBY RD,LUNENBURG,VT,05906,-71.675039,44.502861,50,009,950500,1
"8955 GRANBY RD GRANBY, VT 05858 ",8955,GRANBY RD,GRANBY,VT,05858,-71.757478,44.57036,50,009,950500,1
"2457 LEONARD HILL RD CONCORD, VT 05824 ",2457,LEONARD HILL RD,CONCORD,VT,05824,-71.801941,44.42204,50,009,950500,2
"1479 VICTORY RD CONCORD, VT 05858 ",1479,VICTORY RD,CONCORD,VT,05858,-71.863624,44.487402,50,009,950500,2
"256 RICHARD BLVD EAST HAVEN, VT 05837 ",256,RICHARD BLVD,EAST HAVEN,VT,05837,-71.876388,44.633879,50,009,950500,1
"29 BACK ST BRIGHTON, VT 05846 ",29,BACK ST,BRIGHTON,VT,05846,-71.876367,44.817762,50,009,950200,1
"165 RAILROAD ST BRIGHTON, VT 05846 ",165,RAILROAD ST,BRIGHTON,VT,05846,-71.88414,44.81569,50,009,950200,1
"166 LAKE VIEW RD NORTON, VT 05907 ",166,LAKE VIEW RD,NORTON,VT,05907,-71.714409,44.994427,50,009,950100,1
"35 FOLSOM AVE CONCORD, VT 05824 ",35,FOLSOM AVE,CONCORD,VT,05824,-71.886209,44.429162,50,009,950500,2
"57 GETAWAY LN CONCORD, VT 05824 ",57,GETAWAY LN,CONCORD,VT,05824,-71.799091,44.446466,50,009,950500,2
"708 VT ROUTE 114 CANAAN, VT 05903 ",708,VT ROUTE 114,CANAAN,VT,05903,-71.554903,45.006531,50,009,950100,2
"107 GLENSIDE LN CONCORD, VT 05858 ",107,GLENSIDE LN,CONCORD,VT,05858,-71.860491,44.469117,50,009,950500,2
"3418 EAST HAVEN RD BRIGHTON, VT 05846 ",3418,EAST HAVEN RD,BRIGHTON,VT,05846,-71.890573,44.752752,50,009,950200,1
"6548 VT ROUTE 102 BLOOMFIELD, VT 05905 ",6548,VT ROUTE 102,BLOOMFIELD,VT,05905,-71.568525,44.823206,50,009,950100,1
"2051 RIVER RD CANAAN, VT 05902 ",2051,RIVER RD,CANAAN,VT,05902,-71.471986,45.012223,50,009,950100,2
"727 W MAIN ST CONCORD, VT 05824 ",727,W   MAIN ST,CONCORD,VT,05824,-71.909707,44.440275,50,009,950500,2
"0 COLBY RD LUNENBURG, VT 05906 ",0,COLBY RD,LUNENBURG,VT,05906,-71.675565,44.502356,50,009,950500,1
"4350 MAIDSTONE LAKE RD MAIDSTONE, VT 05905 ",4350,MAIDSTONE LAKE RD,MAIDSTONE,VT,05905,-71.640725,44.659441,50,009,950100,1
"28 EAST HAVEN RD BRIGHTON, VT 05846 ",28,EAST HAVEN RD,BRIGHTON,VT,05846,-71.91166,44.797113,50,009,950200,1
"95 MATTHEWS KNL GRANBY, VT 05858 ",95,MATTHEWS KNL,GRANBY,VT,05858,-71.756723,44.574037,50,009,950500,1
"0 VT ROUTE 102 CANAAN, VT 05903 ",0,VT ROUTE 102,CANAAN,VT,05903,-71.52458,44.957803,50,009,950100,2
"3497 FOUR MILE RD LEWIS, VT 05907 ",3497,FOUR MILE RD,LEWIS,VT,05907,-71.801142,44.8567,50,009,950100,1
"2870 LEONARD HILL RD CONCORD, VT 05824 ",2870,LEONARD HILL RD,CONCORD,VT,05824,-71.810457,44.421185,50,009,950500,2
"30 DETHS HL EAST HAVEN, VT 05837 ",30,DETHS HL,EAST HAVEN,VT,05837,-71.88832,44.642427,50,009,950500,1
"555 BOUDLE RD BLOOMFIELD, VT 05905 ",555,BOUDLE RD,BLOOMFIELD,VT,05905,-71.669306,44.827269,50,009,950100,1
"96 PUMPHOUSE RD EAST HAVEN, VT 05837 ",96,PUMPHOUSE RD,EAST HAVEN,VT,05837,-71.888745,44.646529,50,009,950500,1
"99 CROSS ST BRIGHTON, VT 05846 ",99,CROSS ST,BRIGHTON,VT,05846,-71.880826,44.813541,50,009,950200,1
"4231 SHADOW LAKE RD CONCORD, VT 05824 ",4231,SHADOW LAKE RD,CONCORD,VT,05824,-71.857644,44.387456,50,009,950500,2
"664 VT ROUTE 105 BLOOMFIELD, VT 05905 ",664,VT ROUTE 105,BLOOMFIELD,VT,05905,-71.634182,44.761297,50,009,950100,1
"664 MOUNTAIN ST BRIGHTON, VT 05846 ",664,MOUNTAIN ST,BRIGHTON,VT,05846,-71.874504,44.824306,50,009,950200,1
"2744 VT ROUTE 102 BLOOMFIELD, VT 05905 ",2744,VT ROUTE 102,BLOOMFIELD,VT,05905,-71.597021,44.778548,50,009,950100,1
"291 DEPOT CAMP RD GRANBY, VT 05837 ",291,DEPOT CAMP RD,GRANBY,VT,05837,-71.69769,44.639917,50,009,950500,1
"5615 VT ROUTE 102 GUILDHALL, VT 05905 ",5615,VT ROUTE 102,GUILDHALL,VT,05905,-71.592813,44.56591,50,009,950500,1
"593 VT ROUTE 102 GUILDHALL, VT 05905 ",593,VT ROUTE 102,GUILDHALL,VT,05905,-71.594673,44.50409,50,009,950500,1
"1759 VT ROUTE 114 S NORTON, VT 05907 ",1759,VT ROUTE 114   S,NORTON,VT,05907,-71.811846,44.986531,50,009,950100,1
"7006 VT ROUTE 102 GUILDHALL, VT 05905 ",7006,VT ROUTE 102,GUILDHALL,VT,05905,-71.564581,44.564728,50,009,950500,1
"1359 BAPTIST HILL RD LUNENBURG, VT 05906 ",1359,BAPTIST HILL RD,LUNENBURG,VT,05906,-71.721926,44.433542,50,009,950500,3
"224 NORTON LAKE ACCESS RD WARRENS GORE, VT 05907 ",224,NORTON LAKE ACCESS RD,WARRENS GORE,VT,05907,-71.871309,44.923892,50,009,950100,1
"247 MIDDLE ST BRIGHTON, VT 05846 ",247,MIDDLE ST,BRIGHTON,VT,05846,-71.885438,44.818456,50,009,950200,1
"0 BOBBIN MILL RD LUNENBURG, VT 05906 ",0,BOBBIN MILL RD,LUNENBURG,VT,05906,-71.674477,44.479307,50,009,950500,1
"23 HUMMINGBIRD LN CONCORD, VT 05858 ",23,HUMMINGBIRD LN,CONCORD,VT,05858,-71.852083,44.463905,50,009,950500,2
"54 FOLSOM AVE CONCORD, VT 05824 ",54,FOLSOM AVE,CONCORD,VT,05824,-71.885819,44.429414,50,009,950500,2
"150 LEOS LN NORTON, VT 05907 ",150,LEOS LN,NORTON,VT,05907,-71.768521,45.003096,50,009,950100,1
"157 COTTAGE RD AVERILL, VT 05901 ",157,COTTAGE RD,AVERILL,VT,05901,-71.706964,44.997121,50,009,950100,1
"659 SHADOW LAKE RD CONCORD, VT 05824 ",659,SHADOW LAKE RD,CONCORD,VT,05824,-71.885826,44.420442,50,009,950500,2
"4703 VT ROUTE 102 BLOOMFIELD, VT 05905 ",4703,VT ROUTE 102,BLOOMFIELD,VT,05905,-71.57475,44.800073,50,009,950100,1
"25 HEAD OF THE POND RD BRIGHTON, VT 05846 ",25,HEAD OF THE POND RD,BRIGHTON,VT,05846,-71.869415,44.790968,50,009,950200,1
"2207 SHADOW LAKE RD CONCORD, VT 05824 ",2207,SHADOW LAKE RD,CONCORD,VT,05824,-71.876767,44.405457,50,009,950500,2
"0 BEECH ST LUNENBURG, VT 05904 ",0,BEECH ST,LUNENBURG,VT,05904,-71.719302,44.412238,50,009,950500,3
"0 RUSSELL FARM RD LUNENBURG, VT 05906 ",0,RUSSELL FARM RD,LUNENBURG,VT,05906,-71.733337,44.44195,50,009,950500,3
"74 MOUNTAIN ST BRIGHTON, VT 05846 ",74,MOUNTAIN ST,BRIGHTON,VT,05846,-71.880725,44.817364,50,009,950200,1
"1182 VT ROUTE 253 CANAAN, VT 05902 ",1182,VT ROUTE 253,CANAAN,VT,05902,-71.506912,45.009211,50,009,950100,2
"3287 VT ROUTE 102 MAIDSTONE, VT 05905 ",3287,VT ROUTE 102,MAIDSTONE,VT,05905,-71.56379,44.607912,50,009,950100,1
"75 BEACH RD MAIDSTONE, VT 05905 ",75,BEACH RD,MAIDSTONE,VT,05905,-71.640263,44.652789,50,009,950100,1
"3107 PAUL STREAM RD FERDINAND, VT 05905 ",3107,PAUL STREAM RD,FERDINAND,VT,05905,-71.690682,44.64919,50,009,950100,1
"0 LAKE RD LUNENBURG, VT 05906 ",0,LAKE RD,LUNENBURG,VT,05906,-71.688742,44.489015,50,009,950500,1
"1452 CAMPERS LN CONCORD, VT 05824 ",1452,CAMPERS LN,CONCORD,VT,05824,-71.820279,44.445772,50,009,950500,2
"0 VT ROUTE 102 BLOOMFIELD, VT 05905 ",0,VT ROUTE 102,BLOOMFIELD,VT,05905,-71.622677,44.756957,50,009,950100,1
"1188 RAILROAD ST BRIGHTON, VT 05846 ",1188,RAILROAD ST,BRIGHTON,VT,05846,-71.900142,44.825458,50,009,950200,1
"145 PARADIS MOUNTAIN RD BRIGHTON, VT 05846 ",145,PARADIS MOUNTAIN RD,BRIGHTON,VT,05846,-71.888139,44.803365,50,009,950200,1
"603 NORTH RD GUILDHALL, VT 05905 ",603,NORTH RD,GUILDHALL,VT,05905,-71.595048,44.571882,50,009,950500,1
"0 VT ROUTE 102 CANAAN, VT 05903 ",0,VT ROUTE 102,CANAAN,VT,05903,-71.543413,44.983152,50,009,950100,2
"48 RIVERSIDE AVE LUNENBURG, VT 05906 ",48,RIVERSIDE AVE,LUNENBURG,VT,05906,-71.721584,44.412076,50,009,950500,3
"255 SOUTH ST BRIGHTON, VT 05846 ",255,SOUTH ST,BRIGHTON,VT,05846,-71.883196,44.816291,50,009,950200,1
"1047 PLEASANT ST BRIGHTON, VT 05846 ",1047,PLEASANT ST,BRIGHTON,VT,05846,-71.872924,44.798022,50,009,950200,1
"0 VT ROUTE 102 CANAAN, VT 05903 ",0,VT ROUTE 102,CANAAN,VT,05903,-71.523346,44.932974,50,009,950100,2
"98 SOUTH ST CONCORD, VT 05824 ",98,SOUTH ST,CONCORD,VT,05824,-71.885308,44.426745,50,009,950500,2
"114 MARSH RD NORTON, VT 05907 ",114,MARSH RD,NORTON,VT,05907,-71.790943,45.009961,50,009,950100,1
"3395 CHARLESTON RD BRIGHTON, VT 05846 ",3395,CHARLESTON RD,BRIGHTON,VT,05846,-71.945176,44.812865,50,009,950200,1
"199 MORRILL BROOK RD CANAAN, VT 05903 ",199,MORRILL BROOK RD,CANAAN,VT,05903,-71.607757,44.980837,50,009,950100,2
"2405 NORTH RD MAIDSTONE, VT 05905 ",2405,NORTH RD,MAIDSTONE,VT,05905,-71.59278,44.598398,50,009,950100,1
"0 S LUNENBURG RD LUNENBURG, VT 05906 ",0,S  LUNENBURG RD,LUNENBURG,VT,05906,-71.681948,44.458651,50,009,950500,3
"3341 TIN SHACK RD LEWIS, VT 05907 ",3341,TIN SHACK RD,LEWIS,VT,05907,-71.754858,44.868368,50,009,950100,1
"7654 VT ROUTE 102 MAIDSTONE, VT 05905 ",7654,VT ROUTE 102,MAIDSTONE,VT,05905,-71.590639,44.659834,50,009,950100,1
"253 LLOYD POTTER RD LEWIS, VT 05907 ",253,LLOYD POTTER RD,LEWIS,VT,05907,-71.777586,44.88297,50,009,950100,1
"1171 SHORES HL GRANBY, VT 05858 ",1171,SHORES HL,GRANBY,VT,05858,-71.734502,44.559998,50,009,950500,1
"26 WALTERS FARM RD EAST HAVEN, VT 05837 ",26,WALTERS FARM RD,EAST HAVEN,VT,05837,-71.89336,44.646827,50,009,950500,1
"508 RESERVOIR RD CANAAN, VT 05903 ",508,RESERVOIR RD,CANAAN,VT,05903,-71.540711,45.005302,50,009,950100,2
"0 ETHAN ALLEN DR CANAAN, VT 05903 ",0,ETHAN ALLEN DR,CANAAN,VT,05903,-71.541252,44.998748,50,009,950100,2
"5862 GRANBY RD GRANBY, VT 05905 ",5862,GRANBY RD,GRANBY,VT,05905,-71.705273,44.572875,50,009,950500,1
"116 PROSPECT ST CONCORD, VT 05824 ",116,PROSPECT ST,CONCORD,VT,05824,-71.892974,44.427218,50,009,950500,2
"21 HUMMINGBIRD LN CONCORD, VT 05858 ",21,HUMMINGBIRD LN,CONCORD,VT,05858,-71.852407,44.464388,50,009,950500,2
"0 VT ROUTE 102 BLOOMFIELD, VT 05905 ",0,VT ROUTE 102,BLOOMFIELD,VT,05905,-71.57046,44.82573,50,009,950100,1
"759 N CONCORD RD CONCORD, VT 05858 ",759,N   CONCORD RD,CONCORD,VT,05858,-71.861189,44.465368,50,009,950500,2
"10 JOHNNY CAKE AVE LUNENBURG, VT 05906 ",10,JOHNNY CAKE AVE,LUNENBURG,VT,05906,-71.687367,44.462633,50,009,950500,3
"93 TAYLOR RD BRIGHTON, VT 05846 ",93,TAYLOR RD,BRIGHTON,VT,05846,-71.843172,44.769615,50,009,950200,1
"5029 VT ROUTE 114 S NORTON, VT 05907 ",5029,VT ROUTE 114   S,NORTON,VT,05907,-71.844071,44.949964,50,009,950100,1
"5778 VT ROUTE 102 MAIDSTONE, VT 05905 ",5778,VT ROUTE 102,MAIDSTONE,VT,05905,-71.566488,44.640879,50,009,950100,1
"0 VT ROUTE 102 BLOOMFIELD, VT 05905 ",0,VT ROUTE 102,BLOOMFIELD,VT,05905,-71.619921,44.759059,50,009,950100,1
"665 RAILROAD ST BRIGHTON, VT 05846 ",665,RAILROAD ST,BRIGHTON,VT,05846,-71.891386,44.820749,50,009,950200,1
"574 LOOP RD AVERILL, VT 05901 ",574,LOOP RD,AVERILL,VT,05901,-71.691461,44.965877,50,009,950100,1
"13 FRECHETTE DR CANAAN, VT 05903 ",13,FRECHETTE DR,CANAAN,VT,05903,-71.541704,44.991808,50,009,950100,2
"54 JUDD RD CANAAN, VT 05903 ",54,JUDD RD,CANAAN,VT,05903,-71.553886,45.00319,50,009,950100,2
"334 COBURN RD VICTORY, VT 05858 ",334,COBURN RD,VICTORY,VT,05858,-71.855125,44.553852,50,009,950500,1
"93 WALNUT ST BRIGHTON, VT 05846 ",93,WALNUT ST,BRIGHTON,VT,05846,-71.882869,44.817883,50,009,950200,1
"188 SCHOOL ST EAST HAVEN, VT 05837 ",188,SCHOOL ST,EAST HAVEN,VT,05837,-71.890323,44.641556,50,009,950500,1
"752 KIMBALL RD LUNENBURG, VT 05906 ",752,KIMBALL RD,LUNENBURG,VT,05906,-71.707643,44.479787,50,009,950500,1
"2217 VT ROUTE 102 LEMINGTON, VT 05905 ",2217,VT ROUTE 102,LEMINGTON,VT,05905,-71.551968,44.854346,50,009,950100,1
"0 GREEN HILL RD CANAAN, VT 05903 ",0,GREEN HILL RD,CANAAN,VT,05903,-71.529497,45.003119,50,009,950100,2
"0 VT ROUTE 102 BLOOMFIELD, VT 05905 ",0,VT ROUTE 102,BLOOMFIELD,VT,05905,-71.580318,44.788766,50,009,950100,1
"200 ATWOOD DR BRIGHTON, VT 05846 ",200,ATWOOD DR,BRIGHTON,VT,05846,-71.84057,44.779162,50,009,950200,1
"0 POWER HOUSE RD CANAAN, VT 05903 ",0,POWER HOUSE RD,CANAAN,VT,05903,-71.533817,44.997539,50,009,950100,2
"0 AUBURN STAR RD LUNENBURG, VT 05906 ",0,AUBURN STAR RD,LUNENBURG,VT,05906,-71.623607,44.479922,50,009,950500,1
"0 VENHEIM RD LUNENBURG, VT 05906 ",0,VENHEIM RD,LUNENBURG,VT,05906,-71.747648,44.474915,50,009,950500,1
"2289 HURRICANE BROOK RD WARRENS GORE, VT 05907 ",2289,HURRICANE BROOK RD,WARRENS GORE,VT,05907,-71.889344,44.938038,50,009,950100,1
"136 W SIDE RD LUNENBURG, VT 05906 ",136,W  SIDE RD,LUNENBURG,VT,05906,-71.696989,44.486318,50,009,950500,1
"0 HALL STREAM RD CANAAN, VT 05902 ",0,HALL STREAM RD,CANAAN,VT,05902,-71.500066,45.010483,50,009,950100,2
"408 HALL STREAM RD CANAAN, VT 05902 ",408,HALL STREAM RD,CANAAN,VT,05902,-71.49949,45.012979,50,009,950100,2
"399 VT ROUTE 102 BLOOMFIELD, VT 05905 ",399,VT ROUTE 102,BLOOMFIELD,VT,05905,-71.629334,44.754561,50,009,950100,1
"2485 FOREST LAKE RD AVERILL, VT 05901 ",2485,FOREST LAKE RD,AVERILL,VT,05901,-71.687018,44.977982,50,009,950100,1
"0 RIVER RD LUNENBURG, VT 05904 ",0,RIVER RD,LUNENBURG,VT,05904,-71.703104,44.416137,50,009,950500,3
"4767 SHADOW LAKE RD CONCORD, VT 05824 ",4767,SHADOW LAKE RD,CONCORD,VT,05824,-71.852357,44.381406,50,009,950500,2
"39 MITCHELL RD CONCORD, VT 05824 ",39,MITCHELL RD,CONCORD,VT,05824,-71.860759,44.401977,50,009,950500,2
"947 LAKESHORE DR BRIGHTON, VT 05846 ",947,LAKESHORE DR,BRIGHTON,VT,05846,-71.858348,44.797864,50,009,950200,1
"1317 BROUSSEAU MOUNTAIN RD NORTON, VT 05907 ",1317,BROUSSEAU MOUNTAIN RD,NORTON,VT,05907,-71.740251,44.977018,50,009,950100,1
"322 POND HILL RD LUNENBURG, VT 05906 ",322,POND HILL RD,LUNENBURG,VT,05906,-71.687782,44.476174,50,009,950500,1
"165 WALTERS FARM RD EAST HAVEN, VT 05837 ",165,WALTERS FARM RD,EAST HAVEN,VT,05837,-71.895939,44.647414,50,009,950500,1
"21 SIGOUIN RD LUNENBURG, VT 05906 ",21,SIGOUIN RD,LUNENBURG,VT,05906,-71.704499,44.493258,50,009,950500,1
"0 CHAMBERLAIN RD CANAAN, VT 05903 ",0,CHAMBERLAIN RD,CANAAN,VT,05903,-71.54708,44.965823,50,009,950100,2
"391 GUILDHALL HILL RD LUNENBURG, VT 05906 ",391,GUILDHALL HILL RD,LUNENBURG,VT,05906,-71.656442,44.507812,50,009,950500,1
"66 BEECH ST LUNENBURG, VT 05904 ",66,BEECH ST,LUNENBURG,VT,05904,-71.720138,44.411723,50,009,950500,3
"21 BIRCH ST BRIGHTON, VT 05846 ",21,BIRCH ST,BRIGHTON,VT,05846,-71.880516,44.812727,50,009,950200,1
"84 SNOW HILL RD BLOOMFIELD, VT 05905 ",84,SNOW HILL RD,BLOOMFIELD,VT,05905,-71.606769,44.790229,50,009,950100,1
"3134 OREGON RD CONCORD, VT 05906 ",3134,OREGON RD,CONCORD,VT,05906,-71.753493,44.424234,50,009,950500,2
"4296 VT ROUTE 114 CANAAN, VT 05903 ",4296,VT ROUTE 114,CANAAN,VT,05903,-71.624083,45.010579,50,009,950100,2
"0 BOBBIN MILL RD LUNENBURG, VT 05906 ",0,BOBBIN MILL RD,LUNENBURG,VT,05906,-71.656916,44.494345,50,009,950500,1
"860 CAMPERS LN CONCORD, VT 05824 ",860,CAMPERS LN,CONCORD,VT,05824,-71.810239,44.443789,50,009,950500,2
"155 LAKE RD LUNENBURG, VT 05906 ",155,LAKE RD,LUNENBURG,VT,05906,-71.688428,44.493785,50,009,950500,1
"46 PRIVATE WEST 4 MAIDSTONE, VT 05905 ",46,PRIVATE WEST 4,MAIDSTONE,VT,05905,-71.65264,44.655873,50,009,950100,1
"339 HEAD OF THE POND RD BRIGHTON, VT 05846 ",339,HEAD OF THE POND RD,BRIGHTON,VT,05846,-71.863404,44.789201,50,009,950200,1
"62 EAST ST CANAAN, VT 05902 ",62,EAST ST,CANAAN,VT,05902,-71.505673,45.009423,50,009,950100,2
"2242 EAST HAVEN RD BRIGHTON, VT 05846 ",2242,EAST HAVEN RD,BRIGHTON,VT,05846,-71.904211,44.7665,50,009,950200,1
"7773 GRANBY RD GRANBY, VT 05858 ",7773,GRANBY RD,GRANBY,VT,05858,-71.738603,44.573553,50,009,950500,1
"148 VICTORY RD CONCORD, VT 05858 ",148,VICTORY RD,CONCORD,VT,05858,-71.85896,44.469983,50,009,950500,2
"5260 MAIDSTONE LAKE RD MAIDSTONE, VT 05905 ",5260,MAIDSTONE LAKE RD,MAIDSTONE,VT,05905,-71.640686,44.647229,50,009,950100,1
"0 MIDDLE ST CANAAN, VT 05902 ",0,MIDDLE ST,CANAAN,VT,05902,-71.505948,45.00929,50,009,950100,2
"0 SPENCER HILL RD BLOOMFIELD, VT 05905 ",0,SPENCER HILL RD,BLOOMFIELD,VT,05905,-71.633799,44.755474,50,009,950100,1
"169 MAPLE ST EAST HAVEN, VT 05837 ",169,MAPLE ST,EAST HAVEN,VT,05837,-71.890732,44.644189,50,009,950500,1
"384 YOUNGS RD EAST HAVEN, VT 05837 ",384,YOUNGS RD,EAST HAVEN,VT,05837,-71.875085,44.638788,50,009,950500,1
"0 GILMAN FARM RD LUNENBURG, VT 05906 ",0,GILMAN FARM RD,LUNENBURG,VT,05906,-71.719517,44.429015,50,009,950500,3
"484 LYSTER BROOK LN BRIGHTON, VT 05837 ",484,LYSTER BROOK LN,BRIGHTON,VT,05837,-71.869181,44.734256,50,009,950200,1
"2937 LEONARD HILL RD CONCORD, VT 05824 ",2937,LEONARD HILL RD,CONCORD,VT,05824,-71.809602,44.420518,50,009,950500,2
"74 COMMERCIAL AVE LUNENBURG, VT 05904 ",74,COMMERCIAL AVE,LUNENBURG,VT,05904,-71.717728,44.413701,50,009,950500,3
"0 VT ROUTE 102 CANAAN, VT 05903 ",0,VT ROUTE 102,CANAAN,VT,05903,-71.537692,44.975195,50,009,950100,2
"647 GRANBY RD VICTORY, VT 05858 ",647,GRANBY RD,VICTORY,VT,05858,-71.773789,44.571283,50,009,950500,1
"350 MILL BROOK RD BLOOMFIELD, VT 05905 ",350,MILL BROOK RD,BLOOMFIELD,VT,05905,-71.601424,44.783587,50,009,950100,1
"333 MOUNTAIN ST BRIGHTON, VT 05846 ",333,MOUNTAIN ST,BRIGHTON,VT,05846,-71.880046,44.821017,50,009,950200,1
"4686 VT ROUTE 114 CANAAN, VT 05903 ",4686,VT ROUTE 114,CANAAN,VT,05903,-71.632053,45.009414,50,009,950100,2
"79 COZY NOOK RD CONCORD, VT 05906 ",79,COZY NOOK RD,CONCORD,VT,05906,-71.752841,44.420013,50,009,950500,2
"456 MAIN ST CONCORD, VT 05824 ",456,MAIN ST,CONCORD,VT,05824,-71.886438,44.428474,50,009,950500,2
"0 VT ROUTE 102 BLOOMFIELD, VT 05905 ",0,VT ROUTE 102,BLOOMFIELD,VT,05905,-71.619782,44.758919,50,009,950100,1
"1195 LANCASTER RD LUNENBURG, VT 05906 ",1195,LANCASTER RD,LUNENBURG,VT,05906,-71.621936,44.486692,50,009,950500,1
"320 BOYS CAMP RD LUNENBURG, VT 05906 ",320,BOYS CAMP RD,LUNENBURG,VT,05906,-71.696164,44.494948,50,009,950500,1
"0 CHRISTIAN HL CANAAN, VT 05903 ",0,CHRISTIAN HL,CANAAN,VT,05903,-71.529646,45.001143,50,009,950100,2
"29 DERBY ST BRIGHTON, VT 05846 ",29,DERBY ST,BRIGHTON,VT,05846,-71.881589,44.812465,50,009,950200,1
"89 BLUEBERRY LN BRIGHTON, VT 05846 ",89,BLUEBERRY LN,BRIGHTON,VT,05846,-71.872169,44.799366,50,009,950200,1
"7047 VT ROUTE 102 LEMINGTON, VT 05905 ",7047,VT ROUTE 102,LEMINGTON,VT,05905,-71.50435,44.907206,50,009,950100,1
"90 CARGILL RD BRIGHTON, VT 05846 ",90,CARGILL RD,BRIGHTON,VT,05846,-71.890245,44.821989,50,009,950200,1
"0 RIVER RD CANAAN, VT 05902 ",0,RIVER RD,CANAAN,VT,05902,-71.499613,45.006042,50,009,950100,2
"1600 RIVER RD LUNENBURG, VT 05906 ",1600,RIVER RD,LUNENBURG,VT,05906,-71.679547,44.429952,50,009,950500,3
"58 PATNAUDE HILL RD BLOOMFIELD, VT 05905 ",58,PATNAUDE HILL RD,BLOOMFIELD,VT,05905,-71.634886,44.750963,50,009,950100,1
"0 SCENIC DR CANAAN, VT 05903 ",0,SCENIC DR,CANAAN,VT,05903,-71.613338,45.006807,50,009,950100,2
"64 CARGILL RD BRIGHTON, VT 05846 ",64,CARGILL RD,BRIGHTON,VT,05846,-71.890744,44.821222,50,009,950200,1
"0 W LUNENBURG RD LUNENBURG, VT 05906 ",0,W   LUNENBURG RD,LUNENBURG,VT,05906,-71.76395,44.465581,50,009,950500,3
"15 PARK AVE LUNENBURG, VT 05906 ",15,PARK AVE,LUNENBURG,VT,05906,-71.683646,44.463568,50,009,950500,1
"126 S LUNENBURG RD LUNENBURG, VT 05906 ",126,S   LUNENBURG RD,LUNENBURG,VT,05906,-71.68338,44.46022,50,009,950500,3
"0 VT ROUTE 114 CANAAN, VT 05903 ",0,VT ROUTE 114,CANAAN,VT,05903,-71.628921,45.009147,50,009,950100,2
"1468 CAMPERS LN CONCORD, VT 05824 ",1468,CAMPERS LN,CONCORD,VT,05824,-71.820605,44.445981,50,009,950500,2
"141 RIPPLE CV BRIGHTON, VT 05846 ",141,RIPPLE CV,BRIGHTON,VT,05846,-71.86825,44.793824,50,009,950200,1
"0 LANCASTER RD LUNENBURG, VT 05906 ",0,LANCASTER RD,LUNENBURG,VT,05906,-71.649438,44.470398,50,009,950500,1
"0 COLBY RD LUNENBURG, VT 05906 ",0,COLBY RD,LUNENBURG,VT,05906,-71.674382,44.503593,50,009,950500,1
"97 RAILROAD ST BRIGHTON, VT 05846 ",97,RAILROAD ST,BRIGHTON,VT,05846,-71.883315,44.814813,50,009,950200,1
"105 POND HILL RD LUNENBURG, VT 05906 ",105,POND HILL RD,LUNENBURG,VT,05906,-71.685269,44.471739,50,009,950500,1
"0 TODD HILL RD CANAAN, VT 05903 ",0,TODD HILL RD,CANAAN,VT,05903,-71.539651,44.930871,50,009,950100,2
"30 MAILLETT RD LUNENBURG, VT 05906 ",30,MAILLETT RD,LUNENBURG,VT,05906,-71.690645,44.461598,50,009,950500,3
"0 VT ROUTE 114 CANAAN, VT 05903 ",0,VT ROUTE 114,CANAAN,VT,05903,-71.659626,45.006471,50,009,950100,2
"0 THOMAS RD LUNENBURG, VT 05906 ",0,THOMAS RD,LUNENBURG,VT,05906,-71.726127,44.434557,50,009,950500,3
"643 DERBY ST BRIGHTON, VT 05846 ",643,DERBY ST,BRIGHTON,VT,05846,-71.888129,44.805283,50,009,950200,1
"105 W MAIN ST LUNENBURG, VT 05906 ",105,W  MAIN ST,LUNENBURG,VT,05906,-71.686263,44.46278,50,009,950500,3
"664 RIVER RD LUNENBURG, VT 05906 ",664,RIVER RD,LUNENBURG,VT,05906,-71.659623,44.448043,50,009,950500,3
"0 W MAIN ST LUNENBURG, VT 05906 ",0,W  MAIN ST,LUNENBURG,VT,05906,-71.694713,44.461651,50,009,950500,1
"370 WILDERNESS RD LUNENBURG, VT 05906 ",370,WILDERNESS RD,LUNENBURG,VT,05906,-71.767042,44.478146,50,009,950500,1
"53 GETAWAY LN CONCORD, VT 05824 ",53,GETAWAY LN,CONCORD,VT,05824,-71.799238,44.446803,50,009,950500,2
"312 PRIVACY LN CONCORD, VT 05824 ",312,PRIVACY LN,CONCORD,VT,05824,-71.904489,44.42959,50,009,950500,2
"5999 VT ROUTE 105 BRUNSWICK, VT 05905 ",5999,VT ROUTE 105,BRUNSWICK,VT,05905,-71.710522,44.762083,50,009,950100,1
"5260 SHADOW LAKE RD CONCORD, VT 05824 ",5260,SHADOW LAKE RD,CONCORD,VT,05824,-71.854198,44.374355,50,009,950500,2
"434 RAILROAD ST BRIGHTON, VT 05846 ",434,RAILROAD ST,BRIGHTON,VT,05846,-71.887631,44.818684,50,009,950200,1
"630 SNOW HILL RD BLOOMFIELD, VT 05905 ",630,SNOW HILL RD,BLOOMFIELD,VT,05905,-71.619994,44.799782,50,009,950100,1
"1462 FIVE MILE SQUARE RD BRIGHTON, VT 05846 ",1462,FIVE MILE SQUARE RD,BRIGHTON,VT,05846,-71.91192,44.809988,50,009,950200,1
"330 RICHARD BLVD EAST HAVEN, VT 05837 ",330,RICHARD BLVD,EAST HAVEN,VT,05837,-71.876076,44.632474,50,009,950500,1
"621 VT ROUTE 102 BLOOMFIELD, VT 05905 ",621,VT ROUTE 102,BLOOMFIELD,VT,05905,-71.625499,44.755913,50,009,950100,1
"5326 MAIDSTONE LAKE RD MAIDSTONE, VT 05905 ",5326,MAIDSTONE LAKE RD,MAIDSTONE,VT,05905,-71.640998,44.646175,50,009,950100,1
"80 BUTTONWOOD LN VICTORY, VT 05858 ",80,BUTTONWOOD LN,VICTORY,VT,05858,-71.87497,44.544006,50,009,950500,1
"0 GILMAN FARM RD LUNENBURG, VT 05906 ",0,GILMAN FARM RD,LUNENBURG,VT,05906,-71.709819,44.42728,50,009,950500,3
"101 GOUDREAULT HILL RD CONCORD, VT 05824 ",101,GOUDREAULT HILL RD,CONCORD,VT,05824,-71.860989,44.433556,50,009,950500,2
"59 GEORGE ST CONCORD, VT 05824 ",59,GEORGE ST,CONCORD,VT,05824,-71.888092,44.425907,50,009,950500,2
"2040 VT ROUTE 114 EAST HAVEN, VT 05837 ",2040,VT ROUTE 114,EAST HAVEN,VT,05837,-71.886087,44.668081,50,009,950500,1
"175 PRIVACY LN CONCORD, VT 05824 ",175,PRIVACY LN,CONCORD,VT,05824,-71.906243,44.427824,50,009,950500,2
"0 BOBBIN MILL RD LUNENBURG, VT 05906 ",0,BOBBIN MILL RD,LUNENBURG,VT,05906,-71.665759,44.496227,50,009,950500,1
"274 BROUSSEAU MOUNTAIN RD NORTON, VT 05907 ",274,BROUSSEAU MOUNTAIN RD,NORTON,VT,05907,-71.739167,44.992281,50,009,950100,1
"611 POND HILL RD LUNENBURG, VT 05906 ",611,POND HILL RD,LUNENBURG,VT,05906,-71.696045,44.482729,50,009,950500,1
"0 VT ROUTE 102 CANAAN, VT 05903 ",0,VT ROUTE 102,CANAAN,VT,05903,-71.51612,44.918359,50,009,950100,2
"0 LAKE ACCESS RD CANAAN, VT 05903 ",0,LAKE ACCESS RD,CANAAN,VT,05903,-71.636211,45.01019,50,009,950100,2
"346 MIDDLE ST BRIGHTON, VT 05846 ",346,MIDDLE ST,BRIGHTON,VT,05846,-71.887002,44.819921,50,009,950200,1
"157 FELLOWS RD GUILDHALL, VT 05905 ",157,FELLOWS RD,GUILDHALL,VT,05905,-71.597231,44.511701,50,009,950500,1
"129 COMMUNITY BUILDING RD EAST HAVEN, VT 05837 ",129,COMMUNITY BUILDING RD,EAST HAVEN,VT,05837,-71.89089,44.639204,50,009,950500,1
"491 MOUNTAIN ST BRIGHTON, VT 05846 ",491,MOUNTAIN ST,BRIGHTON,VT,05846,-71.878724,44.823076,50,009,950200,1
"0 HALL STREAM RD CANAAN, VT 05902 ",0,HALL STREAM RD,CANAAN,VT,05902,-71.500947,45.010461,50,009,950100,2
"93 BILODEAU RD BRIGHTON, VT 05846 ",93,BILODEAU RD,BRIGHTON,VT,05846,-71.900307,44.818921,50,009,950200,1
"2965 NORTH RD MAIDSTONE, VT 05905 ",2965,NORTH RD,MAIDSTONE,VT,05905,-71.594056,44.605469,50,009,950100,1
"61 WALNUT ST BRIGHTON, VT 05846 ",61,WALNUT ST,BRIGHTON,VT,05846,-71.883133,44.817616,50,009,950200,1
"1133 LANCASTER RD LUNENBURG, VT 05906 ",1133,LANCASTER RD,LUNENBURG,VT,05906,-71.624356,44.484491,50,009,950500,1
"0 PARISEAU DR CANAAN, VT 05902 ",0,PARISEAU DR,CANAAN,VT,05902,-71.498419,45.005581,50,009,950100,2
"784 VT ROUTE 102 BLOOMFIELD, VT 05905 ",784,VT ROUTE 102,BLOOMFIELD,VT,05905,-71.622178,44.756756,50,009,950100,1
"1063 FULLER RD BLOOMFIELD, VT 05905 ",1063,FULLER RD,BLOOMFIELD,VT,05905,-71.596266,44.79698,50,009,950100,1
"135 GREEN HILL RD CANAAN, VT 05903 ",135,GREEN HILL RD,CANAAN,VT,05903,-71.532793,45.002655,50,009,950100,2
"336 SIMONDS RD LUNENBURG, VT 05906 ",336,SIMONDS RD,LUNENBURG,VT,05906,-71.648136,44.496915,50,009,950500,1
"0 W THOMAS RD LUNENBURG, VT 05906 ",0,W   THOMAS RD,LUNENBURG,VT,05906,-71.747695,44.426684,50,009,950500,3
"1126 TODD HILL RD CANAAN, VT 05903 ",1126,TODD HILL RD,CANAAN,VT,05903,-71.543187,44.931187,50,009,950100,2
"218 DOLLOFF MOUNTAIN RD BRIGHTON, VT 05846 ",218,DOLLOFF MOUNTAIN RD,BRIGHTON,VT,05846,-71.931105,44.824238,50,009,950200,1
"1885 OREGON RD CONCORD, VT 05906 ",1885,OREGON RD,CONCORD,VT,05906,-71.760513,44.440028,50,009,950500,2
"1436 S AMERICA POND RD FERDINAND, VT 05846 ",1436,S   AMERICA POND RD,FERDINAND,VT,05846,-71.764146,44.770364,50,009,950100,1
"0 JEFFERSON AVE LUNENBURG, VT 05904 ",0,JEFFERSON AVE,LUNENBURG,VT,05904,-71.721842,44.413701,50,009,950500,3
"87 GUILDHALL HILL RD LUNENBURG, VT 05906 ",87,GUILDHALL HILL RD,LUNENBURG,VT,05906,-71.659877,44.500248,50,009,950500,1
"0 COLBY RD LUNENBURG, VT 05906 ",0,COLBY RD,LUNENBURG,VT,05906,-71.682778,44.524558,50,009,950500,1
"193 CEDAR ST CONCORD, VT 05906 ",193,CEDAR ST,CONCORD,VT,05906,-71.756414,44.42707,50,009,950500,2
"0 BAPTIST HILL RD LUNENBURG, VT 05906 ",0,BAPTIST HILL RD,LUNENBURG,VT,05906,-71.7118,44.448962,50,009,950500,3
"7608 VT ROUTE 114 CANAAN, VT 05903 ",7608,VT ROUTE 114,CANAAN,VT,05903,-71.690396,45.005865,50,009,950100,2
"293 WESTSIDE LAKE RD MAIDSTONE, VT 05905 ",293,WESTSIDE LAKE RD,MAIDSTONE,VT,05905,-71.648922,44.663714,50,009,950100,1
"0 ALL AMERICAN HWY CANAAN, VT 05903 ",0,ALL AMERICAN HWY,CANAAN,VT,05903,-71.588343,45.010941,50,009,950100,2
"268 FISHING VILLAGE RD BRIGHTON, VT 05846 ",268,FISHING VILLAGE RD,BRIGHTON,VT,05846,-71.856128,44.802449,50,009,950200,1
"323 DALE AVE BRIGHTON, VT 05846 ",323,DALE AVE,BRIGHTON,VT,05846,-71.878249,44.80778,50,009,950200,1
"146 MIDDLE ST BRIGHTON, VT 05846 ",146,MIDDLE ST,BRIGHTON,VT,05846,-71.883566,44.81771,50,009,950200,1
"422 VT ROUTE 114 S NORTON, VT 05907 ",422,VT ROUTE 114   S,NORTON,VT,05907,-71.799689,45.003608,50,009,950100,1
"1332 COTTAGE RD AVERILL, VT 05901 ",1332,COTTAGE RD,AVERILL,VT,05901,-71.692763,44.983916,50,009,950100,1
"2150 RIVER RD LUNENBURG, VT 05904 ",2150,RIVER RD,LUNENBURG,VT,05904,-71.695166,44.421114,50,009,950500,3
"232 BELLEVUE AVE BRIGHTON, VT 05846 ",232,BELLEVUE AVE,BRIGHTON,VT,05846,-71.884626,44.806957,50,009,950200,1
"0 GILMAN FARM RD LUNENBURG, VT 05906 ",0,GILMAN FARM RD,LUNENBURG,VT,05906,-71.714509,44.429615,50,009,950500,3
"0 VT ROUTE 102 CANAAN, VT 05903 ",0,VT ROUTE 102,CANAAN,VT,05903,-71.529246,44.966076,50,009,950100,2
"0 VT ROUTE 102 CANAAN, VT 05903 ",0,VT ROUTE 102,CANAAN,VT,05903,-71.51654,44.918717,50,009,950100,2
"1279 HENSHAW RD LEWIS, VT 05907 ",1279,HENSHAW RD,LEWIS,VT,05907,-71.80921,44.860654,50,009,950100,1
"258 MAYBERRY RD MAIDSTONE, VT 05905 ",258,MAYBERRY RD,MAIDSTONE,VT,05905,-71.660607,44.688055,50,009,950100,1
"1383 LANCASTER RD LUNENBURG, VT 05906 ",1383,LANCASTER RD,LUNENBURG,VT,05906,-71.616575,44.486788,50,009,950500,1
"343 MAIN ST CONCORD, VT 05824 ",343,MAIN ST,CONCORD,VT,05824,-71.888804,44.428969,50,009,950500,2
"111 BOBBIN MILL RD LUNENBURG, VT 05906 ",111,BOBBIN MILL RD,LUNENBURG,VT,05906,-71.682541,44.466165,50,009,950500,1
"120 COMMUNITY BUILDING RD EAST HAVEN, VT 05837 ",120,COMMUNITY BUILDING RD,EAST HAVEN,VT,05837,-71.891191,44.639234,50,009,950500,1
"4594 VT ROUTE 114 WARRENS GORE, VT 05907 ",4594,VT ROUTE 114,WARRENS GORE,VT,05907,-71.849385,44.943303,50,009,950100,1
"143 FOURNIER RD LUNENBURG, VT 05906 ",143,FOURNIER RD,LUNENBURG,VT,05906,-71.725878,44.468524,50,009,950500,1
"2350 VT ROUTE 102 MAIDSTONE, VT 05905 ",2350,VT ROUTE 102,MAIDSTONE,VT,05905,-71.560388,44.597411,50,009,950100,1
"289 RAILROAD ST BRIGHTON, VT 05846 ",289,RAILROAD ST,BRIGHTON,VT,05846,-71.885928,44.816915,50,009,950200,1
"5425 VT ROUTE 102 CANAAN, VT 05903 ",5425,VT ROUTE 102,CANAAN,VT,05903,-71.540422,44.977412,50,009,950100,2
"333 LANCASTER RD LUNENBURG, VT 05906 ",333,LANCASTER RD,LUNENBURG,VT,05906,-71.648662,44.473312,50,009,950500,1
"0 SIMONDS RD LUNENBURG, VT 05906 ",0,SIMONDS RD,LUNENBURG,VT,05906,-71.654246,44.499353,50,009,950500,1
"0 MILL ST EXT BRIGHTON, VT 05846 ",0,MILL ST EXT,BRIGHTON,VT,05846,-71.879786,44.814616,50,009,950200,1
"646 E MAIN ST LUNENBURG, VT 05906 ",646,E  MAIN ST,LUNENBURG,VT,05906,-71.658263,44.463897,50,009,950500,3
"187 MOUNTAIN ST BRIGHTON, VT 05846 ",187,MOUNTAIN ST,BRIGHTON,VT,05846,-71.880853,44.819204,50,009,950200,1
"164 WESLEY RD CONCORD, VT 05824 ",164,WESLEY RD,CONCORD,VT,05824,-71.85563,44.466752,50,009,950500,2
"0 VT ROUTE 102 CANAAN, VT 05903 ",0,VT ROUTE 102,CANAAN,VT,05903,-71.532636,44.973117,50,009,950100,2
"1439 PLEASANT ST BRIGHTON, VT 05846 ",1439,PLEASANT ST,BRIGHTON,VT,05846,-71.870515,44.792734,50,009,950200,1
"2584 CANAAN HILL RD AVERILL, VT 05901 ",2584,CANAAN HILL RD,AVERILL,VT,05901,-71.63746,44.969394,50,009,950100,1
"2019 KEMP HILL RD CANAAN, VT 05903 ",2019,KEMP HILL RD,CANAAN,VT,05903,-71.560274,44.959142,50,009,950100,2
"931 N CONCORD RD CONCORD, VT 05858 ",931,N   CONCORD RD,CONCORD,VT,05858,-71.859719,44.466993,50,009,950500,2
"188 MICAH BAKER RD CONCORD, VT 05824 ",188,MICAH BAKER RD,CONCORD,VT,05824,-71.855468,44.388675,50,009,950500,2
"1740 VT ROUTE 114 S NORTON, VT 05907 ",1740,VT ROUTE 114   S,NORTON,VT,05907,-71.81202,44.987165,50,009,950100,1
"246 HASTINGS RD LUNENBURG, VT 05906 ",246,HASTINGS RD,LUNENBURG,VT,05906,-71.737907,44.45758,50,009,950500,3
"61 MCLAUGHLIN RD LUNENBURG, VT 05906 ",61,MCLAUGHLIN RD,LUNENBURG,VT,05906,-71.694068,44.484474,50,009,950500,1
"122 SOUTH ST CONCORD, VT 05824 ",122,SOUTH ST,CONCORD,VT,05824,-71.884973,44.426954,50,009,950500,2
"4600 HURRICANE BROOK RD NORTON, VT 05907 ",4600,HURRICANE BROOK RD,NORTON,VT,05907,-71.858319,44.948139,50,009,950100,1
"2505 CHARLESTON RD BRIGHTON, VT 05846 ",2505,CHARLESTON RD,BRIGHTON,VT,05846,-71.930398,44.805696,50,009,950200,1
"1589 ROYALSTON CORNER RD CONCORD, VT 05824 ",1589,ROYALSTON CORNER RD,CONCORD,VT,05824,-71.855265,44.432046,50,009,950500,2
"661 BOBBIN MILL RD LUNENBURG, VT 05906 ",661,BOBBIN MILL RD,LUNENBURG,VT,05906,-71.676227,44.479171,50,009,950500,1
"1207 VT ROUTE 253 CANAAN, VT 05902 ",1207,VT ROUTE 253,CANAAN,VT,05902,-71.50718,45.009615,50,009,950100,2
"31 MEADOW ST BRIGHTON, VT 05846 ",31,MEADOW ST,BRIGHTON,VT,05846,-71.886577,44.816817,50,009,950200,1
"468 CAMPERS LN CONCORD, VT 05824 ",468,CAMPERS LN,CONCORD,VT,05824,-71.803553,44.446043,50,009,950500,2
"257 RAILROAD ST BRIGHTON, VT 05846 ",257,RAILROAD ST,BRIGHTON,VT,05846,-71.885701,44.816552,50,009,950200,1
"0 VT ROUTE 102 BLOOMFIELD, VT 05905 ",0,VT ROUTE 102,BLOOMFIELD,VT,05905,-71.582068,44.789109,50,009,950100,1
"2266 VT ROUTE 102 GUILDHALL, VT 05905 ",2266,VT ROUTE 102,GUILDHALL,VT,05905,-71.58999,44.526426,50,009,950500,1
"0 RESERVOIR RD CANAAN, VT 05903 ",0,RESERVOIR RD,CANAAN,VT,05903,-71.540949,45.004188,50,009,950100,2
"517 MAIN ST CONCORD, VT 05824 ",517,MAIN ST,CONCORD,VT,05824,-71.885426,44.428788,50,009,950500,2
"4320 MAIDSTONE LAKE RD MAIDSTONE, VT 05905 ",4320,MAIDSTONE LAKE RD,MAIDSTONE,VT,05905,-71.64131,44.659823,50,009,950100,1
"376 SOUTH ST BRIGHTON, VT 05846 ",376,SOUTH ST,BRIGHTON,VT,05846,-71.884828,44.817786,50,009,950200,1
"235 HASTINGS RD LUNENBURG, VT 05906 ",235,HASTINGS RD,LUNENBURG,VT,05906,-71.737184,44.458145,50,009,950500,3
"165 SE POND RD LUNENBURG, VT 05906 ",165,SE   POND RD,LUNENBURG,VT,05906,-71.689769,44.483411,50,009,950500,1
"61 WILLSON RD LUNENBURG, VT 05906 ",61,WILLSON RD,LUNENBURG,VT,05906,-71.692421,44.483975,50,009,950500,1
"0 TREATMENT PLANT RD LUNENBURG, VT 05904 ",0,TREATMENT PLANT RD,LUNENBURG,VT,05904,-71.714942,44.412122,50,009,950500,3
"170 ETHAN ALLEN DR CANAAN, VT 05903 ",170,ETHAN ALLEN DR,CANAAN,VT,05903,-71.538779,44.999624,50,009,950100,2
"1902 POND HILL RD LUNENBURG, VT 05906 ",1902,POND HILL RD,LUNENBURG,VT,05906,-71.721907,44.51042,50,009,950500,1
"3321 VT ROUTE 105 FERDINAND, VT 05846 ",3321,VT ROUTE 105,FERDINAND,VT,05846,-71.741748,44.771483,50,009,950100,1
"1392 VT ROUTE 102 CANAAN, VT 05903 ",1392,VT ROUTE 102,CANAAN,VT,05903,-71.522632,44.927075,50,009,950100,2
"115 MAPLE ST EAST HAVEN, VT 05837 ",115,MAPLE ST,EAST HAVEN,VT,05837,-71.891451,44.643489,50,009,950500,1
"3049 HEAD OF THE POND RD BRIGHTON, VT 05846 ",3049,HEAD OF THE POND RD,BRIGHTON,VT,05846,-71.830591,44.781882,50,009,950200,1
"644 CAMPERS LN CONCORD, VT 05824 ",644,CAMPERS LN,CONCORD,VT,05824,-71.806544,44.444695,50,009,950500,2
"180 FOURNIER RD LUNENBURG, VT 05906 ",180,FOURNIER RD,LUNENBURG,VT,05906,-71.72512,44.469742,50,009,950500,1
"1521 BOBBIN MILL RD LUNENBURG, VT 05906 ",1521,BOBBIN MILL RD,LUNENBURG,VT,05906,-71.659344,44.497055,50,009,950500,1
"13 BELLEVUE AVE BRIGHTON, VT 05846 ",13,BELLEVUE AVE,BRIGHTON,VT,05846,-71.880623,44.808379,50,009,950200,1
"1688 JACKSON RD AVERILL, VT 05901 ",1688,JACKSON RD,AVERILL,VT,05901,-71.698678,44.968874,50,009,950100,1
"87 W MAIN ST LUNENBURG, VT 05906 ",87,W  MAIN ST,LUNENBURG,VT,05906,-71.685959,44.462835,50,009,950500,3
"431 CLAY BROOK RD CANAAN, VT 05903 ",431,CLAY BROOK RD,CANAAN,VT,05903,-71.587148,44.963889,50,009,950100,2
"761 KIMBALL RD LUNENBURG, VT 05906 ",761,KIMBALL RD,LUNENBURG,VT,05906,-71.708585,44.479857,50,009,950500,1
"433 CHARLESTON RD BRIGHTON, VT 05846 ",433,CHARLESTON RD,BRIGHTON,VT,05846,-71.895107,44.800833,50,009,950200,1
"771 VT ROUTE 102 MAIDSTONE, VT 05905 ",771,VT ROUTE 102,MAIDSTONE,VT,05905,-71.555863,44.581389,50,009,950100,1
"0 VT ROUTE 114 CANAAN, VT 05903 ",0,VT ROUTE 114,CANAAN,VT,05903,-71.547381,45.000839,50,009,950100,2
"1069 PLEASANT ST BRIGHTON, VT 05846 ",1069,PLEASANT ST,BRIGHTON,VT,05846,-71.872704,44.797673,50,009,950200,1
"74 MILL ST BRIGHTON, VT 05846 ",74,MILL ST,BRIGHTON,VT,05846,-71.879638,44.814424,50,009,950200,1
"3841 VT ROUTE 102 BLOOMFIELD, VT 05905 ",3841,VT ROUTE 102,BLOOMFIELD,VT,05905,-71.581814,44.789307,50,009,950100,1
"1350 E BRIGHTON RD BRIGHTON, VT 05846 ",1350,E  BRIGHTON RD,BRIGHTON,VT,05846,-71.861337,44.809705,50,009,950200,1
"149 BAY LN BRIGHTON, VT 05846 ",149,BAY LN,BRIGHTON,VT,05846,-71.867065,44.813,50,009,950200,1
"0 KEMP HILL RD CANAAN, VT 05903 ",0,KEMP HILL RD,CANAAN,VT,05903,-71.542413,44.978803,50,009,950100,2
"2393 VT ROUTE 102 MAIDSTONE, VT 05905 ",2393,VT ROUTE 102,MAIDSTONE,VT,05905,-71.567764,44.598032,50,009,950100,1
"936 MILES POND RD CONCORD, VT 05858 ",936,MILES POND RD,CONCORD,VT,05858,-71.807994,44.451525,50,009,950500,2
"58 HILLTOP DR CANAAN, VT 05903 ",58,HILLTOP DR,CANAAN,VT,05903,-71.53652,45.002336,50,009,950100,2
"5282 MAIDSTONE LAKE RD MAIDSTONE, VT 05905 ",5282,MAIDSTONE LAKE RD,MAIDSTONE,VT,05905,-71.640851,44.646417,50,009,950100,1
"152 AUBURN STAR RD LUNENBURG, VT 05906 ",152,AUBURN STAR RD,LUNENBURG,VT,05906,-71.624602,44.481164,50,009,950500,1
"4933 NORTH RD MAIDSTONE, VT 05905 ",4933,NORTH RD,MAIDSTONE,VT,05905,-71.617035,44.626789,50,009,950100,1
"62 MILES LN CONCORD, VT 05824 ",62,MILES LN,CONCORD,VT,05824,-71.813258,44.450211,50,009,950500,2
"0 RIVER RD CANAAN, VT 05902 ",0,RIVER RD,CANAAN,VT,05902,-71.497801,45.005545,50,009,950100,2
"755 FIVE MILE SQUARE RD BRIGHTON, VT 05846 ",755,FIVE MILE SQUARE RD,BRIGHTON,VT,05846,-71.903044,44.814954,50,009,950200,1
"1641 BOBBIN MILL RD LUNENBURG, VT 05906 ",1641,BOBBIN MILL RD,LUNENBURG,VT,05906,-71.656193,44.493523,50,009,950500,1
"1478 STONE DAM RD BLOOMFIELD, VT 05905 ",1478,STONE DAM RD,BLOOMFIELD,VT,05905,-71.697602,44.787176,50,009,950100,1
"44 WENDEL RD CONCORD, VT 05824 ",44,WENDEL RD,CONCORD,VT,05824,-71.869545,44.454089,50,009,950500,2
"86 MARKO RD CONCORD, VT 05824 ",86,MARKO RD,CONCORD,VT,05824,-71.910607,44.427335,50,009,950500,2
"115 VT ROUTE 114 CANAAN, VT 05903 ",115,VT ROUTE 114,CANAAN,VT,05903,-71.546371,45.000686,50,009,950100,2
"703 BEACH DR CONCORD, VT 05858 ",703,BEACH DR,CONCORD,VT,05858,-71.793064,44.449356,50,009,950500,2
"0 FULLER RD BLOOMFIELD, VT 05905 ",0,FULLER RD,BLOOMFIELD,VT,05905,-71.59702,44.78938,50,009,950100,1
"0 TEMPLE BARWAY RD LUNENBURG, VT 05906 ",0,TEMPLE BARWAY RD,LUNENBURG,VT,05906,-71.732812,44.523096,50,009,950500,1
"241 COTTAGE DR BRIGHTON, VT 05846 ",241,COTTAGE DR,BRIGHTON,VT,05846,-71.872703,44.800099,50,009,950200,1
"1167 BAPTIST HILL RD LUNENBURG, VT 05906 ",1167,BAPTIST HILL RD,LUNENBURG,VT,05906,-71.723608,44.437309,50,009,950500,3
"111 BACK ST BRIGHTON, VT 05846 ",111,BACK ST,BRIGHTON,VT,05846,-71.874812,44.817088,50,009,950200,1
"0 SUNRISE ACRES LUNENBURG, VT 05906 ",0,SUNRISE ACRES,LUNENBURG,VT,05906,-71.659486,44.463734,50,009,950500,3
"4874 GORE RD AVERYS GORE, VT 05907 ",4874,GORE RD,AVERYS GORE,VT,05907,-71.843024,44.909001,50,009,950100,1
"192 S LUNENBURG RD LUNENBURG, VT 05906 ",192,S  LUNENBURG RD,LUNENBURG,VT,05906,-71.681813,44.458033,50,009,950500,3
"3407 VT ROUTE 114 S NORTON, VT 05907 ",3407,VT ROUTE 114  S,NORTON,VT,05907,-71.819986,44.96511,50,009,950100,1
"380 BIRCH ST BRIGHTON, VT 05846 ",380,BIRCH ST,BRIGHTON,VT,05846,-71.877886,44.808494,50,009,950200,1
"0 W THOMAS RD LUNENBURG, VT 05906 ",0,W   THOMAS RD,LUNENBURG,VT,05906,-71.749204,44.426763,50,009,950500,3
"157 TEMPLE BARWAY RD LUNENBURG, VT 05906 ",157,TEMPLE BARWAY RD,LUNENBURG,VT,05906,-71.729728,44.508466,50,009,950500,1
"5191 GRANBY RD GRANBY, VT 05858 ",5191,GRANBY RD,GRANBY,VT,05858,-71.691103,44.574786,50,009,950500,1
"21 EAST ST CANAAN, VT 05902 ",21,EAST ST,CANAAN,VT,05902,-71.506419,45.009806,50,009,950100,2
"204 BOYS CAMP RD LUNENBURG, VT 05906 ",204,BOYS CAMP RD,LUNENBURG,VT,05906,-71.695664,44.491876,50,009,950500,1
"7182 VT ROUTE 102 LEMINGTON, VT 05905 ",7182,VT ROUTE 102,LEMINGTON,VT,05905,-71.504892,44.909323,50,009,950100,1
"407 GALE ST CANAAN, VT 05903 ",407,GALE ST,CANAAN,VT,05903,-71.542207,44.998158,50,009,950100,2
"1065 FULLER RD BLOOMFIELD, VT 05905 ",1065,FULLER RD,BLOOMFIELD,VT,05905,-71.598834,44.798492,50,009,950100,1
"5089 VT ROUTE 114 CANAAN, VT 05903 ",5089,VT ROUTE 114,CANAAN,VT,05903,-71.638936,45.006169,50,009,950100,2
"220 W MAIN ST LUNENBURG, VT 05906 ",220,W  MAIN ST,LUNENBURG,VT,05906,-71.690758,44.462484,50,009,950500,1
"555 RLW RD BRIGHTON, VT 05846 ",555,RLW RD,BRIGHTON,VT,05846,-71.842225,44.809263,50,009,950200,1
"11 GRANBY RD VICTORY, VT 05858 ",11,GRANBY RD,VICTORY,VT,05858,-71.783393,44.574424,50,009,950500,1
"128 S LUNENBURG RD LUNENBURG, VT 05906 ",128,S   LUNENBURG RD,LUNENBURG,VT,05906,-71.682772,44.459663,50,009,950500,3
"48 GUILDHALL HILL RD LUNENBURG, VT 05906 ",48,GUILDHALL HILL RD,LUNENBURG,VT,05906,-71.659237,44.498934,50,009,950500,1
"822 GRANBY RD VICTORY, VT 05858 ",822,GRANBY RD,VICTORY,VT,05858,-71.770603,44.570317,50,009,950500,1
"0 AUBURN STAR RD LUNENBURG, VT 05906 ",0,AUBURN STAR RD,LUNENBURG,VT,05906,-71.623638,44.479686,50,009,950500,1
"97 ROYCE LN CONCORD, VT 05824 ",97,ROYCE LN,CONCORD,VT,05824,-71.813452,44.449849,50,009,950500,2
"6 CARGILL RD BRIGHTON, VT 05846 ",6,CARGILL RD,BRIGHTON,VT,05846,-71.891782,44.821388,50,009,950200,1
"3434 VICTORY RD VICTORY, VT 05858 ",3434,VICTORY RD,VICTORY,VT,05858,-71.799882,44.580404,50,009,950500,1
"669 JACKSON RD AVERILL, VT 05901 ",669,JACKSON RD,AVERILL,VT,05901,-71.708069,44.980959,50,009,950100,1
"0 VENHEIM RD LUNENBURG, VT 05906 ",0,VENHEIM RD,LUNENBURG,VT,05906,-71.74811,44.475546,50,009,950500,1
"0 GALE ST CANAAN, VT 05903 ",0,GALE ST,CANAAN,VT,05903,-71.543997,44.999231,50,009,950100,2
"0 THE OLD RD EAST HAVEN, VT 05837 ",0,THE OLD RD,EAST HAVEN,VT,05837,-71.88613,44.643565,50,009,950500,1
"89 DEVOST LN NORTON, VT 05907 ",89,DEVOST LN,NORTON,VT,05907,-71.848855,44.947737,50,009,950100,1
"0 VT ROUTE 114 CANAAN, VT 05903 ",0,VT ROUTE 114,CANAAN,VT,05903,-71.632283,45.009201,50,009,950100,2
"53 JEFFERSON AVE LUNENBURG, VT 05904 ",53,JEFFERSON AVE,LUNENBURG,VT,05904,-71.720584,44.414172,50,009,950500,3
"109 OREGON RD CONCORD, VT 05906 ",109,OREGON RD,CONCORD,VT,05906,-71.773809,44.463911,50,009,950500,2
"159 RANDOM VALE BRIGHTON, VT 05846 ",159,RANDOM VALE,BRIGHTON,VT,05846,-71.868474,44.792559,50,009,950200,1
"0 BAPTIST HILL RD LUNENBURG, VT 05906 ",0,BAPTIST HILL RD,LUNENBURG,VT,05906,-71.717067,44.422575,50,009,950500,3
"3455 CHARLESTON RD BRIGHTON, VT 05846 ",3455,CHARLESTON RD,BRIGHTON,VT,05846,-71.946221,44.813726,50,009,950200,1
"113 RAILROAD ST BRIGHTON, VT 05846 ",113,RAILROAD ST,BRIGHTON,VT,05846,-71.883456,44.815124,50,009,950200,1
"1097 HIGH RIDGE RD CONCORD, VT 05824 ",1097,HIGH RIDGE RD,CONCORD,VT,05824,-71.865622,44.377462,50,009,950500,2
"245 FISHING VILLAGE RD BRIGHTON, VT 05846 ",245,FISHING VILLAGE RD,BRIGHTON,VT,05846,-71.855939,44.802734,50,009,950200,1
"174 MOISE WOOD RD BRIGHTON, VT 05846 ",174,MOISE WOOD RD,BRIGHTON,VT,05846,-71.865406,44.780928,50,009,950200,1
"69 DEVOST LN NORTON, VT 05907 ",69,DEVOST LN,NORTON,VT,05907,-71.84813,44.947733,50,009,950100,1
"0 MAIDSTONE LAKE RD MAIDSTONE, VT 05905 ",0,MAIDSTONE LAKE RD,MAIDSTONE,VT,05905,-71.646793,44.663989,50,009,950100,1
"0 JEFFERSON AVE LUNENBURG, VT 05904 ",0,JEFFERSON AVE,LUNENBURG,VT,05904,-71.720513,44.414675,50,009,950500,3
"508 COTTAGE RD AVERILL, VT 05901 ",508,COTTAGE RD,AVERILL,VT,05901,-71.703057,44.992975,50,009,950100,1
"0 MCLAUGHLIN RD LUNENBURG, VT 05906 ",0,MCLAUGHLIN RD,LUNENBURG,VT,05906,-71.693742,44.483565,50,009,950500,1
"1485 BOBBIN MILL RD LUNENBURG, VT 05906 ",1485,BOBBIN MILL RD,LUNENBURG,VT,05906,-71.660151,44.497848,50,009,950500,1
"1087 SHORES HL GRANBY, VT 05858 ",1087,SHORES HL,GRANBY,VT,05858,-71.736581,44.559702,50,009,950500,1
"6977 VT ROUTE 102 GUILDHALL, VT 05905 ",6977,VT ROUTE 102,GUILDHALL,VT,05905,-71.565472,44.56538,50,009,950500,1
"513 MILTIMORE RD CONCORD, VT 05824 ",513,MILTIMORE RD,CONCORD,VT,05824,-71.897836,44.406984,50,009,950500,2
"0 COTTAGE RD AVERILL, VT 05901 ",0,COTTAGE RD,AVERILL,VT,05901,-71.703815,44.993465,50,009,950100,1
"528 N CONCORD RD CONCORD, VT 05858 ",528,N   CONCORD RD,CONCORD,VT,05858,-71.861726,44.462045,50,009,950500,2
"1200 MAILLETT RD LUNENBURG, VT 05906 ",1200,MAILLETT RD,LUNENBURG,VT,05906,-71.686829,44.434662,50,009,950500,3
"140 MICAH BAKER RD CONCORD, VT 05824 ",140,MICAH BAKER RD,CONCORD,VT,05824,-71.857746,44.389579,50,009,950500,2
"2404 E BRANCH RD BLOOMFIELD, VT 05905 ",2404,E   BRANCH RD,BLOOMFIELD,VT,05905,-71.665927,44.812011,50,009,950100,1
"45 W MAIN ST LUNENBURG, VT 05906 ",45,W  MAIN ST,LUNENBURG,VT,05906,-71.68384,44.462019,50,009,950500,3
"0 VT ROUTE 114 CANAAN, VT 05903 ",0,VT ROUTE 114,CANAAN,VT,05903,-71.586879,45.009704,50,009,950100,2
"887 PLEASANT ST BRIGHTON, VT 05846 ",887,PLEASANT ST,BRIGHTON,VT,05846,-71.874532,44.800099,50,009,950200,1
"0 E MAIN ST LUNENBURG, VT 05906 ",0,E  MAIN ST,LUNENBURG,VT,05906,-71.663832,44.463801,50,009,950500,3
"2166 SHADOW LAKE RD CONCORD, VT 05824 ",2166,SHADOW LAKE RD,CONCORD,VT,05824,-71.877244,44.404512,50,009,950500,2
"0 JEFFERSON AVE LUNENBURG, VT 05904 ",0,JEFFERSON AVE,LUNENBURG,VT,05904,-71.721337,44.414463,50,009,950500,3
"3292 CANAAN HILL RD CANAAN, VT 05903 ",3292,CANAAN HILL RD,CANAAN,VT,05903,-71.595284,44.975721,50,009,950100,2
"1549 WESTSIDE LAKE RD MAIDSTONE, VT 05905 ",1549,WESTSIDE LAKE RD,MAIDSTONE,VT,05905,-71.653196,44.647175,50,009,950100,1
"2706 VT ROUTE 105 FERDINAND, VT 05846 ",2706,VT ROUTE 105,FERDINAND,VT,05846,-71.750862,44.777232,50,009,950100,1
"1141 LAKESHORE DR BRIGHTON, VT 05846 ",1141,LAKESHORE DR,BRIGHTON,VT,05846,-71.858724,44.800675,50,009,950200,1
"59 COLE HILL RD LUNENBURG, VT 05906 ",59,COLE HILL RD,LUNENBURG,VT,05906,-71.672411,44.511404,50,009,950500,1
"1676 LECLAIR RD CONCORD, VT 05824 ",1676,LECLAIR RD,CONCORD,VT,05824,-71.839727,44.382532,50,009,950500,2
"299 HALL STREAM RD CANAAN, VT 05902 ",299,HALL STREAM RD,CANAAN,VT,05902,-71.500504,45.011517,50,009,950100,2
"4495 VT ROUTE 105 BRUNSWICK, VT 05905 ",4495,VT ROUTE 105,BRUNSWICK,VT,05905,-71.693001,44.776769,50,009,950100,1
"49 LAKE EAST 1 MAIDSTONE, VT 05905 ",49,LAKE EAST 1,MAIDSTONE,VT,05905,-71.639637,44.655687,50,009,950100,1
"514 W MAIN ST CONCORD, VT 05824 ",514,W   MAIN ST,CONCORD,VT,05824,-71.914526,44.440391,50,009,950500,2
"0 SONG BIRD DR CANAAN, VT 05903 ",0,SONG BIRD DR,CANAAN,VT,05903,-71.638076,45.010525,50,009,950100,2
"3650 VT ROUTE 102 LEMINGTON, VT 05905 ",3650,VT ROUTE 102,LEMINGTON,VT,05905,-71.537156,44.869095,50,009,950100,1
"67 CEDAR ST LUNENBURG, VT 05904 ",67,CEDAR ST,LUNENBURG,VT,05904,-71.720691,44.415104,50,009,950500,3
"0 DAVIS RD BRIGHTON, VT 05846 ",0,DAVIS RD,BRIGHTON,VT,05846,-71.916291,44.775853,50,009,950200,1
"6161 VT ROUTE 102 LEMINGTON, VT 05905 ",6161,VT ROUTE 102,LEMINGTON,VT,05905,-71.510673,44.897421,50,009,950100,1
"6173 VT ROUTE 102 CANAAN, VT 05903 ",6173,VT ROUTE 102,CANAAN,VT,05903,-71.542305,44.987989,50,009,950100,2
"31 JOHNNY CAKE AVE LUNENBURG, VT 05906 ",31,JOHNNY CAKE AVE,LUNENBURG,VT,05906,-71.686866,44.461881,50,009,950500,3
"138 DALE AVE BRIGHTON, VT 05846 ",138,DALE AVE,BRIGHTON,VT,05846,-71.881216,44.809005,50,009,950200,1
"3539 LEONARD HILL RD CONCORD, VT 05824 ",3539,LEONARD HILL RD,CONCORD,VT,05824,-71.822928,44.417896,50,009,950500,2
"2125 OREGON RD CONCORD, VT 05906 ",2125,OREGON RD,CONCORD,VT,05906,-71.758408,44.437181,50,009,950500,2
"1058 JACKSON RD AVERILL, VT 05901 ",1058,JACKSON RD,AVERILL,VT,05901,-71.706864,44.976175,50,009,950100,1
"3266 VT ROUTE 114 E NORTON, VT 05907 ",3266,VT ROUTE 114   E,NORTON,VT,05907,-71.732408,44.99563,50,009,950100,1
"223 W MAIN ST CONCORD, VT 05824 ",223,W   MAIN ST,CONCORD,VT,05824,-71.91848,44.444171,50,009,950500,2
"3217 VT ROUTE 102 BLOOMFIELD, VT 05905 ",3217,VT ROUTE 102,BLOOMFIELD,VT,05905,-71.591933,44.784076,50,009,950100,1
"2404 LEONARD HILL RD CONCORD, VT 05824 ",2404,LEONARD HILL RD,CONCORD,VT,05824,-71.801231,44.423118,50,009,950500,2
"530 DERBY ST BRIGHTON, VT 05846 ",530,DERBY ST,BRIGHTON,VT,05846,-71.887694,44.807026,50,009,950200,1
"74 CEDAR ST LUNENBURG, VT 05904 ",74,CEDAR ST,LUNENBURG,VT,05904,-71.720361,44.415331,50,009,950500,3
"6066 VT ROUTE 102 CANAAN, VT 05903 ",6066,VT ROUTE 102,CANAAN,VT,05903,-71.54207,44.986225,50,009,950100,2
"2308 VT ROUTE 102 BRUNSWICK, VT 05905 ",2308,VT ROUTE 102,BRUNSWICK,VT,05905,-71.623725,44.722255,50,009,950100,1
"110 GLENSIDE LN CONCORD, VT 05858 ",110,GLENSIDE LN,CONCORD,VT,05858,-71.861055,44.468997,50,009,950500,2
"0 BOYS CAMP RD LUNENBURG, VT 05906 ",0,BOYS CAMP RD,LUNENBURG,VT,05906,-71.69603,44.49253,50,009,950500,1
"3182 SIMS HILL RD LEMINGTON, VT 05903 ",3182,SIMS HILL RD,LEMINGTON,VT,05903,-71.600172,44.864725,50,009,950100,1
"0 BAPTIST HILL RD LUNENBURG, VT 05906 ",0,BAPTIST HILL RD,LUNENBURG,VT,05906,-71.716688,44.416917,50,009,950500,3
"121 MOUNTAIN ST BRIGHTON, VT 05846 ",121,MOUNTAIN ST,BRIGHTON,VT,05846,-71.881146,44.818106,50,009,950200,1
"106 TAYLOR RD BRIGHTON, VT 05846 ",106,TAYLOR RD,BRIGHTON,VT,05846,-71.844056,44.770055,50,009,950200,1
"623 LEONARD HILL RD CONCORD, VT 05824 ",623,LEONARD HILL RD,CONCORD,VT,05824,-71.766777,44.423428,50,009,950500,2
"129 ED BATES RD AVERILL, VT 05901 ",129,ED BATES RD,AVERILL,VT,05901,-71.717774,44.987333,50,009,950100,1
"0 BOBBIN MILL RD LUNENBURG, VT 05906 ",0,BOBBIN MILL RD,LUNENBURG,VT,05906,-71.672097,44.483918,50,009,950500,1
"0 MAILLETT RD LUNENBURG, VT 05906 ",0,MAILLETT RD,LUNENBURG,VT,05906,-71.691566,44.458994,50,009,950500,3
"43 BILODEAU RD BRIGHTON, VT 05846 ",43,BILODEAU RD,BRIGHTON,VT,05846,-71.901293,44.819229,50,009,950200,1
"187 BLUEBERRY LN BRIGHTON, VT 05846 ",187,BLUEBERRY LN,BRIGHTON,VT,05846,-71.869084,44.79872,50,009,950200,1
"2149 HURRICANE BROOK RD WARRENS GORE, VT 05907 ",2149,HURRICANE BROOK RD,WARRENS GORE,VT,05907,-71.888744,44.936292,50,009,950100,1
"47 RAILROAD ST BRIGHTON, VT 05846 ",47,RAILROAD ST,BRIGHTON,VT,05846,-71.882041,44.814956,50,009,950200,1
"890 VT ROUTE 102 CANAAN, VT 05903 ",890,VT ROUTE 102,CANAAN,VT,05903,-71.518249,44.920906,50,009,950100,2
"20 ALBERTS WAY AVERILL, VT 05901 ",20,ALBERTS WAY,AVERILL,VT,05901,-71.685061,44.985769,50,009,950100,1
"23 NORTHVIEW DR CANAAN, VT 05903 ",23,NORTHVIEW DR,CANAAN,VT,05903,-71.628223,45.009607,50,009,950100,2
"150 HIGH RIDGE RD CONCORD, VT 05824 ",150,HIGH RIDGE RD,CONCORD,VT,05824,-71.864659,44.38757,50,009,950500,2
"1066 PLEASANT ST BRIGHTON, VT 05846 ",1066,PLEASANT ST,BRIGHTON,VT,05846,-71.873823,44.797328,50,009,950200,1
"250 BLUEBERRY LN BRIGHTON, VT 05846 ",250,BLUEBERRY LN,BRIGHTON,VT,05846,-71.871355,44.797073,50,009,950200,1
"1127 MILL BROOK RD BLOOMFIELD, VT 05905 ",1127,MILL BROOK RD,BLOOMFIELD,VT,05905,-71.60679,44.792879,50,009,950100,1
"108 POWER HOUSE RD CANAAN, VT 05903 ",108,POWER HOUSE RD,CANAAN,VT,05903,-71.533813,44.996893,50,009,950100,2
"2227 LEONARD HILL RD CONCORD, VT 05824 ",2227,LEONARD HILL RD,CONCORD,VT,05824,-71.797023,44.423941,50,009,950500,2
"4531 VT ROUTE 114 E NORTON, VT 05907 ",4531,VT ROUTE 114   E,NORTON,VT,05907,-71.709761,44.998951,50,009,950100,1
"1984 W LUNENBURG RD LUNENBURG, VT 05906 ",1984,W   LUNENBURG RD,LUNENBURG,VT,05906,-71.770405,44.466257,50,009,950500,1
"32 RICHARD BLVD EAST HAVEN, VT 05837 ",32,RICHARD BLVD,EAST HAVEN,VT,05837,-71.875348,44.636512,50,009,950500,1
"414 DERBY ST BRIGHTON, VT 05846 ",414,DERBY ST,BRIGHTON,VT,05846,-71.886605,44.808453,50,009,950200,1
"339 JUDD RD CANAAN, VT 05903 ",339,JUDD RD,CANAAN,VT,05903,-71.553331,45.000007,50,009,950100,2
"0 VT ROUTE 102 CANAAN, VT 05903 ",0,VT ROUTE 102,CANAAN,VT,05903,-71.515287,44.917681,50,009,950100,2
"0 RIVER RD LUNENBURG, VT 05904 ",0,RIVER RD,LUNENBURG,VT,05904,-71.709353,44.414501,50,009,950500,3
"1613 W MAIN ST CONCORD, VT 05824 ",1613,W   MAIN ST,CONCORD,VT,05824,-71.897487,44.431242,50,009,950500,2
"136 SCHOOL ST CANAAN, VT 05903 ",136,SCHOOL ST,CANAAN,VT,05903,-71.536864,44.995892,50,009,950100,2
"925 NORTH RD GUILDHALL, VT 05905 ",925,NORTH RD,GUILDHALL,VT,05905,-71.600037,44.578096,50,009,950500,1
"0 WHEELER POND RD BRUNSWICK, VT 05905 ",0,WHEELER POND RD,BRUNSWICK,VT,05905,-71.66805,44.724058,50,009,950100,1
"3581 VT ROUTE 114 S NORTON, VT 05907 ",3581,VT ROUTE 114  S,NORTON,VT,05907,-71.823495,44.964106,50,009,950100,1
"1154 N CONCORD RD CONCORD, VT 05858 ",1154,N   CONCORD RD,CONCORD,VT,05858,-71.855813,44.468626,50,009,950500,2
"167 COMMERCIAL AVE LUNENBURG, VT 05904 ",167,COMMERCIAL AVE,LUNENBURG,VT,05904,-71.721067,44.413176,50,009,950500,3
"4357 VT ROUTE 114 CANAAN, VT 05903 ",4357,VT ROUTE 114,CANAAN,VT,05903,-71.625495,45.010212,50,009,950100,2
"520 RIVER RD VICTORY, VT 05858 ",520,RIVER RD,VICTORY,VT,05858,-71.785699,44.573026,50,009,950500,1
"0 SFH MAIDSTONE, VT 05905 ",0,SFH,MAIDSTONE,VT,05905,-71.643501,44.637548,50,009,950100,1
"0 JOHNSON RD CONCORD, VT 05824 ",0,JOHNSON RD,CONCORD,VT,05824,-71.817765,44.397187,50,009,950500,2
"48 WHITE BIRCH LN BRIGHTON, VT 05846 ",48,WHITE BIRCH LN,BRIGHTON,VT,05846,-71.858232,44.797605,50,009,950200,1
"1062 LANCASTER RD LUNENBURG, VT 05906 ",1062,LANCASTER RD,LUNENBURG,VT,05906,-71.627249,44.484567,50,009,950500,1
"3806 SHADOW LAKE RD CONCORD, VT 05824 ",3806,SHADOW LAKE RD,CONCORD,VT,05824,-71.864358,44.392354,50,009,950500,2
"148 SHADOW LAKE RD CONCORD, VT 05824 ",148,SHADOW LAKE RD,CONCORD,VT,05824,-71.888532,44.426966,50,009,950500,2
"93 CAMPERS LN CONCORD, VT 05824 ",93,CAMPERS LN,CONCORD,VT,05824,-71.796227,44.446043,50,009,950500,2
"3327 LOST NATION RD EAST HAVEN, VT 05837 ",3327,LOST NATION RD,EAST HAVEN,VT,05837,-71.841359,44.701717,50,009,950500,1
"79 BURTS LN CONCORD, VT 05824 ",79,BURTS LN,CONCORD,VT,05824,-71.80256,44.448835,50,009,950500,2
"179 COTTAGE DR BRIGHTON, VT 05846 ",179,COTTAGE DR,BRIGHTON,VT,05846,-71.873399,44.800821,50,009,950200,1
"3710 VT ROUTE 102 CANAAN, VT 05903 ",3710,VT ROUTE 102,CANAAN,VT,05903,-71.527058,44.958707,50,009,950100,2
"111 LAKE EAST 1 MAIDSTONE, VT 05905 ",111,LAKE EAST 1,MAIDSTONE,VT,05905,-71.639968,44.656425,50,009,950100,1
"171 HOBSON MILLS RD BRIGHTON, VT 05846 ",171,HOBSON MILLS RD,BRIGHTON,VT,05846,-71.804992,44.790065,50,009,950200,1
"3816 MAIDSTONE LAKE RD MAIDSTONE, VT 05905 ",3816,MAIDSTONE LAKE RD,MAIDSTONE,VT,05905,-71.647961,44.665294,50,009,950100,1
"732 N CONCORD RD CONCORD, VT 05858 ",732,N   CONCORD RD,CONCORD,VT,05858,-71.860427,44.4649,50,009,950500,2
"72 ALLEN RD MAIDSTONE, VT 05905 ",72,ALLEN RD,MAIDSTONE,VT,05905,-71.588845,44.59847,50,009,950100,1
"6623 VT ROUTE 102 CANAAN, VT 05903 ",6623,VT ROUTE 102,CANAAN,VT,05903,-71.540463,44.993628,50,009,950100,2
"0 E MAIN ST LUNENBURG, VT 05906 ",0,E   MAIN ST,LUNENBURG,VT,05906,-71.664788,44.464076,50,009,950500,3
"83 BAUMANN RD NORTON, VT 05907 ",83,BAUMANN RD,NORTON,VT,05907,-71.799073,45.008993,50,009,950100,1
"26 BLUE HERON LN CONCORD, VT 05824 ",26,BLUE HERON LN,CONCORD,VT,05824,-71.802814,44.446647,50,009,950500,2
"24 SUNSET DR BRIGHTON, VT 05846 ",24,SUNSET DR,BRIGHTON,VT,05846,-71.858696,44.800322,50,009,950200,1
"50 WHITE BIRCH LN BRIGHTON, VT 05846 ",50,WHITE BIRCH LN,BRIGHTON,VT,05846,-71.858439,44.797242,50,009,950200,1
"1029 LAKESHORE DR BRIGHTON, VT 05846 ",1029,LAKESHORE DR,BRIGHTON,VT,05846,-71.859073,44.798423,50,009,950200,1
"1583 E BRANCH RD BLOOMFIELD, VT 05905 ",1583,E   BRANCH RD,BLOOMFIELD,VT,05905,-71.665987,44.80045,50,009,950100,1
"644 RICHARD BLVD EAST HAVEN, VT 05837 ",644,RICHARD BLVD,EAST HAVEN,VT,05837,-71.876382,44.630549,50,009,950500,1
"669 LEONARD HILL RD CONCORD, VT 05824 ",669,LEONARD HILL RD,CONCORD,VT,05824,-71.767746,44.423509,50,009,950500,2
"0 POLLARD HL CANAAN, VT 05903 ",0,POLLARD HL,CANAAN,VT,05903,-71.597443,44.955836,50,009,950100,2
"28 ALDER ST BRIGHTON, VT 05846 ",28,ALDER ST,BRIGHTON,VT,05846,-71.881596,44.814125,50,009,950200,1
"345 W LUNENBURG RD LUNENBURG, VT 05906 ",345,W   LUNENBURG RD,LUNENBURG,VT,05906,-71.709694,44.463156,50,009,950500,3
"756 S LUNENBURG RD LUNENBURG, VT 05906 ",756,S  LUNENBURG RD,LUNENBURG,VT,05906,-71.673348,44.443863,50,009,950500,3
"2153 RIVER RD LUNENBURG, VT 05904 ",2153,RIVER RD,LUNENBURG,VT,05904,-71.695103,44.420657,50,009,950500,3
"0 POND HILL RD LUNENBURG, VT 05906 ",0,POND HILL RD,LUNENBURG,VT,05906,-71.69062,44.477279,50,009,950500,1
"7823 E BRANCH RD LEWIS, VT 05907 ",7823,E   BRANCH RD,LEWIS,VT,05907,-71.684744,44.871873,50,009,950100,1
"4327 EAST HAVEN RD BRIGHTON, VT 05846 ",4327,EAST HAVEN RD,BRIGHTON,VT,05846,-71.882762,44.742827,50,009,950200,1
"3091 SHADOW LAKE RD CONCORD, VT 05824 ",3091,SHADOW LAKE RD,CONCORD,VT,05824,-71.861994,44.401864,50,009,950500,2
"36 SPECTACLE POND RD BRIGHTON, VT 05846 ",36,SPECTACLE POND RD,BRIGHTON,VT,05846,-71.857132,44.800507,50,009,950200,1
"0 GAGNON RD NORTON, VT 05907 ",0,GAGNON RD,NORTON,VT,05907,-71.864682,44.986659,50,009,950100,1
"12 PRIVATE WEST 5 MAIDSTONE, VT 05905 ",12,PRIVATE WEST 5,MAIDSTONE,VT,05905,-71.652981,44.654854,50,009,950100,1
"0 PENN RD CANAAN, VT 05903 ",0,PENN RD,CANAAN,VT,05903,-71.601515,45.004088,50,009,950100,2
"5224 NORTH RD MAIDSTONE, VT 05905 ",5224,NORTH RD,MAIDSTONE,VT,05905,-71.612023,44.630067,50,009,950100,1
"294 MR B RD FERDINAND, VT 05846 ",294,MR B RD,FERDINAND,VT,05846,-71.722749,44.756273,50,009,950100,1
"1987 WESTSIDE LAKE RD MAIDSTONE, VT 05905 ",1987,WESTSIDE LAKE RD,MAIDSTONE,VT,05905,-71.657149,44.644176,50,009,950100,1
"138 OLD COUNTY RD CANAAN, VT 05903 ",138,OLD COUNTY RD,CANAAN,VT,05903,-71.58404,44.952744,50,009,950100,2
"65 RIVERSIDE AVE LUNENBURG, VT 05904 ",65,RIVERSIDE AVE,LUNENBURG,VT,05904,-71.722136,44.411937,50,009,950500,3
"93 W MCCONNELL POND RD BRIGHTON, VT 05846 ",93,W  MCCONNELL POND RD,BRIGHTON,VT,05846,-71.839629,44.79973,50,009,950200,1
"1064 STONE DAM RD BLOOMFIELD, VT 05905 ",1064,STONE DAM RD,BLOOMFIELD,VT,05905,-71.692743,44.783629,50,009,950100,1
"0 WESTSIDE LAKE RD MAIDSTONE, VT 05905 ",0,WESTSIDE LAKE RD,MAIDSTONE,VT,05905,-71.658909,44.642346,50,009,950100,1
"55 CREAMERY ST BRIGHTON, VT 05846 ",55,CREAMERY ST,BRIGHTON,VT,05846,-71.890089,44.815274,50,009,950200,1
"3477 VT ROUTE 105 BLOOMFIELD, VT 05905 ",3477,VT ROUTE 105,BLOOMFIELD,VT,05905,-71.675603,44.779235,50,009,950100,1
"409 CHRISTIAN HL CANAAN, VT 05903 ",409,CHRISTIAN HL,CANAAN,VT,05903,-71.532453,45.000133,50,009,950100,2
"339 HALL STREAM RD CANAAN, VT 05902 ",339,HALL STREAM RD,CANAAN,VT,05902,-71.500351,45.012113,50,009,950100,2
"1789 VT ROUTE 114 EAST HAVEN, VT 05837 ",1789,VT ROUTE 114,EAST HAVEN,VT,05837,-71.888981,44.66434,50,009,950500,1
"2550 WEST MOUNTAIN POND RD MAIDSTONE, VT 05905 ",2550,WEST MOUNTAIN POND RD,MAIDSTONE,VT,05905,-71.66411,44.665569,50,009,950100,1
"57 GOODNESS LN CONCORD, VT 05906 ",57,GOODNESS LN,CONCORD,VT,05906,-71.773009,44.458947,50,009,950500,2
"49 MASTERS RD MAIDSTONE, VT 05905 ",49,MASTERS RD,MAIDSTONE,VT,05905,-71.602156,44.655455,50,009,950100,1
"189 PROSPECT ST CONCORD, VT 05824 ",189,PROSPECT ST,CONCORD,VT,05824,-71.891523,44.425403,50,009,950500,2
"1247 VICTORY RD CONCORD, VT 05858 ",1247,VICTORY RD,CONCORD,VT,05858,-71.86679,44.484064,50,009,950500,2
"1653 VT ROUTE 102 GUILDHALL, VT 05905 ",1653,VT ROUTE 102,GUILDHALL,VT,05905,-71.595465,44.519366,50,009,950500,1
"5 LEWIS POND OVERLOOK LEWIS, VT 05907 ",5,LEWIS POND OVERLOOK,LEWIS,VT,05907,-71.770285,44.892638,50,009,950100,1
"7 LOOP RD EXT AVERILL, VT 05901 ",7,LOOP RD EXT,AVERILL,VT,05901,-71.691909,44.966941,50,009,950100,1
"25 VT ROUTE 105 BRIGHTON, VT 05846 ",25,VT ROUTE 105,BRIGHTON,VT,05846,-71.803262,44.786122,50,009,950200,1
"2394 MADISON BROOK RD FERDINAND, VT 05905 ",2394,MADISON BROOK RD,FERDINAND,VT,05905,-71.764848,44.684282,50,009,950100,1
"0 HIGH RIDGE RD CONCORD, VT 05824 ",0,HIGH RIDGE RD,CONCORD,VT,05824,-71.859997,44.384483,50,009,950500,2
"165 W MAIN ST LUNENBURG, VT 05906 ",165,W  MAIN ST,LUNENBURG,VT,05906,-71.688798,44.462403,50,009,950500,3
"465 POLLARD HL CANAAN, VT 05903 ",465,POLLARD HL,CANAAN,VT,05903,-71.603899,44.959688,50,009,950100,2
"587 GAUDETTE RD NORTON, VT 05907 ",587,GAUDETTE RD,NORTON,VT,05907,-71.749518,44.990581,50,009,950100,1
"411 MOUNTAIN ST BRIGHTON, VT 05846 ",411,MOUNTAIN ST,BRIGHTON,VT,05846,-71.879331,44.822513,50,009,950200,1
"716 EAST HAVEN RD BRIGHTON, VT 05846 ",716,EAST HAVEN RD,BRIGHTON,VT,05846,-71.91119,44.787704,50,009,950200,1
"0 DANCE HALL RD LUNENBURG, VT 05906 ",0,DANCE HALL RD,LUNENBURG,VT,05906,-71.767163,44.458133,50,009,950500,3
"0 GALE ST CANAAN, VT 05903 ",0,GALE ST,CANAAN,VT,05903,-71.535767,44.99648,50,009,950100,2
"173 BEACH DR CONCORD, VT 05858 ",173,BEACH DR,CONCORD,VT,05858,-71.801103,44.449766,50,009,950500,2
"255 PLEASANT ST BRIGHTON, VT 05846 ",255,PLEASANT ST,BRIGHTON,VT,05846,-71.881473,44.807676,50,009,950200,1
"1401 WEST MOUNTAIN POND RD MAIDSTONE, VT 05905 ",1401,WEST MOUNTAIN POND RD,MAIDSTONE,VT,05905,-71.66063,44.691461,50,009,950100,1
"822 OREGON RD CONCORD, VT 05906 ",822,OREGON RD,CONCORD,VT,05906,-71.770582,44.453556,50,009,950500,2
"0 NEWARK RD BRIGHTON, VT 05846 ",0,NEWARK RD,BRIGHTON,VT,05846,-71.930202,44.769043,50,009,950200,1
"0 HUDSON RD CANAAN, VT 05903 ",0,HUDSON RD,CANAAN,VT,05903,-71.551349,44.943087,50,009,950100,2
"765 OREGON RD CONCORD, VT 05906 ",765,OREGON RD,CONCORD,VT,05906,-71.769905,44.454839,50,009,950500,2
"1415 COLBY RD LUNENBURG, VT 05906 ",1415,COLBY RD,LUNENBURG,VT,05906,-71.675424,44.515841,50,009,950500,1
"151 FOREST ST BRIGHTON, VT 05846 ",151,FOREST ST,BRIGHTON,VT,05846,-71.883848,44.818776,50,009,950200,1
"6671 GRANBY RD GRANBY, VT 05858 ",6671,GRANBY RD,GRANBY,VT,05858,-71.717936,44.576961,50,009,950500,1
"0 BAPTIST HILL RD LUNENBURG, VT 05906 ",0,BAPTIST HILL RD,LUNENBURG,VT,05906,-71.714611,44.44704,50,009,950500,3
"317 VT ROUTE 102 BLOOMFIELD, VT 05905 ",317,VT ROUTE 102,BLOOMFIELD,VT,05905,-71.630722,44.753921,50,009,950100,1
"5877 VT ROUTE 114 CANAAN, VT 05903 ",5877,VT ROUTE 114,CANAAN,VT,05903,-71.655326,45.005538,50,009,950100,2
"484 BEEDE RD CONCORD, VT 05824 ",484,BEEDE RD,CONCORD,VT,05824,-71.86842,44.394173,50,009,950500,2
"521 LUND LN GRANBY, VT 05858 ",521,LUND LN,GRANBY,VT,05858,-71.778155,44.585333,50,009,950500,1
"0 CLAY BROOK RD CANAAN, VT 05903 ",0,CLAY BROOK RD,CANAAN,VT,05903,-71.597861,44.953642,50,009,950100,2
"1281 HALL RD MAIDSTONE, VT 05905 ",1281,HALL RD,MAIDSTONE,VT,05905,-71.609646,44.64756,50,009,950100,1
"525 LAKE VIEW RD NORTON, VT 05907 ",525,LAKE VIEW RD,NORTON,VT,05907,-71.710207,44.998137,50,009,950100,1
"137 RIVERSIDE AVE LUNENBURG, VT 05906 ",137,RIVERSIDE AVE,LUNENBURG,VT,05906,-71.725035,44.412208,50,009,950500,3
"0 HUDSON RD CANAAN, VT 05903 ",0,HUDSON RD,CANAAN,VT,05903,-71.566472,44.941579,50,009,950100,2
"827 MITCHELL RD CONCORD, VT 05824 ",827,MITCHELL RD,CONCORD,VT,05824,-71.849684,44.393649,50,009,950500,2
"841 RIVER RD CANAAN, VT 05902 ",841,RIVER RD,CANAAN,VT,05902,-71.492337,45.004493,50,009,950100,2
"115 POWER HOUSE RD CANAAN, VT 05903 ",115,POWER HOUSE RD,CANAAN,VT,05903,-71.533824,44.997255,50,009,950100,2
"3932 VICTORY RD VICTORY, VT 05858 ",3932,VICTORY RD,VICTORY,VT,05858,-71.791223,44.575811,50,009,950500,1
"0 LECLAIR RD CONCORD, VT 05824 ",0,LECLAIR RD,CONCORD,VT,05824,-71.840752,44.372405,50,009,950500,2
"761 RIVER RD LUNENBURG, VT 05906 ",761,RIVER RD,LUNENBURG,VT,05906,-71.660842,44.445377,50,009,950500,3
"437 MIDDLE ST BRIGHTON, VT 05846 ",437,MIDDLE ST,BRIGHTON,VT,05846,-71.887778,44.819497,50,009,950200,1
"14 OLD COUNTY RD CANAAN, VT 05903 ",14,OLD COUNTY RD,CANAAN,VT,05903,-71.587637,44.948178,50,009,950100,2
"7134 VT ROUTE 102 GUILDHALL, VT 05905 ",7134,VT ROUTE 102,GUILDHALL,VT,05905,-71.561976,44.564475,50,009,950500,1
"6 GOUDREAULT HILL RD CONCORD, VT 05824 ",6,GOUDREAULT HILL RD,CONCORD,VT,05824,-71.859535,44.432336,50,009,950500,2
"0 BOBBIN MILL RD LUNENBURG, VT 05906 ",0,BOBBIN MILL RD,LUNENBURG,VT,05906,-71.674606,44.479188,50,009,950500,1
"0 DENNIS POND RD BRUNSWICK, VT 05905 ",0,DENNIS POND RD,BRUNSWICK,VT,05905,-71.655769,44.731101,50,009,950100,1
"496 RIVER RD CANAAN, VT 05902 ",496,RIVER RD,CANAAN,VT,05902,-71.499015,45.005882,50,009,950100,2
"49 MIDDLE ST BRIGHTON, VT 05846 ",49,MIDDLE ST,BRIGHTON,VT,05846,-71.882143,44.816819,50,009,950200,1
"296 PLEASANT ST BRIGHTON, VT 05846 ",296,PLEASANT ST,BRIGHTON,VT,05846,-71.88171,44.807039,50,009,950200,1
"1216 COTTAGE RD AVERILL, VT 05901 ",1216,COTTAGE RD,AVERILL,VT,05901,-71.693864,44.985241,50,009,950100,1
"7153 VT ROUTE 102 LEMINGTON, VT 05905 ",7153,VT ROUTE 102,LEMINGTON,VT,05905,-71.505338,44.908623,50,009,950100,1
"1033 BOUDLE RD BLOOMFIELD, VT 05905 ",1033,BOUDLE RD,BLOOMFIELD,VT,05905,-71.669055,44.834127,50,009,950100,1
"61 MILL BROOK RD BLOOMFIELD, VT 05905 ",61,MILL BROOK RD,BLOOMFIELD,VT,05905,-71.599196,44.778686,50,009,950100,1
"124 PENDRIGH RD GUILDHALL, VT 05905 ",124,PENDRIGH RD,GUILDHALL,VT,05905,-71.598687,44.558263,50,009,950500,1
"211 GRANBY RD VICTORY, VT 05858 ",211,GRANBY RD,VICTORY,VT,05858,-71.781876,44.572058,50,009,950500,1
"352 GALE ST CANAAN, VT 05903 ",352,GALE ST,CANAAN,VT,05903,-71.541016,44.997938,50,009,950100,2
"340 MOUNTAIN ST BRIGHTON, VT 05846 ",340,MOUNTAIN ST,BRIGHTON,VT,05846,-71.879521,44.821142,50,009,950200,1
"25 JOHNNY CAKE AVE LUNENBURG, VT 05906 ",25,JOHNNY CAKE AVE,LUNENBURG,VT,05906,-71.686895,44.462144,50,009,950500,3
"324 SHORES HL GRANBY, VT 05858 ",324,SHORES HL,GRANBY,VT,05858,-71.748234,44.564982,50,009,950500,1
"46 MILL ST BRIGHTON, VT 05846 ",46,MILL ST,BRIGHTON,VT,05846,-71.880169,44.813869,50,009,950200,1
"0 VT ROUTE 114 CANAAN, VT 05903 ",0,VT ROUTE 114,CANAAN,VT,05903,-71.630594,45.007855,50,009,950100,2
"98 WOODLAND TRAIL RD BRIGHTON, VT 05846 ",98,WOODLAND TRAIL RD,BRIGHTON,VT,05846,-71.856362,44.799301,50,009,950200,1
"160 FORD RD MAIDSTONE, VT 05905 ",160,FORD RD,MAIDSTONE,VT,05905,-71.586928,44.609563,50,009,950100,1
"103 STODDARD RD LUNENBURG, VT 05906 ",103,STODDARD RD,LUNENBURG,VT,05906,-71.696861,44.48785,50,009,950500,1
"586 COTTAGE RD AVERILL, VT 05901 ",586,COTTAGE RD,AVERILL,VT,05901,-71.701737,44.992273,50,009,950100,1
"4732 VT ROUTE 102 BLOOMFIELD, VT 05905 ",4732,VT ROUTE 102,BLOOMFIELD,VT,05905,-71.573115,44.796391,50,009,950100,1
"44 CHARLESTON RD BRIGHTON, VT 05846 ",44,CHARLESTON RD,BRIGHTON,VT,05846,-71.89007,44.805042,50,009,950200,1
"431 SOUTH ST BRIGHTON, VT 05846 ",431,SOUTH ST,BRIGHTON,VT,05846,-71.885993,44.818135,50,009,950200,1
"421 SOUTH ST BRIGHTON, VT 05846 ",421,SOUTH ST,BRIGHTON,VT,05846,-71.88587,44.818217,50,009,950200,1
"0 SPUR RD BLOOMFIELD, VT 05905 ",0,SPUR RD,BLOOMFIELD,VT,05905,-71.576388,44.810492,50,009,950100,1
"49 COMMERCIAL AVE LUNENBURG, VT 05904 ",49,COMMERCIAL AVE,LUNENBURG,VT,05904,-71.716727,44.413409,50,009,950500,3
"0 VT ROUTE 105 BLOOMFIELD, VT 05905 ",0,VT ROUTE 105,BLOOMFIELD,VT,05905,-71.633225,44.754131,50,009,950100,1
"973 N CONCORD RD CONCORD, VT 05858 ",973,N   CONCORD RD,CONCORD,VT,05858,-71.859234,44.467526,50,009,950500,2
"2457 HURRICANE BROOK RD WARRENS GORE, VT 05907 ",2457,HURRICANE BROOK RD,WARRENS GORE,VT,05907,-71.898722,44.953553,50,009,950100,1
"3407 EAST HAVEN RD BRIGHTON, VT 05846 ",3407,EAST HAVEN RD,BRIGHTON,VT,05846,-71.888326,44.754255,50,009,950200,1
"111 SUNRISE ACRES LUNENBURG, VT 05906 ",111,SUNRISE ACRES,LUNENBURG,VT,05906,-71.659695,44.460859,50,009,950500,3
"92 SOUTH ST CONCORD, VT 05824 ",92,SOUTH ST,CONCORD,VT,05824,-71.885545,44.426732,50,009,950500,2
"94 SUNRISE PT BRIGHTON, VT 05846 ",94,SUNRISE PT,BRIGHTON,VT,05846,-71.870265,44.795045,50,009,950200,1
"425 LAKE ST BRIGHTON, VT 05846 ",425,LAKE ST,BRIGHTON,VT,05846,-71.863306,44.812402,50,009,950200,1
"29 WENTWORTH RD LUNENBURG, VT 05906 ",29,WENTWORTH RD,LUNENBURG,VT,05906,-71.706738,44.452866,50,009,950500,3
"32 MAIN ST BRIGHTON, VT 05846 ",32,MAIN ST,BRIGHTON,VT,05846,-71.880392,44.814928,50,009,950200,1
"0 E MAIN ST LUNENBURG, VT 05906 ",0,E   MAIN ST,LUNENBURG,VT,05906,-71.674477,44.463037,50,009,950500,3
"23 W MAIN ST LUNENBURG, VT 05906 ",23,W  MAIN ST,LUNENBURG,VT,05906,-71.683292,44.462964,50,009,950500,3
"0 BEACH RD MAIDSTONE, VT 05905 ",0,BEACH RD,MAIDSTONE,VT,05905,-71.640398,44.654496,50,009,950100,1
"0 JACKSON LODGE VLG CANAAN, VT 05903 ",0,JACKSON LODGE VLG,CANAAN,VT,05903,-71.611739,45.01204,50,009,950100,2
"370 LOOP RD AVERILL, VT 05901 ",370,LOOP RD,AVERILL,VT,05901,-71.693785,44.966627,50,009,950100,1
"3363 VT ROUTE 102 MAIDSTONE, VT 05905 ",3363,VT ROUTE 102,MAIDSTONE,VT,05905,-71.562527,44.609771,50,009,950100,1
"208 DALE AVE BRIGHTON, VT 05846 ",208,DALE AVE,BRIGHTON,VT,05846,-71.880285,44.807927,50,009,950200,1
"1845 W LUNENBURG RD LUNENBURG, VT 05906 ",1845,W   LUNENBURG RD,LUNENBURG,VT,05906,-71.76404,44.465399,50,009,950500,3
"892 BAPTIST HILL RD LUNENBURG, VT 05906 ",892,BAPTIST HILL RD,LUNENBURG,VT,05906,-71.721828,44.444186,50,009,950500,3
"73 KIMBALL RD LUNENBURG, VT 05906 ",73,KIMBALL RD,LUNENBURG,VT,05906,-71.695351,44.463438,50,009,950500,1
"88 RIVERSIDE AVE LUNENBURG, VT 05906 ",88,RIVERSIDE AVE,LUNENBURG,VT,05906,-71.723056,44.412326,50,009,950500,3
"1048 COTTAGE RD AVERILL, VT 05901 ",1048,COTTAGE RD,AVERILL,VT,05901,-71.6952,44.986519,50,009,950100,1
"92 MAILLETT RD LUNENBURG, VT 05906 ",92,MAILLETT RD,LUNENBURG,VT,05906,-71.691579,44.460526,50,009,950500,3
"956 COLBY RD LUNENBURG, VT 05906 ",956,COLBY RD,LUNENBURG,VT,05906,-71.674595,44.503778,50,009,950500,1
"179 COMMERCIAL AVE LUNENBURG, VT 05904 ",179,COMMERCIAL AVE,LUNENBURG,VT,05904,-71.721793,44.41314,50,009,950500,3
"4415 VT ROUTE 114 CANAAN, VT 05903 ",4415,VT ROUTE 114,CANAAN,VT,05903,-71.626376,45.009991,50,009,950100,2
"4472 MAIDSTONE LAKE RD MAIDSTONE, VT 05905 ",4472,MAIDSTONE LAKE RD,MAIDSTONE,VT,05905,-71.639334,44.658371,50,009,950100,1
"0 E BRIGHTON RD BRIGHTON, VT 05846 ",0,E  BRIGHTON RD,BRIGHTON,VT,05846,-71.805155,44.786182,50,009,950200,1
"941 WOODWARD RD CONCORD, VT 05824 ",941,WOODWARD RD,CONCORD,VT,05824,-71.892785,44.443162,50,009,950500,2
"822 COTTAGE RD AVERILL, VT 05901 ",822,COTTAGE RD,AVERILL,VT,05901,-71.698771,44.989656,50,009,950100,1
"273 JACKSON RD AVERILL, VT 05901 ",273,JACKSON RD,AVERILL,VT,05901,-71.714623,44.985267,50,009,950100,1
"932 BAPTIST HILL RD LUNENBURG, VT 05906 ",932,BAPTIST HILL RD,LUNENBURG,VT,05906,-71.722294,44.442717,50,009,950500,3
"1339 LANCASTER RD LUNENBURG, VT 05906 ",1339,LANCASTER RD,LUNENBURG,VT,05906,-71.618308,44.486399,50,009,950500,1
"1825 EAST HAVEN RD BRIGHTON, VT 05846 ",1825,EAST HAVEN RD,BRIGHTON,VT,05846,-71.903637,44.774524,50,009,950200,1
"0 NOTCH POND RD BRUNSWICK, VT 05905 ",0,NOTCH POND RD,BRUNSWICK,VT,05905,-71.714514,44.760206,50,009,950100,1
"118 HALL STREAM RD CANAAN, VT 05902 ",118,HALL STREAM RD,CANAAN,VT,05902,-71.501038,45.008938,50,009,950100,2
"0 MAIDSTONE LAKE RD MAIDSTONE, VT 05905 ",0,MAIDSTONE LAKE RD,MAIDSTONE,VT,05905,-71.646399,44.66354,50,009,950100,1
"289 SUNRISE RD WARRENS GORE, VT 05907 ",289,SUNRISE RD,WARRENS GORE,VT,05907,-71.879081,44.922719,50,009,950100,1
"455 GRAHAM RD BRUNSWICK, VT 05905 ",455,GRAHAM RD,BRUNSWICK,VT,05905,-71.638551,44.751852,50,009,950100,1
"2867 OREGON RD LUNENBURG, VT 05906 ",2867,OREGON RD,LUNENBURG,VT,05906,-71.75125,44.427753,50,009,950500,3
"100 COOK ST CANAAN, VT 05903 ",100,COOK ST,CANAAN,VT,05903,-71.549134,45.000562,50,009,950100,2
"0 GALE ST CANAAN, VT 05903 ",0,GALE ST,CANAAN,VT,05903,-71.535533,44.996516,50,009,950100,2
"59 BAUMANN RD NORTON, VT 05907 ",59,BAUMANN RD,NORTON,VT,05907,-71.798585,45.008974,50,009,950100,1
"1935 RIVER RD CANAAN, VT 05902 ",1935,RIVER RD,CANAAN,VT,05902,-71.474703,45.011432,50,009,950100,2
"2610 BOUDLE RD BLOOMFIELD, VT 05905 ",2610,BOUDLE RD,BLOOMFIELD,VT,05905,-71.646662,44.850715,50,009,950100,1
"1214 BAPTIST HILL RD LUNENBURG, VT 05906 ",1214,BAPTIST HILL RD,LUNENBURG,VT,05906,-71.724881,44.436549,50,009,950500,3
"118 GRAY RD CANAAN, VT 05903 ",118,GRAY RD,CANAAN,VT,05903,-71.58916,44.95922,50,009,950100,2
"0 E MAIN ST LUNENBURG, VT 05906 ",0,E   MAIN ST,LUNENBURG,VT,05906,-71.67475,44.463806,50,009,950500,1
"0 SFH MAIDSTONE, VT 05905 ",0,SFH,MAIDSTONE,VT,05905,-71.644385,44.636615,50,009,950100,1
"98 MATTINGLY LN CONCORD, VT 05824 ",98,MATTINGLY LN,CONCORD,VT,05824,-71.82228,44.450869,50,009,950500,2
"197 WALKER RD FERDINAND, VT 05846 ",197,WALKER RD,FERDINAND,VT,05846,-71.806146,44.781061,50,009,950100,1
"1445 MAILLETT RD LUNENBURG, VT 05906 ",1445,MAILLETT RD,LUNENBURG,VT,05906,-71.679888,44.429431,50,009,950500,3
"301 SPENCER HILL RD BLOOMFIELD, VT 05905 ",301,SPENCER HILL RD,BLOOMFIELD,VT,05905,-71.6325,44.757888,50,009,950100,1
"3254 LOST NATION RD EAST HAVEN, VT 05837 ",3254,LOST NATION RD,EAST HAVEN,VT,05837,-71.837627,44.700012,50,009,950500,1
"2779 LEONARD HILL RD CONCORD, VT 05824 ",2779,LEONARD HILL RD,CONCORD,VT,05824,-71.807205,44.421006,50,009,950500,2
"44 SCHOOL ST CONCORD, VT 05824 ",44,SCHOOL ST,CONCORD,VT,05824,-71.889191,44.427178,50,009,950500,2
"1389 BOBBIN MILL RD LUNENBURG, VT 05906 ",1389,BOBBIN MILL RD,LUNENBURG,VT,05906,-71.663873,44.497431,50,009,950500,1
"113 MARSH RD NORTON, VT 05907 ",113,MARSH RD,NORTON,VT,05907,-71.791434,45.010614,50,009,950100,1
"185 HENSHAW RD LEWIS, VT 05907 ",185,HENSHAW RD,LEWIS,VT,05907,-71.819233,44.851355,50,009,950100,1
"5 MIDDLE ST BRIGHTON, VT 05846 ",5,MIDDLE ST,BRIGHTON,VT,05846,-71.88134,44.816717,50,009,950200,1
"1750 BAPTIST HILL RD LUNENBURG, VT 05906 ",1750,BAPTIST HILL RD,LUNENBURG,VT,05906,-71.718633,44.422495,50,009,950500,3
"1114 CAMPERS LN CONCORD, VT 05824 ",1114,CAMPERS LN,CONCORD,VT,05824,-71.814829,44.443349,50,009,950500,2
"141 GALE ST CANAAN, VT 05903 ",141,GALE ST,CANAAN,VT,05903,-71.537578,44.995993,50,009,950100,2
"35 RIVERSIDE AVE LUNENBURG, VT 05904 ",35,RIVERSIDE AVE,LUNENBURG,VT,05904,-71.721588,44.41179,50,009,950500,3
"78 SUNRISE ACRES LUNENBURG, VT 05906 ",78,SUNRISE ACRES,LUNENBURG,VT,05906,-71.66046,44.462564,50,009,950500,3
"2870 VICTORY HL VICTORY, VT 05858 ",2870,VICTORY HL,VICTORY,VT,05858,-71.855554,44.547487,50,009,950500,1
"177 HALL STREAM RD CANAAN, VT 05902 ",177,HALL STREAM RD,CANAAN,VT,05902,-71.500815,45.009828,50,009,950100,2
"8200 GRANBY RD GRANBY, VT 05858 ",8200,GRANBY RD,GRANBY,VT,05858,-71.745676,44.571644,50,009,950500,1
"1166 PLEASANT ST BRIGHTON, VT 05846 ",1166,PLEASANT ST,BRIGHTON,VT,05846,-71.872686,44.795936,50,009,950200,1
"465 DANA MOORE RD AVERILL, VT 05901 ",465,DANA MOORE RD,AVERILL,VT,05901,-71.722826,44.950944,50,009,950100,1
"1697 CANAAN HILL RD AVERILL, VT 05901 ",1697,CANAAN HILL RD,AVERILL,VT,05901,-71.651282,44.978088,50,009,950100,1
"1096 COTTAGE RD AVERILL, VT 05901 ",1096,COTTAGE RD,AVERILL,VT,05901,-71.694608,44.985965,50,009,950100,1
"18 DERBY ST BRIGHTON, VT 05846 ",18,DERBY ST,BRIGHTON,VT,05846,-71.881618,44.812724,50,009,950200,1
"1012 E BRIGHTON RD BRIGHTON, VT 05846 ",1012,E  BRIGHTON RD,BRIGHTON,VT,05846,-71.865077,44.814273,50,009,950200,1
"119 GRAY RD CANAAN, VT 05903 ",119,GRAY RD,CANAAN,VT,05903,-71.587414,44.960922,50,009,950100,2
"223 TOBYNE RD LUNENBURG, VT 05906 ",223,TOBYNE RD,LUNENBURG,VT,05906,-71.742579,44.46867,50,009,950500,1
"34 VICTORY RD CONCORD, VT 05858 ",34,VICTORY RD,CONCORD,VT,05858,-71.856641,44.469654,50,009,950500,2
"2457 GORE RD AVERYS GORE, VT 05907 ",2457,GORE RD,AVERYS GORE,VT,05907,-71.816544,44.875777,50,009,950100,1
"0 SFH MAIDSTONE, VT 05905 ",0,SFH,MAIDSTONE,VT,05905,-71.657412,44.635854,50,009,950100,1
"769 NEWARK RD BRIGHTON, VT 05846 ",769,NEWARK RD,BRIGHTON,VT,05846,-71.9208,44.779771,50,009,950200,1
"0 TEMPLE BARWAY RD LUNENBURG, VT 05906 ",0,TEMPLE BARWAY RD,LUNENBURG,VT,05906,-71.724943,44.508941,50,009,950500,1
"150 CEDARWOOD DR BRIGHTON, VT 05846 ",150,CEDARWOOD DR,BRIGHTON,VT,05846,-71.895158,44.798448,50,009,950200,1
"0 VICTORY RD VICTORY, VT 05858 ",0,VICTORY RD,VICTORY,VT,05858,-71.834273,44.595281,50,009,950500,1
"1197 VT ROUTE 114 S NORTON, VT 05907 ",1197,VT ROUTE 114   S,NORTON,VT,05907,-71.803842,44.992712,50,009,950100,1
"2211 WESTSIDE LAKE RD MAIDSTONE, VT 05905 ",2211,WESTSIDE LAKE RD,MAIDSTONE,VT,05905,-71.659782,44.641545,50,009,950100,1
"55 COMMUNITY BUILDING RD EAST HAVEN, VT 05837 ",55,COMMUNITY BUILDING RD,EAST HAVEN,VT,05837,-71.891262,44.640226,50,009,950500,1
"0 WESTSIDE LAKE RD MAIDSTONE, VT 05905 ",0,WESTSIDE LAKE RD,MAIDSTONE,VT,05905,-71.652876,44.647465,50,009,950100,1
"454 RAILROAD ST BRIGHTON, VT 05846 ",454,RAILROAD ST,BRIGHTON,VT,05846,-71.887778,44.818842,50,009,950200,1
"66 SCHOOL ST CANAAN, VT 05903 ",66,SCHOOL ST,CANAAN,VT,05903,-71.537747,44.994811,50,009,950100,2
"39 GLENSIDE LN CONCORD, VT 05858 ",39,GLENSIDE LN,CONCORD,VT,05858,-71.860674,44.469728,50,009,950500,2
"1545 W LUNENBURG RD LUNENBURG, VT 05906 ",1545,W  LUNENBURG RD,LUNENBURG,VT,05906,-71.756247,44.468659,50,009,950500,3
"0 LANCASTER RD LUNENBURG, VT 05906 ",0,LANCASTER RD,LUNENBURG,VT,05906,-71.648864,44.472461,50,009,950500,1
"58 JEFFERSON AVE LUNENBURG, VT 05904 ",58,JEFFERSON AVE,LUNENBURG,VT,05904,-71.721212,44.414296,50,009,950500,3
"0 LAKE RD LUNENBURG, VT 05906 ",0,LAKE RD,LUNENBURG,VT,05906,-71.689176,44.49223,50,009,950500,1
"167 RIVER RD LUNENBURG, VT 05906 ",167,RIVER RD,LUNENBURG,VT,05906,-71.652912,44.462011,50,009,950500,3
"4960 VT ROUTE 102 MAIDSTONE, VT 05905 ",4960,VT ROUTE 102,MAIDSTONE,VT,05905,-71.558464,44.63082,50,009,950100,1
"2520 BEAR HILL RD MAIDSTONE, VT 05905 ",2520,BEAR HILL RD,MAIDSTONE,VT,05905,-71.580784,44.623389,50,009,950100,1
"3940 MAIDSTONE LAKE RD MAIDSTONE, VT 05905 ",3940,MAIDSTONE LAKE RD,MAIDSTONE,VT,05905,-71.646509,44.663587,50,009,950100,1
"1845 POND HILL RD LUNENBURG, VT 05906 ",1845,POND HILL RD,LUNENBURG,VT,05906,-71.719489,44.510137,50,009,950500,1
"3207 OREGON RD CONCORD, VT 05906 ",3207,OREGON RD,CONCORD,VT,05906,-71.752053,44.424168,50,009,950500,2
"12 VT ROUTE 114 E NORTON, VT 05907 ",12,VT ROUTE 114   E,NORTON,VT,05907,-71.795113,45.008944,50,009,950100,1
"576 FELKER RD GRANBY, VT 05858 ",576,FELKER RD,GRANBY,VT,05858,-71.739816,44.565877,50,009,950500,1
"350 TOBYNE RD LUNENBURG, VT 05906 ",350,TOBYNE RD,LUNENBURG,VT,05906,-71.745761,44.472225,50,009,950500,1
"66 FAIRCHILD DR BRIGHTON, VT 05846 ",66,FAIRCHILD DR,BRIGHTON,VT,05846,-71.837757,44.797783,50,009,950200,1
"190 MILL RD LEMINGTON, VT 05903 ",190,MILL RD,LEMINGTON,VT,05903,-71.562099,44.867808,50,009,950100,1
"42 ALLEN RD MAIDSTONE, VT 05905 ",42,ALLEN RD,MAIDSTONE,VT,05905,-71.589492,44.597588,50,009,950100,1
"0 RUSSELL FARM RD LUNENBURG, VT 05906 ",0,RUSSELL FARM RD,LUNENBURG,VT,05906,-71.732468,44.442163,50,009,950500,3
"0 VT ROUTE 102 CANAAN, VT 05903 ",0,VT ROUTE 102,CANAAN,VT,05903,-71.543687,44.981406,50,009,950100,2
"0 OREGON RD CONCORD, VT 05906 ",0,OREGON RD,CONCORD,VT,05906,-71.762693,44.442325,50,009,950500,2
"76 RIPPLE CV BRIGHTON, VT 05846 ",76,RIPPLE CV,BRIGHTON,VT,05846,-71.867193,44.793258,50,009,950200,1
"30 DANCE HALL RD LUNENBURG, VT 05906 ",30,DANCE HALL RD,LUNENBURG,VT,05906,-71.758366,44.467653,50,009,950500,3
"4534 MAIDSTONE LAKE RD MAIDSTONE, VT 05905 ",4534,MAIDSTONE LAKE RD,MAIDSTONE,VT,05905,-71.639379,44.657003,50,009,950100,1
"30 HOLMES ST CANAAN, VT 05903 ",30,HOLMES ST,CANAAN,VT,05903,-71.532211,45.000449,50,009,950100,2
"87 VT ROUTE 114 CANAAN, VT 05903 ",87,VT ROUTE 114,CANAAN,VT,05903,-71.546032,45.000639,50,009,950100,2
"825 VICTORY RD CONCORD, VT 05858 ",825,VICTORY RD,CONCORD,VT,05858,-71.864358,44.478563,50,009,950500,2
"242 GLENSIDE LN CONCORD, VT 05858 ",242,GLENSIDE LN,CONCORD,VT,05858,-71.859933,44.469862,50,009,950500,2
"628 MASTEN RD VICTORY, VT 05858 ",628,MASTEN RD,VICTORY,VT,05858,-71.862779,44.528043,50,009,950500,1
"1774 BOBBIN MILL RD LUNENBURG, VT 05906 ",1774,BOBBIN MILL RD,LUNENBURG,VT,05906,-71.656384,44.492056,50,009,950500,1
"0 FULLER RD BLOOMFIELD, VT 05905 ",0,FULLER RD,BLOOMFIELD,VT,05905,-71.592653,44.803933,50,009,950100,1
"0 W LUNENBURG RD LUNENBURG, VT 05906 ",0,W   LUNENBURG RD,LUNENBURG,VT,05906,-71.709215,44.463227,50,009,950500,3
"0 KIMBALL RD LUNENBURG, VT 05906 ",0,KIMBALL RD,LUNENBURG,VT,05906,-71.706022,44.478102,50,009,950500,1
"599 E MAIN ST CONCORD, VT 05824 ",599,E   MAIN ST,CONCORD,VT,05824,-71.875074,44.449685,50,009,950500,2
"291 LLOYD POTTER RD LEWIS, VT 05907 ",291,LLOYD POTTER RD,LEWIS,VT,05907,-71.777846,44.883207,50,009,950100,1
"32 HILLSIDE TER BRIGHTON, VT 05846 ",32,HILLSIDE TER,BRIGHTON,VT,05846,-71.879038,44.819253,50,009,950200,1
"0 SFH MAIDSTONE, VT 05905 ",0,SFH,MAIDSTONE,VT,05905,-71.655874,44.635314,50,009,950100,1
"590 CAMPERS LN CONCORD, VT 05824 ",590,CAMPERS LN,CONCORD,VT,05824,-71.805691,44.445201,50,009,950500,2
"183 JACKSON LODGE VLG CANAAN, VT 05903 ",183,JACKSON LODGE VLG,CANAAN,VT,05903,-71.613059,45.012007,50,009,950100,2
"0 EZ CAMP RD LUNENBURG, VT 05906 ",0,EZ CAMP RD,LUNENBURG,VT,05906,-71.761224,44.471,50,009,950500,1
"1881 VT ROUTE 114 EAST HAVEN, VT 05837 ",1881,VT ROUTE 114,EAST HAVEN,VT,05837,-71.888061,44.665646,50,009,950500,1
"16 COMMERCIAL AVE LUNENBURG, VT 05904 ",16,COMMERCIAL AVE,LUNENBURG,VT,05904,-71.715417,44.414209,50,009,950500,3
"0 KEMP HILL RD CANAAN, VT 05903 ",0,KEMP HILL RD,CANAAN,VT,05903,-71.553333,44.967366,50,009,950100,2
"2575 RIVER RD LUNENBURG, VT 05904 ",2575,RIVER RD,LUNENBURG,VT,05904,-71.708571,44.414592,50,009,950500,3
"754 COTTAGE RD AVERILL, VT 05901 ",754,COTTAGE RD,AVERILL,VT,05901,-71.699395,44.99011,50,009,950100,1
"161 ETHAN ALLEN DR CANAAN, VT 05903 ",161,ETHAN ALLEN DR,CANAAN,VT,05903,-71.539417,44.999853,50,009,950100,2
"943 LAKE STATION RD NORTON, VT 05907 ",943,LAKE STATION RD,NORTON,VT,05907,-71.853891,44.953021,50,009,950100,1
"69 PRIVATE WEST 8 MAIDSTONE, VT 05905 ",69,PRIVATE WEST 8,MAIDSTONE,VT,05905,-71.656659,44.645899,50,009,950100,1
"56 MOUNT VIEW LN CONCORD, VT 05824 ",56,MOUNT VIEW LN,CONCORD,VT,05824,-71.874902,44.403173,50,009,950500,2
"149 DEVOST LN NORTON, VT 05907 ",149,DEVOST LN,NORTON,VT,05907,-71.849586,44.948962,50,009,950100,1
"4248 MAIDSTONE LAKE RD MAIDSTONE, VT 05905 ",4248,MAIDSTONE LAKE RD,MAIDSTONE,VT,05905,-71.641917,44.66078,50,009,950100,1
"1301 PLEASANT ST BRIGHTON, VT 05846 ",1301,PLEASANT ST,BRIGHTON,VT,05846,-71.870917,44.794869,50,009,950200,1
"97 MAILLETT RD LUNENBURG, VT 05906 ",97,MAILLETT RD,LUNENBURG,VT,05906,-71.691438,44.459645,50,009,950500,3
"1885 EAST HAVEN RD BRIGHTON, VT 05846 ",1885,EAST HAVEN RD,BRIGHTON,VT,05846,-71.904109,44.773169,50,009,950200,1
"101 STODDARD RD LUNENBURG, VT 05906 ",101,STODDARD RD,LUNENBURG,VT,05906,-71.696842,44.487516,50,009,950500,1
"279 MITCHELL RD CONCORD, VT 05824 ",279,MITCHELL RD,CONCORD,VT,05824,-71.856914,44.400616,50,009,950500,2
"1685 HEAD OF THE POND RD BRIGHTON, VT 05846 ",1685,HEAD OF THE POND RD,BRIGHTON,VT,05846,-71.847317,44.773958,50,009,950200,1
"892 HEAD OF THE POND RD BRIGHTON, VT 05846 ",892,HEAD OF THE POND RD,BRIGHTON,VT,05846,-71.860615,44.780337,50,009,950200,1
"0 S LUNENBURG RD LUNENBURG, VT 05906 ",0,S  LUNENBURG RD,LUNENBURG,VT,05906,-71.67418,44.444789,50,009,950500,3
"221 BROWN RD BLOOMFIELD, VT 05905 ",221,BROWN RD,BLOOMFIELD,VT,05905,-71.603693,44.807749,50,009,950100,1
"6188 TIN SHACK RD LEWIS, VT 05907 ",6188,TIN SHACK RD,LEWIS,VT,05907,-71.731665,44.900304,50,009,950100,1
"0 KEMP HILL RD CANAAN, VT 05903 ",0,KEMP HILL RD,CANAAN,VT,05903,-71.548957,44.978119,50,009,950100,2
"5480 MAIDSTONE LAKE RD MAIDSTONE, VT 05905 ",5480,MAIDSTONE LAKE RD,MAIDSTONE,VT,05905,-71.641518,44.64424,50,009,950100,1
"55 BACK ST BRIGHTON, VT 05846 ",55,BACK ST,BRIGHTON,VT,05846,-71.876008,44.817632,50,009,950200,1
"1067 WESTSIDE LAKE RD MAIDSTONE, VT 05905 ",1067,WESTSIDE LAKE RD,MAIDSTONE,VT,05905,-71.652602,44.653441,50,009,950100,1
"177 VT ROUTE 114 S NORTON, VT 05907 ",177,VT ROUTE 114   S,NORTON,VT,05907,-71.797127,45.00669,50,009,950100,1
"1031 LADD RD CONCORD, VT 05858 ",1031,LADD RD,CONCORD,VT,05858,-71.849837,44.461316,50,009,950500,2
"368 WALKER RD FERDINAND, VT 05846 ",368,WALKER RD,FERDINAND,VT,05846,-71.800759,44.77659,50,009,950100,1
"2676 EAST HAVEN RD BRIGHTON, VT 05846 ",2676,EAST HAVEN RD,BRIGHTON,VT,05846,-71.898469,44.763326,50,009,950200,1
"209 SORRELL FARM RD CONCORD, VT 05858 ",209,SORRELL FARM RD,CONCORD,VT,05858,-71.85917,44.475168,50,009,950500,2
"4884 VT ROUTE 105 BRUNSWICK, VT 05905 ",4884,VT ROUTE 105,BRUNSWICK,VT,05905,-71.700501,44.774068,50,009,950100,1
"0 COLBY RD LUNENBURG, VT 05906 ",0,COLBY RD,LUNENBURG,VT,05906,-71.673615,44.517796,50,009,950500,1
"54 WOODLAND TRAIL RD BRIGHTON, VT 05846 ",54,WOODLAND TRAIL RD,BRIGHTON,VT,05846,-71.856378,44.799945,50,009,950200,1
"166 W MAIN ST LUNENBURG, VT 05906 ",166,W  MAIN ST,LUNENBURG,VT,05906,-71.688777,44.462798,50,009,950500,1
"311 S LUNENBURG RD LUNENBURG, VT 05906 ",311,S  LUNENBURG RD,LUNENBURG,VT,05906,-71.679025,44.455027,50,009,950500,3
"6311 VT ROUTE 102 LEMINGTON, VT 05905 ",6311,VT ROUTE 102,LEMINGTON,VT,05905,-71.508529,44.899325,50,009,950100,1
"2107 WESTSIDE LAKE RD MAIDSTONE, VT 05905 ",2107,WESTSIDE LAKE RD,MAIDSTONE,VT,05905,-71.658345,44.642707,50,009,950100,1
"15 SIMONDS RD LUNENBURG, VT 05906 ",15,SIMONDS RD,LUNENBURG,VT,05906,-71.659243,44.499648,50,009,950500,1
"0 CANAAN HILL RD CANAAN, VT 05903 ",0,CANAAN HILL RD,CANAAN,VT,05903,-71.595058,44.97451,50,009,950100,2
"438 EAST HAVEN RD BRIGHTON, VT 05846 ",438,EAST HAVEN RD,BRIGHTON,VT,05846,-71.909516,44.791536,50,009,950200,1
"0 MAIDSTONE LAKE RD MAIDSTONE, VT 05905 ",0,MAIDSTONE LAKE RD,MAIDSTONE,VT,05905,-71.642291,44.639638,50,009,950100,1
"757 HATCHERY BROOK RD AVERILL, VT 05901 ",757,HATCHERY BROOK RD,AVERILL,VT,05901,-71.692225,44.964407,50,009,950100,1
"1452 NOTCH POND RD FERDINAND, VT 05905 ",1452,NOTCH POND RD,FERDINAND,VT,05905,-71.714936,44.724947,50,009,950100,1
"320 BLUEBERRY LN BRIGHTON, VT 05846 ",320,BLUEBERRY LN,BRIGHTON,VT,05846,-71.870707,44.796062,50,009,950200,1
"2435 STONE DAM RD BLOOMFIELD, VT 05905 ",2435,STONE DAM RD,BLOOMFIELD,VT,05905,-71.701567,44.800138,50,009,950100,1
"0 VT ROUTE 114 CANAAN, VT 05903 ",0,VT ROUTE 114,CANAAN,VT,05903,-71.632063,45.009249,50,009,950100,2
"3231 VT ROUTE 102 LEMINGTON, VT 05905 ",3231,VT ROUTE 102,LEMINGTON,VT,05905,-71.545108,44.866908,50,009,950100,1
"160 GLENSIDE LN CONCORD, VT 05858 ",160,GLENSIDE LN,CONCORD,VT,05858,-71.859955,44.468624,50,009,950500,2
"232 FISHING VILLAGE RD BRIGHTON, VT 05846 ",232,FISHING VILLAGE RD,BRIGHTON,VT,05846,-71.856371,44.802964,50,009,950200,1
"331 E BRIGHTON RD BRIGHTON, VT 05846 ",331,E  BRIGHTON RD,BRIGHTON,VT,05846,-71.876433,44.818339,50,009,950200,1
"295 BAPTIST HILL RD LUNENBURG, VT 05906 ",295,BAPTIST HILL RD,LUNENBURG,VT,05906,-71.703222,44.454998,50,009,950500,3
"438 TUG MOUNTAIN RD LUNENBURG, VT 05906 ",438,TUG MOUNTAIN RD,LUNENBURG,VT,05906,-71.726254,44.522456,50,009,950500,1
"0 VT ROUTE 114 CANAAN, VT 05903 ",0,VT ROUTE 114,CANAAN,VT,05903,-71.557842,45.005719,50,009,950100,2
"0 COVEY RD LUNENBURG, VT 05906 ",0,COVEY RD,LUNENBURG,VT,05906,-71.688964,44.463119,50,009,950500,1
"721 LAKESHORE DR BRIGHTON, VT 05846 ",721,LAKESHORE DR,BRIGHTON,VT,05846,-71.856881,44.794885,50,009,950200,1
"1478 COLBY RD LUNENBURG, VT 05906 ",1478,COLBY RD,LUNENBURG,VT,05906,-71.673879,44.517758,50,009,950500,1
"44 SUNSET DR BRIGHTON, VT 05846 ",44,SUNSET DR,BRIGHTON,VT,05846,-71.858921,44.800172,50,009,950200,1
"589 WALTERS FARM RD EAST HAVEN, VT 05837 ",589,WALTERS FARM RD,EAST HAVEN,VT,05837,-71.901757,44.650171,50,009,950500,1
"4270 VICTORY RD VICTORY, VT 05858 ",4270,VICTORY RD,VICTORY,VT,05858,-71.785756,44.574082,50,009,950500,1
"681 DANA MOORE RD AVERILL, VT 05901 ",681,DANA MOORE RD,AVERILL,VT,05901,-71.718993,44.948987,50,009,950100,1
"0 KINGSLEY RD CANAAN, VT 05903 ",0,KINGSLEY RD,CANAAN,VT,05903,-71.534682,44.997244,50,009,950100,2
"373 DERBY ST BRIGHTON, VT 05846 ",373,DERBY ST,BRIGHTON,VT,05846,-71.885631,44.808885,50,009,950200,1
"383 VT ROUTE 114 S NORTON, VT 05907 ",383,VT ROUTE 114   S,NORTON,VT,05907,-71.799011,45.004168,50,009,950100,1
"0 BOBBIN MILL RD LUNENBURG, VT 05906 ",0,BOBBIN MILL RD,LUNENBURG,VT,05906,-71.676001,44.473802,50,009,950500,1
"0 VT ROUTE 114 CANAAN, VT 05903 ",0,VT ROUTE 114,CANAAN,VT,05903,-71.598801,45.010789,50,009,950100,2
"0 RIVER RD CANAAN, VT 05902 ",0,RIVER RD,CANAAN,VT,05902,-71.486268,45.004777,50,009,950100,2
"76 MIDDLE ST BRIGHTON, VT 05846 ",76,MIDDLE ST,BRIGHTON,VT,05846,-71.882377,44.817279,50,009,950200,1
"868 PLEASANT ST BRIGHTON, VT 05846 ",868,PLEASANT ST,BRIGHTON,VT,05846,-71.875613,44.800285,50,009,950200,1
"5633 VT ROUTE 102 CANAAN, VT 05903 ",5633,VT ROUTE 102,CANAAN,VT,05903,-71.542944,44.980187,50,009,950100,2
"447 WESLEY RD CONCORD, VT 05858 ",447,WESLEY RD,CONCORD,VT,05858,-71.853326,44.462958,50,009,950500,2
"3 WILLEY LN CONCORD, VT 05824 ",3,WILLEY LN,CONCORD,VT,05824,-71.804861,44.44544,50,009,950500,2
"501 N CONCORD RD CONCORD, VT 05858 ",501,N   CONCORD RD,CONCORD,VT,05858,-71.863706,44.462642,50,009,950500,2
"234 HASTINGS RD LUNENBURG, VT 05906 ",234,HASTINGS RD,LUNENBURG,VT,05906,-71.738218,44.457999,50,009,950500,3
"59 S LUNENBURG RD LUNENBURG, VT 05906 ",59,S   LUNENBURG RD,LUNENBURG,VT,05906,-71.681832,44.461788,50,009,950500,3
"2640 CHARLESTON RD BRIGHTON, VT 05846 ",2640,CHARLESTON RD,BRIGHTON,VT,05846,-71.931993,44.807405,50,009,950200,1
"9130 GRANBY RD GRANBY, VT 05858 ",9130,GRANBY RD,GRANBY,VT,05858,-71.760438,44.569013,50,009,950500,1
"374 NORTON RD BRIGHTON, VT 05846 ",374,NORTON RD,BRIGHTON,VT,05846,-71.906327,44.829484,50,009,950200,1
"281 VT ROUTE 102 LEMINGTON, VT 05905 ",281,VT ROUTE 102,LEMINGTON,VT,05905,-71.56277,44.828986,50,009,950100,1
"4857 NORTH RD MAIDSTONE, VT 05905 ",4857,NORTH RD,MAIDSTONE,VT,05905,-71.613591,44.626986,50,009,950100,1
"1416 JOHNSON RD CONCORD, VT 05824 ",1416,JOHNSON RD,CONCORD,VT,05824,-71.829087,44.403825,50,009,950500,2
"1214 BOBBIN MILL RD LUNENBURG, VT 05906 ",1214,BOBBIN MILL RD,LUNENBURG,VT,05906,-71.667039,44.493321,50,009,950500,1
"300 WALKER PIT RD CONCORD, VT 05824 ",300,WALKER PIT RD,CONCORD,VT,05824,-71.74093,44.408201,50,009,950500,2
"1812 HEAD OF THE POND RD BRIGHTON, VT 05846 ",1812,HEAD OF THE POND RD,BRIGHTON,VT,05846,-71.845925,44.772299,50,009,950200,1
"300 BAPTIST HILL RD LUNENBURG, VT 05906 ",300,BAPTIST HILL RD,LUNENBURG,VT,05906,-71.70443,44.45537,50,009,950500,3
"315 WESTSIDE LAKE RD MAIDSTONE, VT 05905 ",315,WESTSIDE LAKE RD,MAIDSTONE,VT,05905,-71.648999,44.663485,50,009,950100,1
"3259 OREGON RD CONCORD, VT 05906 ",3259,OREGON RD,CONCORD,VT,05906,-71.751629,44.423377,50,009,950500,2
"148 E MAIN ST LUNENBURG, VT 05906 ",148,E   MAIN ST,LUNENBURG,VT,05906,-71.67637,44.463229,50,009,950500,3
"0 RIVER RD LUNENBURG, VT 05906 ",0,RIVER RD,LUNENBURG,VT,05906,-71.67917,44.429504,50,009,950500,3
"3762 MAIDSTONE LAKE RD MAIDSTONE, VT 05905 ",3762,MAIDSTONE LAKE RD,MAIDSTONE,VT,05905,-71.648297,44.665677,50,009,950100,1
"742 PARADIS MOUNTAIN RD BRIGHTON, VT 05846 ",742,PARADIS MOUNTAIN RD,BRIGHTON,VT,05846,-71.888895,44.794797,50,009,950200,1
"0 RIVER RD CANAAN, VT 05902 ",0,RIVER RD,CANAAN,VT,05902,-71.50653,45.008269,50,009,950100,2
"207 FREEDOM WAY MAIDSTONE, VT 05905 ",207,FREEDOM WAY,MAIDSTONE,VT,05905,-71.620567,44.630913,50,009,950100,1
"750 CATTIER DR NORTON, VT 05907 ",750,CATTIER DR,NORTON,VT,05907,-71.722174,44.989224,50,009,950100,1
"64 SUNSET DR BRIGHTON, VT 05846 ",64,SUNSET DR,BRIGHTON,VT,05846,-71.859066,44.799923,50,009,950200,1
"0 FULLER RD BLOOMFIELD, VT 05905 ",0,FULLER RD,BLOOMFIELD,VT,05905,-71.595851,44.783568,50,009,950100,1
"333 CHRISTIAN HL CANAAN, VT 05903 ",333,CHRISTIAN HL,CANAAN,VT,05903,-71.533785,44.999553,50,009,950100,2
"26 RIVERSIDE AVE LUNENBURG, VT 05904 ",26,RIVERSIDE AVE,LUNENBURG,VT,05904,-71.720327,44.412182,50,009,950500,3
"135 COVELL RD LEMINGTON, VT 05905 ",135,COVELL RD,LEMINGTON,VT,05905,-71.503055,44.903163,50,009,950100,1
"0 W SIDE RD LUNENBURG, VT 05906 ",0,W  SIDE RD,LUNENBURG,VT,05906,-71.698722,44.48658,50,009,950500,1
"2819 LECLAIR RD CONCORD, VT 05824 ",2819,LECLAIR RD,CONCORD,VT,05824,-71.84785,44.374776,50,009,950500,2
"1313 VT ROUTE 114 S NORTON, VT 05907 ",1313,VT ROUTE 114  S,NORTON,VT,05907,-71.806197,44.991601,50,009,950100,1
"85 RESERVOIR RD CANAAN, VT 05903 ",85,RESERVOIR RD,CANAAN,VT,05903,-71.535351,44.999947,50,009,950100,2
"0 TUG MOUNTAIN RD LUNENBURG, VT 05906 ",0,TUG MOUNTAIN RD,LUNENBURG,VT,05906,-71.727822,44.523041,50,009,950500,1
"0 KIMBALL RD LUNENBURG, VT 05906 ",0,KIMBALL RD,LUNENBURG,VT,05906,-71.694715,44.46212,50,009,950500,1
"238 KIMBALL RD LUNENBURG, VT 05906 ",238,KIMBALL RD,LUNENBURG,VT,05906,-71.696968,44.467719,50,009,950500,1
"133 RIVERSIDE AVE LUNENBURG, VT 05906 ",133,RIVERSIDE AVE,LUNENBURG,VT,05906,-71.724859,44.41219,50,009,950500,3
"0 KIMBALL RD LUNENBURG, VT 05906 ",0,KIMBALL RD,LUNENBURG,VT,05906,-71.694375,44.464316,50,009,950500,1
"522 BEACH DR CONCORD, VT 05858 ",522,BEACH DR,CONCORD,VT,05858,-71.795292,44.447379,50,009,950500,2
"112 COTE DR CANAAN, VT 05903 ",112,COTE DR,CANAAN,VT,05903,-71.641854,45.005689,50,009,950100,2
"18 BEAR HILL RD MAIDSTONE, VT 05905 ",18,BEAR HILL RD,MAIDSTONE,VT,05905,-71.587803,44.654579,50,009,950100,1
"0 PLEASANT ST BRIGHTON, VT 05846 ",0,PLEASANT ST,BRIGHTON,VT,05846,-71.878462,44.805482,50,009,950200,1
"349 POND HILL RD LUNENBURG, VT 05906 ",349,POND HILL RD,LUNENBURG,VT,05906,-71.690197,44.477517,50,009,950500,1
"263 LAKE VIEW RD NORTON, VT 05907 ",263,LAKE VIEW RD,NORTON,VT,05907,-71.71253,44.995572,50,009,950100,1
"600 LOST NATION RD EAST HAVEN, VT 05837 ",600,LOST NATION RD,EAST HAVEN,VT,05837,-71.873864,44.676088,50,009,950500,1
"0 VT ROUTE 102 CANAAN, VT 05903 ",0,VT ROUTE 102,CANAAN,VT,05903,-71.524252,44.929094,50,009,950100,2
"132 GLENSIDE LN CONCORD, VT 05858 ",132,GLENSIDE LN,CONCORD,VT,05858,-71.860771,44.468531,50,009,950500,2
"930 LAKESHORE DR BRIGHTON, VT 05846 ",930,LAKESHORE DR,BRIGHTON,VT,05846,-71.857003,44.797594,50,009,950200,1
"762 OREGON RD CONCORD, VT 05906 ",762,OREGON RD,CONCORD,VT,05906,-71.770411,44.454582,50,009,950500,2
"780 COTTAGE RD AVERILL, VT 05901 ",780,COTTAGE RD,AVERILL,VT,05901,-71.699061,44.989879,50,009,950100,1
"1925 WESTSIDE LAKE RD MAIDSTONE, VT 05905 ",1925,WESTSIDE LAKE RD,MAIDSTONE,VT,05905,-71.656838,44.645302,50,009,950100,1
"107 FORTY WINKS RD BRIGHTON, VT 05846 ",107,FORTY WINKS RD,BRIGHTON,VT,05846,-71.829305,44.763135,50,009,950200,1
"42 RIVERSIDE AVE LUNENBURG, VT 05906 ",42,RIVERSIDE AVE,LUNENBURG,VT,05906,-71.72133,44.411972,50,009,950500,3
"288 GOUDREAULT HILL RD CONCORD, VT 05824 ",288,GOUDREAULT HILL RD,CONCORD,VT,05824,-71.85856,44.435728,50,009,950500,2
"59 COMMERCIAL AVE LUNENBURG, VT 05904 ",59,COMMERCIAL AVE,LUNENBURG,VT,05904,-71.717142,44.413343,50,009,950500,3
"611 MOUNT TUG RD VICTORY, VT 05858 ",611,MOUNT TUG RD,VICTORY,VT,05858,-71.739928,44.550356,50,009,950500,1
"2754 VICTORY HL VICTORY, VT 05858 ",2754,VICTORY HL,VICTORY,VT,05858,-71.855348,44.545484,50,009,950500,1
"4158 VT ROUTE 114 CANAAN, VT 05903 ",4158,VT ROUTE 114,CANAAN,VT,05903,-71.621354,45.010184,50,009,950100,2
"274 E MAIN ST CONCORD, VT 05824 ",274,E   MAIN ST,CONCORD,VT,05824,-71.876179,44.444257,50,009,950500,2
"534 E MAIN ST CONCORD, VT 05824 ",534,E   MAIN ST,CONCORD,VT,05824,-71.872993,44.44758,50,009,950500,2
"409 VT ROUTE 105 BLOOMFIELD, VT 05905 ",409,VT ROUTE 105,BLOOMFIELD,VT,05905,-71.637761,44.756484,50,009,950100,1
"32 DERBY ST BRIGHTON, VT 05846 ",32,DERBY ST,BRIGHTON,VT,05846,-71.88183,44.812683,50,009,950200,1
"0 VT ROUTE 102 BLOOMFIELD, VT 05905 ",0,VT ROUTE 102,BLOOMFIELD,VT,05905,-71.60637,44.768238,50,009,950100,1
"4617 VT ROUTE 114 CANAAN, VT 05903 ",4617,VT ROUTE 114,CANAAN,VT,05903,-71.63014,45.008868,50,009,950100,2
"966 VT ROUTE 114 CANAAN, VT 05903 ",966,VT ROUTE 114,CANAAN,VT,05903,-71.559764,45.008127,50,009,950100,2
"1523 VT ROUTE 105 BLOOMFIELD, VT 05905 ",1523,VT ROUTE 105,BLOOMFIELD,VT,05905,-71.644177,44.770157,50,009,950100,1
"2095 RIVER RD LUNENBURG, VT 05904 ",2095,RIVER RD,LUNENBURG,VT,05904,-71.693981,44.4209,50,009,950500,3
"9 LAMOUREUX RD MAIDSTONE, VT 05905 ",9,LAMOUREUX RD,MAIDSTONE,VT,05905,-71.573432,44.648468,50,009,950100,1
"109 TOBYNE RD LUNENBURG, VT 05906 ",109,TOBYNE RD,LUNENBURG,VT,05906,-71.739422,44.465969,50,009,950500,1
"162 POWELL RD LUNENBURG, VT 05906 ",162,POWELL RD,LUNENBURG,VT,05906,-71.659233,44.485282,50,009,950500,1
"1524 VT ROUTE 114 WARRENS GORE, VT 05907 ",1524,VT ROUTE 114,WARRENS GORE,VT,05907,-71.87723,44.90604,50,009,950100,1
"61 MOUNTAIN ST BRIGHTON, VT 05846 ",61,MOUNTAIN ST,BRIGHTON,VT,05846,-71.881407,44.81726,50,009,950200,1
"0 SIMONDS RD LUNENBURG, VT 05906 ",0,SIMONDS RD,LUNENBURG,VT,05906,-71.64742,44.496917,50,009,950500,1
"383 LABAY PL EAST HAVEN, VT 05837 ",383,LABAY PL,EAST HAVEN,VT,05837,-71.835755,44.694657,50,009,950500,1
"409 MOUNTAIN ST BRIGHTON, VT 05846 ",409,MOUNTAIN ST,BRIGHTON,VT,05846,-71.879763,44.821816,50,009,950200,1
"201 LABAY PL EAST HAVEN, VT 05837 ",201,LABAY PL,EAST HAVEN,VT,05837,-71.839829,44.695948,50,009,950500,1
"1045 VT ROUTE 102 BLOOMFIELD, VT 05905 ",1045,VT ROUTE 102,BLOOMFIELD,VT,05905,-71.618037,44.7596,50,009,950100,1
"494 WALTERS FARM RD EAST HAVEN, VT 05837 ",494,WALTERS FARM RD,EAST HAVEN,VT,05837,-71.900048,44.651217,50,009,950500,1
"3998 VT ROUTE 114 CANAAN, VT 05903 ",3998,VT ROUTE 114,CANAAN,VT,05903,-71.618145,45.00967,50,009,950100,2
"1176 KIMBALL RD LUNENBURG, VT 05906 ",1176,KIMBALL RD,LUNENBURG,VT,05906,-71.718773,44.487945,50,009,950500,1
"0 MAIDSTONE LAKE RD MAIDSTONE, VT 05905 ",0,MAIDSTONE LAKE RD,MAIDSTONE,VT,05905,-71.639446,44.651424,50,009,950100,1
"103 CHRISTIAN HL CANAAN, VT 05903 ",103,CHRISTIAN HL,CANAAN,VT,05903,-71.537628,44.997709,50,009,950100,2
"496 VT ROUTE 102 CANAAN, VT 05903 ",496,VT ROUTE 102,CANAAN,VT,05903,-71.512986,44.916591,50,009,950100,2
"130 VICTORY RD CONCORD, VT 05858 ",130,VICTORY RD,CONCORD,VT,05858,-71.858605,44.469789,50,009,950500,2
"0 E MAIN ST LUNENBURG, VT 05906 ",0,E  MAIN ST,LUNENBURG,VT,05906,-71.663548,44.464029,50,009,950500,3
"3781 CANAAN HILL RD CANAAN, VT 05903 ",3781,CANAAN HILL RD,CANAAN,VT,05903,-71.603338,44.977739,50,009,950100,2
"463 VT ROUTE 102 CANAAN, VT 05903 ",463,VT ROUTE 102,CANAAN,VT,05903,-71.513062,44.915967,50,009,950100,2
"1038 VT ROUTE 102 BRUNSWICK, VT 05905 ",1038,VT ROUTE 102,BRUNSWICK,VT,05905,-71.634107,44.735615,50,009,950100,1
"1340 BAPTIST HILL RD LUNENBURG, VT 05906 ",1340,BAPTIST HILL RD,LUNENBURG,VT,05906,-71.724063,44.433846,50,009,950500,3
"0 VT ROUTE 114 CANAAN, VT 05903 ",0,VT ROUTE 114,CANAAN,VT,05903,-71.659541,45.006387,50,009,950100,2
"536 TODD HILL RD CANAAN, VT 05903 ",536,TODD HILL RD,CANAAN,VT,05903,-71.536584,44.928823,50,009,950100,2
"1594 BAPTIST HILL RD LUNENBURG, VT 05906 ",1594,BAPTIST HILL RD,LUNENBURG,VT,05906,-71.723082,44.426931,50,009,950500,3
"385 RLW RD BRIGHTON, VT 05846 ",385,RLW RD,BRIGHTON,VT,05846,-71.840003,44.805323,50,009,950200,1
"4866 VT ROUTE 114 CANAAN, VT 05903 ",4866,VT ROUTE 114,CANAAN,VT,05903,-71.635096,45.008069,50,009,950100,2
"73 AUBURN STAR RD LUNENBURG, VT 05906 ",73,AUBURN STAR RD,LUNENBURG,VT,05906,-71.622159,44.481536,50,009,950500,1
"1462 RIVER RD LUNENBURG, VT 05906 ",1462,RIVER RD,LUNENBURG,VT,05906,-71.680137,44.433522,50,009,950500,3
"530 DANCE HALL RD LUNENBURG, VT 05906 ",530,DANCE HALL RD,LUNENBURG,VT,05906,-71.76795,44.458446,50,009,950500,3
"87 HEAD OF THE POND RD BRIGHTON, VT 05846 ",87,HEAD OF THE POND RD,BRIGHTON,VT,05846,-71.868862,44.790199,50,009,950200,1
"99 GEORGE ST CONCORD, VT 05824 ",99,GEORGE ST,CONCORD,VT,05824,-71.889527,44.425432,50,009,950500,2
"11 LAKESHORE DR BRIGHTON, VT 05846 ",11,LAKESHORE DR,BRIGHTON,VT,05846,-71.869889,44.791902,50,009,950200,1
"0 VT ROUTE 114 CANAAN, VT 05903 ",0,VT ROUTE 114,CANAAN,VT,05903,-71.629402,45.009075,50,009,950100,2
"121 BACK ST BRIGHTON, VT 05846 ",121,BACK ST,BRIGHTON,VT,05846,-71.874617,44.817114,50,009,950200,1
"82 FOREST ST BRIGHTON, VT 05846 ",82,FOREST ST,BRIGHTON,VT,05846,-71.88213,44.81892,50,009,950200,1
"708 BAPTIST HILL RD LUNENBURG, VT 05906 ",708,BAPTIST HILL RD,LUNENBURG,VT,05906,-71.715038,44.447306,50,009,950500,3
"410 GALE ST CANAAN, VT 05903 ",410,GALE ST,CANAAN,VT,05903,-71.541846,44.998523,50,009,950100,2
"761 LAKESHORE DR BRIGHTON, VT 05846 ",761,LAKESHORE DR,BRIGHTON,VT,05846,-71.857255,44.795526,50,009,950200,1
"340 VT ROUTE 102 MAIDSTONE, VT 05905 ",340,VT ROUTE 102,MAIDSTONE,VT,05905,-71.553815,44.575379,50,009,950100,1
"0 DANCE HALL RD LUNENBURG, VT 05906 ",0,DANCE HALL RD,LUNENBURG,VT,05906,-71.758977,44.462577,50,009,950500,3
"93 RIVER RD CANAAN, VT 05902 ",93,RIVER RD,CANAAN,VT,05902,-71.505917,45.008804,50,009,950100,2
"280 MEADOW ST BRIGHTON, VT 05846 ",280,MEADOW ST,BRIGHTON,VT,05846,-71.889827,44.814539,50,009,950200,1
"1756 RIVER RD LUNENBURG, VT 05906 ",1756,RIVER RD,LUNENBURG,VT,05906,-71.684133,44.427819,50,009,950500,3
"394 SCHOOL HOUSE BROOK RD CANAAN, VT 05903 ",394,SCHOOL HOUSE BROOK RD,CANAAN,VT,05903,-71.606924,44.972704,50,009,950100,2
"2318 LEONARD HILL RD CONCORD, VT 05824 ",2318,LEONARD HILL RD,CONCORD,VT,05824,-71.799641,44.424425,50,009,950500,2
"1348 W MAIN ST CONCORD, VT 05824 ",1348,W   MAIN ST,CONCORD,VT,05824,-71.902169,44.433103,50,009,950500,2
"2229 SHADOW LAKE RD CONCORD, VT 05824 ",2229,SHADOW LAKE RD,CONCORD,VT,05824,-71.876308,44.405228,50,009,950500,2
"46 LAKE RD LUNENBURG, VT 05906 ",46,LAKE RD,LUNENBURG,VT,05906,-71.690249,44.496044,50,009,950500,1
"42 W THOMAS RD CONCORD, VT 05906 ",42,W   THOMAS RD,CONCORD,VT,05906,-71.751168,44.426527,50,009,950500,2
"2124 NORTH RD MAIDSTONE, VT 05905 ",2124,NORTH RD,MAIDSTONE,VT,05905,-71.593443,44.593882,50,009,950100,1
"0 VT ROUTE 102 BLOOMFIELD, VT 05905 ",0,VT ROUTE 102,BLOOMFIELD,VT,05905,-71.601092,44.778707,50,009,950100,1
"314 MOUNTAIN ST BRIGHTON, VT 05846 ",314,MOUNTAIN ST,BRIGHTON,VT,05846,-71.879713,44.820707,50,009,950200,1
"124 CANAAN MOBILE HOME PARK CANAAN, VT 05903 ",124,CANAAN MOBILE HOME PARK,CANAAN,VT,05903,-71.541658,44.995447,50,009,950100,2
"0 VT ROUTE 114 CANAAN, VT 05903 ",0,VT ROUTE 114,CANAAN,VT,05903,-71.555214,45.005798,50,009,950100,2
"1785 JACKSON RD AVERILL, VT 05901 ",1785,JACKSON RD,AVERILL,VT,05901,-71.698791,44.967168,50,009,950100,1
"56 ETHAN ALLEN DR CANAAN, VT 05903 ",56,ETHAN ALLEN DR,CANAAN,VT,05903,-71.540593,44.998548,50,009,950100,2
"0 CEDAR ST LUNENBURG, VT 05904 ",0,CEDAR ST,LUNENBURG,VT,05904,-71.720075,44.415243,50,009,950500,3
"451 GRANBY RD VICTORY, VT 05858 ",451,GRANBY RD,VICTORY,VT,05858,-71.779754,44.570765,50,009,950500,1
"246 EAST HAVEN RD BRIGHTON, VT 05846 ",246,EAST HAVEN RD,BRIGHTON,VT,05846,-71.910642,44.794177,50,009,950200,1
"2720 LEONARD HILL RD CONCORD, VT 05824 ",2720,LEONARD HILL RD,CONCORD,VT,05824,-71.806415,44.422095,50,009,950500,2
"204 GALE ST CANAAN, VT 05903 ",204,GALE ST,CANAAN,VT,05903,-71.538847,44.996669,50,009,950100,2
"343 VICTORY RD VICTORY, VT 05858 ",343,VICTORY RD,VICTORY,VT,05858,-71.84916,44.597101,50,009,950500,1
"5829 VT ROUTE 102 CANAAN, VT 05903 ",5829,VT ROUTE 102,CANAAN,VT,05903,-71.543389,44.982681,50,009,950100,2
"211 CAMP RD NORTON, VT 05907 ",211,CAMP RD,NORTON,VT,05907,-71.812871,44.971251,50,009,950100,1
"12630 LEWIS POND RD LEWIS, VT 05907 ",12630,LEWIS POND RD,LEWIS,VT,05907,-71.754393,44.911192,50,009,950100,1
"694 WENTWORTH RD LUNENBURG, VT 05906 ",694,WENTWORTH RD,LUNENBURG,VT,05906,-71.731787,44.457466,50,009,950500,3
"0 BAPTIST HILL RD LUNENBURG, VT 05906 ",0,BAPTIST HILL RD,LUNENBURG,VT,05906,-71.714501,44.445905,50,009,950500,3
"605 DAVIS RD BRIGHTON, VT 05846 ",605,DAVIS RD,BRIGHTON,VT,05846,-71.915832,44.772622,50,009,950200,1
"522 LUND LN GRANBY, VT 05858 ",522,LUND LN,GRANBY,VT,05858,-71.772407,44.590819,50,009,950500,1
"0 W MCCONNELL POND RD BRIGHTON, VT 05846 ",0,W  MCCONNELL POND RD,BRIGHTON,VT,05846,-71.823915,44.801004,50,009,950200,1
"418 MAYBERRY RD MAIDSTONE, VT 05905 ",418,MAYBERRY RD,MAIDSTONE,VT,05905,-71.662072,44.686071,50,009,950100,1
"648 TEN MILE SQUARE RD BRIGHTON, VT 05846 ",648,TEN MILE SQUARE RD,BRIGHTON,VT,05846,-71.911956,44.829188,50,009,950200,1
"72 WALKER PIT RD LUNENBURG, VT 05906 ",72,WALKER PIT RD,LUNENBURG,VT,05906,-71.734702,44.411251,50,009,950500,3
"151 CUTTING RD CONCORD, VT 05824 ",151,CUTTING RD,CONCORD,VT,05824,-71.824891,44.397307,50,009,950500,2
"0 POND HILL RD LUNENBURG, VT 05906 ",0,POND HILL RD,LUNENBURG,VT,05906,-71.706517,44.496346,50,009,950500,1
"2741 GRANBY RD GUILDHALL, VT 05905 ",2741,GRANBY RD,GUILDHALL,VT,05905,-71.648583,44.568981,50,009,950500,1
"44 LOON LN CONCORD, VT 05824 ",44,LOON LN,CONCORD,VT,05824,-71.810357,44.450731,50,009,950500,2
"1112 RIVER RD CANAAN, VT 05902 ",1112,RIVER RD,CANAAN,VT,05902,-71.48688,45.004309,50,009,950100,2
"264 CHURCH HILL RD NORTON, VT 05907 ",264,CHURCH HILL RD,NORTON,VT,05907,-71.796166,44.999364,50,009,950100,1
"146 SLADYK TRL WARRENS GORE, VT 05907 ",146,SLADYK TRL,WARRENS GORE,VT,05907,-71.87052,44.935013,50,009,950100,1
"163 OREGON RD CONCORD, VT 05906 ",163,OREGON RD,CONCORD,VT,05906,-71.773404,44.463187,50,009,950500,2
"645 STEVENS RD BLOOMFIELD, VT 05905 ",645,STEVENS RD,BLOOMFIELD,VT,05905,-71.583525,44.806475,50,009,950100,1
"128 RIPPLE CV BRIGHTON, VT 05846 ",128,RIPPLE CV,BRIGHTON,VT,05846,-71.867076,44.793838,50,009,950200,1
"6449 GRANBY RD GRANBY, VT 05858 ",6449,GRANBY RD,GRANBY,VT,05858,-71.716424,44.576317,50,009,950500,1
"835 DANA MOORE RD AVERILL, VT 05901 ",835,DANA MOORE RD,AVERILL,VT,05901,-71.717692,44.947581,50,009,950100,1
"368 BLUEBERRY LN BRIGHTON, VT 05846 ",368,BLUEBERRY LN,BRIGHTON,VT,05846,-71.870568,44.795426,50,009,950200,1
"91 HIGH ST CONCORD, VT 05824 ",91,HIGH ST,CONCORD,VT,05824,-71.888055,44.429964,50,009,950500,2
"2697 VT ROUTE 102 MAIDSTONE, VT 05905 ",2697,VT ROUTE 102,MAIDSTONE,VT,05905,-71.56405,44.601641,50,009,950100,1
"1428 VT ROUTE 114 EAST HAVEN, VT 05837 ",1428,VT ROUTE 114,EAST HAVEN,VT,05837,-71.890623,44.659195,50,009,950500,1
"396 BASIL HILL RD BRIGHTON, VT 05846 ",396,BASIL HILL RD,BRIGHTON,VT,05846,-71.939935,44.806345,50,009,950200,1
"587 MASTEN RD VICTORY, VT 05858 ",587,MASTEN RD,VICTORY,VT,05858,-71.862107,44.527624,50,009,950500,1
"392 DAVIS RD BRIGHTON, VT 05846 ",392,DAVIS RD,BRIGHTON,VT,05846,-71.916647,44.77332,50,009,950200,1
"0 POLLARD HL CANAAN, VT 05903 ",0,POLLARD HL,CANAAN,VT,05903,-71.603467,44.959482,50,009,950100,2
"1311 GIDEONS MILL RD BRIGHTON, VT 05846 ",1311,GIDEONS MILL RD,BRIGHTON,VT,05846,-71.928933,44.822702,50,009,950200,1
"388 CAMPERS LN CONCORD, VT 05824 ",388,CAMPERS LN,CONCORD,VT,05824,-71.801998,44.446753,50,009,950500,2
"4212 VICTORY RD VICTORY, VT 05858 ",4212,VICTORY RD,VICTORY,VT,05858,-71.785684,44.57483,50,009,950500,1
"198 E MAIN ST LUNENBURG, VT 05906 ",198,E   MAIN ST,LUNENBURG,VT,05906,-71.674494,44.46333,50,009,950500,3
"0 RIVER RD CANAAN, VT 05902 ",0,RIVER RD,CANAAN,VT,05902,-71.506946,45.008273,50,009,950100,2
"148 MOUNTAIN ST EXT BRIGHTON, VT 05846 ",148,MOUNTAIN ST EXT,BRIGHTON,VT,05846,-71.871604,44.831971,50,009,950200,1
"78 ALBERTS WAY AVERILL, VT 05901 ",78,ALBERTS WAY,AVERILL,VT,05901,-71.685217,44.984788,50,009,950100,1
"28 PRIVATE WEST 1 MAIDSTONE, VT 05905 ",28,PRIVATE WEST 1,MAIDSTONE,VT,05905,-71.650551,44.659468,50,009,950100,1
"286 RIVERSIDE AVE LUNENBURG, VT 05906 ",286,RIVERSIDE AVE,LUNENBURG,VT,05906,-71.73097,44.41194,50,009,950500,3
"1531 LADD RD CONCORD, VT 05858 ",1531,LADD RD,CONCORD,VT,05858,-71.840753,44.458158,50,009,950500,2
"0 RIVER RD LUNENBURG, VT 05904 ",0,RIVER RD,LUNENBURG,VT,05904,-71.708327,44.415365,50,009,950500,3
"920 VT ROUTE 114 CANAAN, VT 05903 ",920,VT ROUTE 114,CANAAN,VT,05903,-71.558827,45.007949,50,009,950100,2
"2193 LAMOTTE RD GUILDHALL, VT 05905 ",2193,LAMOTTE RD,GUILDHALL,VT,05905,-71.654059,44.53258,50,009,950500,1
"1152 N CONCORD RD CONCORD, VT 05858 ",1152,N   CONCORD RD,CONCORD,VT,05858,-71.855889,44.468671,50,009,950500,2
"864 W MAIN ST CONCORD, VT 05824 ",864,W   MAIN ST,CONCORD,VT,05824,-71.909772,44.43762,50,009,950500,2
"894 VT ROUTE 105 BLOOMFIELD, VT 05905 ",894,VT ROUTE 105,BLOOMFIELD,VT,05905,-71.644225,44.761705,50,009,950100,1
"775 W MAIN ST CONCORD, VT 05824 ",775,W   MAIN ST,CONCORD,VT,05824,-71.909806,44.439081,50,009,950500,2
"0 BAPTIST HILL RD LUNENBURG, VT 05906 ",0,BAPTIST HILL RD,LUNENBURG,VT,05906,-71.719514,44.427501,50,009,950500,3
"7138 GRANBY RD GRANBY, VT 05858 ",7138,GRANBY RD,GRANBY,VT,05858,-71.726479,44.577734,50,009,950500,1
"1586 VICTORY HL VICTORY, VT 05858 ",1586,VICTORY HL,VICTORY,VT,05858,-71.850472,44.530901,50,009,950500,1
"2519 CROSS RD CONCORD, VT 05824 ",2519,CROSS RD,CONCORD,VT,05824,-71.893187,44.428285,50,009,950500,2
"1209 JACKSON RD AVERILL, VT 05901 ",1209,JACKSON RD,AVERILL,VT,05901,-71.702119,44.974663,50,009,950100,1
"1377 BOUDLE RD BLOOMFIELD, VT 05905 ",1377,BOUDLE RD,BLOOMFIELD,VT,05905,-71.666492,44.838096,50,009,950100,1
"827 PLEASANT ST BRIGHTON, VT 05846 ",827,PLEASANT ST,BRIGHTON,VT,05846,-71.874879,44.80118,50,009,950200,1
"2598 SIMS HILL RD LEMINGTON, VT 05903 ",2598,SIMS HILL RD,LEMINGTON,VT,05903,-71.589739,44.861264,50,009,950100,1
"391 HIGH RIDGE RD CONCORD, VT 05824 ",391,HIGH RIDGE RD,CONCORD,VT,05824,-71.861573,44.386072,50,009,950500,2
"7266 VT ROUTE 102 GUILDHALL, VT 05905 ",7266,VT ROUTE 102,GUILDHALL,VT,05905,-71.560068,44.565632,50,009,950500,1
"2549 VT ROUTE 102 LEMINGTON, VT 05905 ",2549,VT ROUTE 102,LEMINGTON,VT,05905,-71.552076,44.85868,50,009,950100,1
"5956 MAIDSTONE LAKE RD MAIDSTONE, VT 05905 ",5956,MAIDSTONE LAKE RD,MAIDSTONE,VT,05905,-71.643265,44.638517,50,009,950100,1
"66 MAPLE ST CONCORD, VT 05824 ",66,MAPLE ST,CONCORD,VT,05824,-71.758321,44.425657,50,009,950500,2
"4913 VT ROUTE 114 CANAAN, VT 05903 ",4913,VT ROUTE 114,CANAAN,VT,05903,-71.635602,45.007371,50,009,950100,2
"6 JUDD RD CANAAN, VT 05903 ",6,JUDD RD,CANAAN,VT,05903,-71.553349,45.003741,50,009,950100,2
"249 E MAIN ST LUNENBURG, VT 05906 ",249,E   MAIN ST,LUNENBURG,VT,05906,-71.672502,44.464247,50,009,950500,1
"1218 LAMOTTE RD GUILDHALL, VT 05905 ",1218,LAMOTTE RD,GUILDHALL,VT,05905,-71.654105,44.521346,50,009,950500,1
"0 BOBBIN MILL RD LUNENBURG, VT 05906 ",0,BOBBIN MILL RD,LUNENBURG,VT,05906,-71.674395,44.479421,50,009,950500,1
"410 CROSS RD BLOOMFIELD, VT 05905 ",410,CROSS RD,BLOOMFIELD,VT,05905,-71.596475,44.79888,50,009,950100,1
"12 DOW DR LUNENBURG, VT 05906 ",12,DOW DR,LUNENBURG,VT,05906,-71.741251,44.418808,50,009,950500,3
"895 PLEASANT ST BRIGHTON, VT 05846 ",895,PLEASANT ST,BRIGHTON,VT,05846,-71.874316,44.799889,50,009,950200,1
"531 BOBBIN MILL RD LUNENBURG, VT 05906 ",531,BOBBIN MILL RD,LUNENBURG,VT,05906,-71.677254,44.476515,50,009,950500,1
"2537 CROSS RD CONCORD, VT 05824 ",2537,CROSS RD,CONCORD,VT,05824,-71.892732,44.428211,50,009,950500,2
"0 COMMERCIAL AVE LUNENBURG, VT 05904 ",0,COMMERCIAL AVE,LUNENBURG,VT,05904,-71.717064,44.413245,50,009,950500,3
"6347 VT ROUTE 102 GUILDHALL, VT 05905 ",6347,VT ROUTE 102,GUILDHALL,VT,05905,-71.577751,44.566794,50,009,950500,1
"0 PAUL STREAM POND RD BRUNSWICK, VT 05905 ",0,PAUL STREAM POND RD,BRUNSWICK,VT,05905,-71.625602,44.690077,50,009,950100,1
"822 POND HILL RD LUNENBURG, VT 05906 ",822,POND HILL RD,LUNENBURG,VT,05906,-71.700975,44.48725,50,009,950500,1
"89 BROOK RD CONCORD, VT 05824 ",89,BROOK RD,CONCORD,VT,05824,-71.87779,44.445179,50,009,950500,2
"0 VT ROUTE 102 BLOOMFIELD, VT 05905 ",0,VT ROUTE 102,BLOOMFIELD,VT,05905,-71.601405,44.773948,50,009,950100,1
"0 VT ROUTE 114 CANAAN, VT 05903 ",0,VT ROUTE 114,CANAAN,VT,05903,-71.596663,45.012181,50,009,950100,2
"458 CHARLESTON RD BRIGHTON, VT 05846 ",458,CHARLESTON RD,BRIGHTON,VT,05846,-71.896021,44.800682,50,009,950200,1
"1383 LANCASTER RD LUNENBURG, VT 05906 ",1383,LANCASTER RD,LUNENBURG,VT,05906,-71.617136,44.48665,50,009,950500,1
"0 CANAAN HILL RD CANAAN, VT 05903 ",0,CANAAN HILL RD,CANAAN,VT,05903,-71.616849,44.971297,50,009,950100,2
"0 VT ROUTE 114 CANAAN, VT 05903 ",0,VT ROUTE 114,CANAAN,VT,05903,-71.634999,45.006144,50,009,950100,2
"101 CROSS ST BRIGHTON, VT 05846 ",101,CROSS ST,BRIGHTON,VT,05846,-71.880947,44.813621,50,009,950200,1
"870 PLEASANT ST BRIGHTON, VT 05846 ",870,PLEASANT ST,BRIGHTON,VT,05846,-71.875869,44.79958,50,009,950200,1
"2503 OREGON RD LUNENBURG, VT 05906 ",2503,OREGON RD,LUNENBURG,VT,05906,-71.754999,44.433995,50,009,950500,3
"184 E MAIN ST LUNENBURG, VT 05906 ",184,E   MAIN ST,LUNENBURG,VT,05906,-71.675269,44.463255,50,009,950500,3
"854 ARTHUR JOHN RD BRIGHTON, VT 05846 ",854,ARTHUR JOHN RD,BRIGHTON,VT,05846,-71.837154,44.759583,50,009,950200,1
"0 RIVER RD LUNENBURG, VT 05904 ",0,RIVER RD,LUNENBURG,VT,05904,-71.697576,44.419851,50,009,950500,3
"61 TOBYNE RD LUNENBURG, VT 05906 ",61,TOBYNE RD,LUNENBURG,VT,05906,-71.7376,44.465597,50,009,950500,1
"172 LEOS LN NORTON, VT 05907 ",172,LEOS LN,NORTON,VT,05907,-71.768409,45.002635,50,009,950100,1
"1212 CAMPERS LN CONCORD, VT 05824 ",1212,CAMPERS LN,CONCORD,VT,05824,-71.816353,44.444092,50,009,950500,2
"23 SCHOOL ST EAST HAVEN, VT 05837 ",23,SCHOOL ST,EAST HAVEN,VT,05837,-71.89333,44.641662,50,009,950500,1
"118 BAUMANN RD NORTON, VT 05907 ",118,BAUMANN RD,NORTON,VT,05907,-71.799731,45.009448,50,009,950100,1
"1423 SHADOW LAKE RD CONCORD, VT 05824 ",1423,SHADOW LAKE RD,CONCORD,VT,05824,-71.888515,44.409955,50,009,950500,2
"442 JAQUES RD CONCORD, VT 05824 ",442,JAQUES RD,CONCORD,VT,05824,-71.814108,44.413357,50,009,950500,2
"0 GALE ST CANAAN, VT 05903 ",0,GALE ST,CANAAN,VT,05903,-71.542958,44.999335,50,009,950100,2
"223 GOUDREAULT HILL RD CONCORD, VT 05824 ",223,GOUDREAULT HILL RD,CONCORD,VT,05824,-71.860566,44.435193,50,009,950500,2
"4723 VT ROUTE 105 BRUNSWICK, VT 05905 ",4723,VT ROUTE 105,BRUNSWICK,VT,05905,-71.697282,44.775556,50,009,950100,1
"2590 NORTH RD MAIDSTONE, VT 05905 ",2590,NORTH RD,MAIDSTONE,VT,05905,-71.589745,44.599767,50,009,950100,1
"2 LOST NATION RD EAST HAVEN, VT 05837 ",2,LOST NATION RD,EAST HAVEN,VT,05837,-71.883505,44.671556,50,009,950500,1
"1080 E BRIGHTON RD BRIGHTON, VT 05846 ",1080,E  BRIGHTON RD,BRIGHTON,VT,05846,-71.864145,44.813272,50,009,950200,1
"159 COMMERCIAL AVE LUNENBURG, VT 05904 ",159,COMMERCIAL AVE,LUNENBURG,VT,05904,-71.720719,44.413173,50,009,950500,3
"62 MIDDLE ST BRIGHTON, VT 05846 ",62,MIDDLE ST,BRIGHTON,VT,05846,-71.882122,44.817246,50,009,950200,1
"2327 JACKSON RD AVERILL, VT 05901 ",2327,JACKSON RD,AVERILL,VT,05901,-71.707887,44.963205,50,009,950100,1
"59 ALLARD FARM RD BRIGHTON, VT 05846 ",59,ALLARD FARM RD,BRIGHTON,VT,05846,-71.920545,44.784961,50,009,950200,1
"204 HALL STREAM RD CANAAN, VT 05902 ",204,HALL STREAM RD,CANAAN,VT,05902,-71.500392,45.010165,50,009,950100,2
"131 FORTY WINKS RD BRIGHTON, VT 05846 ",131,FORTY WINKS RD,BRIGHTON,VT,05846,-71.830019,44.762953,50,009,950200,1
"1356 DALE POTTER RD AVERILL, VT 05901 ",1356,DALE POTTER RD,AVERILL,VT,05901,-71.663046,44.955474,50,009,950100,1
"404 DERBY ST BRIGHTON, VT 05846 ",404,DERBY ST,BRIGHTON,VT,05846,-71.886473,44.808659,50,009,950200,1
"0 VT ROUTE 102 BLOOMFIELD, VT 05905 ",0,VT ROUTE 102,BLOOMFIELD,VT,05905,-71.58128,44.789915,50,009,950100,1
"0 CANAAN HILL RD CANAAN, VT 05903 ",0,CANAAN HILL RD,CANAAN,VT,05903,-71.617041,44.971725,50,009,950100,2
"0 COLE HILL RD LUNENBURG, VT 05906 ",0,COLE HILL RD,LUNENBURG,VT,05906,-71.672065,44.511276,50,009,950500,1
"0 LAKE EAST 2 MAIDSTONE, VT 05905 ",0,LAKE EAST 2,MAIDSTONE,VT,05905,-71.640847,44.641541,50,009,950100,1
"0 KIMBALL RD LUNENBURG, VT 05906 ",0,KIMBALL RD,LUNENBURG,VT,05906,-71.711687,44.486162,50,009,950500,1
"259 ROSEBROOK HILL RD BRIGHTON, VT 05846 ",259,ROSEBROOK HILL RD,BRIGHTON,VT,05846,-71.913457,44.788795,50,009,950200,1
"32 E MAIN ST LUNENBURG, VT 05906 ",32,E   MAIN ST,LUNENBURG,VT,05906,-71.681177,44.463052,50,009,950500,3
"1446 BOUCHER RD GUILDHALL, VT 05905 ",1446,BOUCHER RD,GUILDHALL,VT,05905,-71.643766,44.518282,50,009,950500,1
"82 RIVERSIDE AVE LUNENBURG, VT 05906 ",82,RIVERSIDE AVE,LUNENBURG,VT,05906,-71.722793,44.41233,50,009,950500,3
"604 COTTAGE RD AVERILL, VT 05901 ",604,COTTAGE RD,AVERILL,VT,05901,-71.701432,44.992157,50,009,950100,1
"56 HOVEY WILLEY LN CONCORD, VT 05858 ",56,HOVEY WILLEY LN,CONCORD,VT,05858,-71.84649,44.469186,50,009,950500,2
"2321 BEAR HILL RD MAIDSTONE, VT 05905 ",2321,BEAR HILL RD,MAIDSTONE,VT,05905,-71.580006,44.628937,50,009,950100,1
"1009 BOBBIN MILL RD LUNENBURG, VT 05906 ",1009,BOBBIN MILL RD,LUNENBURG,VT,05906,-71.670807,44.487629,50,009,950500,1
"85 POWER HOUSE RD CANAAN, VT 05903 ",85,POWER HOUSE RD,CANAAN,VT,05903,-71.534184,44.996926,50,009,950100,2
"12 CROSS ST EAST HAVEN, VT 05837 ",12,CROSS ST,EAST HAVEN,VT,05837,-71.890192,44.643513,50,009,950500,1
"421 BEACH DR CONCORD, VT 05858 ",421,BEACH DR,CONCORD,VT,05858,-71.797237,44.447689,50,009,950500,2
"7333 VT ROUTE 102 GUILDHALL, VT 05905 ",7333,VT ROUTE 102,GUILDHALL,VT,05905,-71.560672,44.56686,50,009,950500,1
"42 NORTH ST BRIGHTON, VT 05846 ",42,NORTH ST,BRIGHTON,VT,05846,-71.881717,44.818011,50,009,950200,1
"117 CHARLOTTE LN CONCORD, VT 05824 ",117,CHARLOTTE LN,CONCORD,VT,05824,-71.872041,44.405388,50,009,950500,2
"3372 PAUL STREAM RD FERDINAND, VT 05905 ",3372,PAUL STREAM RD,FERDINAND,VT,05905,-71.686173,44.648897,50,009,950100,1
"0 TUG MOUNTAIN RD LUNENBURG, VT 05906 ",0,TUG MOUNTAIN RD,LUNENBURG,VT,05906,-71.730111,44.522436,50,009,950500,1
"909 ROYALSTON CORNER RD CONCORD, VT 05824 ",909,ROYALSTON CORNER RD,CONCORD,VT,05824,-71.868519,44.43307,50,009,950500,2
"23 E BRIGHTON RD BRIGHTON, VT 05846 ",23,E  BRIGHTON RD,BRIGHTON,VT,05846,-71.880653,44.815505,50,009,950200,1
"56 MIDDLE ST CANAAN, VT 05902 ",56,MIDDLE ST,CANAAN,VT,05902,-71.50657,45.008841,50,009,950100,2
"0 BAPTIST HILL RD LUNENBURG, VT 05906 ",0,BAPTIST HILL RD,LUNENBURG,VT,05906,-71.725917,44.436008,50,009,950500,3
"3473 VT ROUTE 102 GUILDHALL, VT 05905 ",3473,VT ROUTE 102,GUILDHALL,VT,05905,-71.583505,44.543298,50,009,950500,1
"1307 WEST MOUNTAIN POND RD MAIDSTONE, VT 05905 ",1307,WEST MOUNTAIN POND RD,MAIDSTONE,VT,05905,-71.659882,44.690408,50,009,950100,1
"385 BEAR HILL RD MAIDSTONE, VT 05905 ",385,BEAR HILL RD,MAIDSTONE,VT,05905,-71.587858,44.650517,50,009,950100,1
"78 BEACH RD AVERILL, VT 05901 ",78,BEACH RD,AVERILL,VT,05901,-71.683935,44.968195,50,009,950100,1
"100 W MAIN ST LUNENBURG, VT 05906 ",100,W  MAIN ST,LUNENBURG,VT,05906,-71.685949,44.463165,50,009,950500,1
"181 LONG HILL RD CONCORD, VT 05824 ",181,LONG HILL RD,CONCORD,VT,05824,-71.879505,44.427984,50,009,950500,2
"264 LAKE RD LUNENBURG, VT 05906 ",264,LAKE RD,LUNENBURG,VT,05906,-71.688945,44.491051,50,009,950500,1
"175 OREGON RD CONCORD, VT 05906 ",175,OREGON RD,CONCORD,VT,05906,-71.773416,44.4629,50,009,950500,2
"1811 W LUNENBURG RD LUNENBURG, VT 05906 ",1811,W   LUNENBURG RD,LUNENBURG,VT,05906,-71.763411,44.467619,50,009,950500,3
"1738 PAUL STREAM RD FERDINAND, VT 05905 ",1738,PAUL STREAM RD,FERDINAND,VT,05905,-71.721396,44.663407,50,009,950100,1
"1774 POND HILL RD LUNENBURG, VT 05906 ",1774,POND HILL RD,LUNENBURG,VT,05906,-71.717077,44.509713,50,009,950500,1
"102 STATE PARK RD BRIGHTON, VT 05846 ",102,STATE PARK RD,BRIGHTON,VT,05846,-71.855081,44.796579,50,009,950200,1
"270 MAIN ST CONCORD, VT 05824 ",270,MAIN ST,CONCORD,VT,05824,-71.890231,44.428644,50,009,950500,2
"3077 VT ROUTE 102 LEMINGTON, VT 05905 ",3077,VT ROUTE 102,LEMINGTON,VT,05905,-71.547916,44.865164,50,009,950100,1
"0 E MAIN ST LUNENBURG, VT 05906 ",0,E   MAIN ST,LUNENBURG,VT,05906,-71.679924,44.463671,50,009,950500,1
"1189 POND HILL RD LUNENBURG, VT 05906 ",1189,POND HILL RD,LUNENBURG,VT,05906,-71.706101,44.496412,50,009,950500,1
"78 GALE ST CANAAN, VT 05903 ",78,GALE ST,CANAAN,VT,05903,-71.536327,44.996288,50,009,950100,2
"553 JACKSON RD AVERILL, VT 05901 ",553,JACKSON RD,AVERILL,VT,05901,-71.709056,44.982394,50,009,950100,1
"300 GALE ST CANAAN, VT 05903 ",300,GALE ST,CANAAN,VT,05903,-71.540186,44.997366,50,009,950100,2
"378 W MAIN ST LUNENBURG, VT 05906 ",378,W  MAIN ST,LUNENBURG,VT,05906,-71.696798,44.461477,50,009,950500,1
"1745 RIVER RD VICTORY, VT 05858 ",1745,RIVER RD,VICTORY,VT,05858,-71.771494,44.533738,50,009,950500,1
"2408 VT ROUTE 114 E NORTON, VT 05907 ",2408,VT ROUTE 114   E,NORTON,VT,05907,-71.750028,44.998932,50,009,950100,1
"0 WESTSIDE LAKE RD MAIDSTONE, VT 05905 ",0,WESTSIDE LAKE RD,MAIDSTONE,VT,05905,-71.652839,44.653236,50,009,950100,1
"2043 BAPTIST HILL RD LUNENBURG, VT 05904 ",2043,BAPTIST HILL RD,LUNENBURG,VT,05904,-71.715001,44.415053,50,009,950500,3
"26 BASIL HILL RD BRIGHTON, VT 05846 ",26,BASIL HILL RD,BRIGHTON,VT,05846,-71.933015,44.80755,50,009,950200,1
"308 YOUNGS RD EAST HAVEN, VT 05837 ",308,YOUNGS RD,EAST HAVEN,VT,05837,-71.875062,44.640065,50,009,950500,1
"0 OLD COUNTY RD CANAAN, VT 05903 ",0,OLD COUNTY RD,CANAAN,VT,05903,-71.58432,44.952523,50,009,950100,2
"0 GRAY RD CANAAN, VT 05903 ",0,GRAY RD,CANAAN,VT,05903,-71.587851,44.960573,50,009,950100,2
"88 JEFFERSON AVE LUNENBURG, VT 05904 ",88,JEFFERSON AVE,LUNENBURG,VT,05904,-71.721957,44.41405,50,009,950500,3
"1050 HUDSON RD CANAAN, VT 05903 ",1050,HUDSON RD,CANAAN,VT,05903,-71.552143,44.942996,50,009,950100,2
"7181 VT ROUTE 102 LEMINGTON, VT 05905 ",7181,VT ROUTE 102,LEMINGTON,VT,05905,-71.505549,44.908885,50,009,950100,1
"3321 CHARLESTON RD BRIGHTON, VT 05846 ",3321,CHARLESTON RD,BRIGHTON,VT,05846,-71.944088,44.811805,50,009,950200,1
"4573 CANAAN HILL RD CANAAN, VT 05903 ",4573,CANAAN HILL RD,CANAAN,VT,05903,-71.617046,44.971514,50,009,950100,2
"324 LAKESHORE DR BRIGHTON, VT 05846 ",324,LAKESHORE DR,BRIGHTON,VT,05846,-71.864031,44.792162,50,009,950200,1
"162 BOULDER BLUFF LN CONCORD, VT 05824 ",162,BOULDER BLUFF LN,CONCORD,VT,05824,-71.817452,44.448926,50,009,950500,2
"0 RIVER RD CANAAN, VT 05902 ",0,RIVER RD,CANAAN,VT,05902,-71.474344,45.011697,50,009,950100,2
"746 MOISE WOOD RD BRIGHTON, VT 05846 ",746,MOISE WOOD RD,BRIGHTON,VT,05846,-71.864663,44.772985,50,009,950200,1
"0 VENHEIM RD LUNENBURG, VT 05906 ",0,VENHEIM RD,LUNENBURG,VT,05906,-71.748235,44.474576,50,009,950500,1
"89 DALE AVE BRIGHTON, VT 05846 ",89,DALE AVE,BRIGHTON,VT,05846,-71.881593,44.809926,50,009,950200,1
"472 WESLEY RD CONCORD, VT 05824 ",472,WESLEY RD,CONCORD,VT,05824,-71.85387,44.462229,50,009,950500,2
"0 TODD HILL RD CANAAN, VT 05903 ",0,TODD HILL RD,CANAAN,VT,05903,-71.536727,44.929138,50,009,950100,2
"72 WILDERNESS RD LUNENBURG, VT 05906 ",72,WILDERNESS RD,LUNENBURG,VT,05906,-71.761143,44.470795,50,009,950500,1
"2573 HALL RD MAIDSTONE, VT 05905 ",2573,HALL RD,MAIDSTONE,VT,05905,-71.630306,44.637656,50,009,950100,1
"26 BIRCH ST BRIGHTON, VT 05846 ",26,BIRCH ST,BRIGHTON,VT,05846,-71.880797,44.812526,50,009,950200,1
"0 S LUNENBURG RD LUNENBURG, VT 05906 ",0,S   LUNENBURG RD,LUNENBURG,VT,05906,-71.682676,44.461417,50,009,950500,3
"1848 MADISON BROOK RD FERDINAND, VT 05905 ",1848,MADISON BROOK RD,FERDINAND,VT,05905,-71.754228,44.684423,50,009,950100,1
"184 MIDDLE ST BRIGHTON, VT 05846 ",184,MIDDLE ST,BRIGHTON,VT,05846,-71.884202,44.818104,50,009,950200,1
"576 NEWARK RD BRIGHTON, VT 05846 ",576,NEWARK RD,BRIGHTON,VT,05846,-71.920678,44.783575,50,009,950200,1
"2429 JACKSON RD AVERILL, VT 05901 ",2429,JACKSON RD,AVERILL,VT,05901,-71.709573,44.963343,50,009,950100,1
"5897 VT ROUTE 102 BLOOMFIELD, VT 05905 ",5897,VT ROUTE 102,BLOOMFIELD,VT,05905,-71.578061,44.814947,50,009,950100,1
"309 E MAIN ST LUNENBURG, VT 05906 ",309,E  MAIN ST,LUNENBURG,VT,05906,-71.67048,44.464994,50,009,950500,1
"35 W MAIN ST LUNENBURG, VT 05906 ",35,W  MAIN ST,LUNENBURG,VT,05906,-71.683748,44.462933,50,009,950500,3
"589 LAKESHORE DR BRIGHTON, VT 05846 ",589,LAKESHORE DR,BRIGHTON,VT,05846,-71.858903,44.793867,50,009,950200,1
"110 COTTAGE RD AVERILL, VT 05901 ",110,COTTAGE RD,AVERILL,VT,05901,-71.707962,44.996597,50,009,950100,1
"1718 LAMOTTE RD GUILDHALL, VT 05905 ",1718,LAMOTTE RD,GUILDHALL,VT,05905,-71.656838,44.527055,50,009,950500,1
"81 BEACH RD AVERILL, VT 05901 ",81,BEACH RD,AVERILL,VT,05901,-71.684769,44.967664,50,009,950100,1
"0 BOYS CAMP RD LUNENBURG, VT 05906 ",0,BOYS CAMP RD,LUNENBURG,VT,05906,-71.696106,44.492782,50,009,950500,1
"23 PRIVATE WEST 8 MAIDSTONE, VT 05905 ",23,PRIVATE WEST 8,MAIDSTONE,VT,05905,-71.65651,44.646613,50,009,950100,1
"444 PLEASANT ST BRIGHTON, VT 05846 ",444,PLEASANT ST,BRIGHTON,VT,05846,-71.879751,44.805289,50,009,950200,1
"3042 OREGON RD CONCORD, VT 05824 ",3042,OREGON RD,CONCORD,VT,05824,-71.752975,44.425486,50,009,950500,2
"271 SE POND RD LUNENBURG, VT 05906 ",271,SE   POND RD,LUNENBURG,VT,05906,-71.689263,44.48651,50,009,950500,1
"895 HEAD OF THE POND RD BRIGHTON, VT 05846 ",895,HEAD OF THE POND RD,BRIGHTON,VT,05846,-71.858421,44.781798,50,009,950200,1
"74 SWEET TREE LN BRIGHTON, VT 05846 ",74,SWEET TREE LN,BRIGHTON,VT,05846,-71.848831,44.803766,50,009,950200,1
"1422 MAIN ST CONCORD, VT 05824 ",1422,MAIN ST,CONCORD,VT,05824,-71.878533,44.43976,50,009,950500,2
"5545 VT ROUTE 102 MAIDSTONE, VT 05905 ",5545,VT ROUTE 102,MAIDSTONE,VT,05905,-71.565638,44.637767,50,009,950100,1
"2044 FOREST LAKE RD AVERILL, VT 05901 ",2044,FOREST LAKE RD,AVERILL,VT,05901,-71.684625,44.983671,50,009,950100,1
"467 PORRELL RD GRANBY, VT 05858 ",467,PORRELL RD,GRANBY,VT,05858,-71.764657,44.575262,50,009,950500,1
"676 E MAIN ST LUNENBURG, VT 05906 ",676,E  MAIN ST,LUNENBURG,VT,05906,-71.655559,44.463785,50,009,950500,3
"0 COTTAGE RD AVERILL, VT 05901 ",0,COTTAGE RD,AVERILL,VT,05901,-71.705306,44.995809,50,009,950100,1
"65 ELM ST BRIGHTON, VT 05846 ",65,ELM ST,BRIGHTON,VT,05846,-71.880446,44.816971,50,009,950200,1
"131 WEST MOUNTAIN POND RD MAIDSTONE, VT 05905 ",131,WEST MOUNTAIN POND RD,MAIDSTONE,VT,05905,-71.639612,44.685442,50,009,950100,1
"331 GALE ST CANAAN, VT 05903 ",331,GALE ST,CANAAN,VT,05903,-71.541092,44.997392,50,009,950100,2
"0 DANCE HALL RD LUNENBURG, VT 05906 ",0,DANCE HALL RD,LUNENBURG,VT,05906,-71.765192,44.460065,50,009,950500,3
"1929 VT ROUTE 114 E NORTON, VT 05907 ",1929,VT ROUTE 114   E,NORTON,VT,05907,-71.758187,45.002298,50,009,950100,1
"72 RIVERSIDE AVE LUNENBURG, VT 05906 ",72,RIVERSIDE AVE,LUNENBURG,VT,05906,-71.722442,44.412339,50,009,950500,3
"40 GRIST MILL RD LUNENBURG, VT 05906 ",40,GRIST MILL RD,LUNENBURG,VT,05906,-71.677769,44.429311,50,009,950500,3
"0 GUILDHALL HILL RD LUNENBURG, VT 05906 ",0,GUILDHALL HILL RD,LUNENBURG,VT,05906,-71.656053,44.507213,50,009,950500,1
"4431 VT ROUTE 114 CANAAN, VT 05903 ",4431,VT ROUTE 114,CANAAN,VT,05903,-71.626617,45.009944,50,009,950100,2
"2591 POND HILL RD LUNENBURG, VT 05906 ",2591,POND HILL RD,LUNENBURG,VT,05906,-71.735191,44.500079,50,009,950500,1
"126 ED BATES RD AVERILL, VT 05901 ",126,ED BATES RD,AVERILL,VT,05901,-71.716912,44.986721,50,009,950100,1
"598 DERBY ST BRIGHTON, VT 05846 ",598,DERBY ST,BRIGHTON,VT,05846,-71.888368,44.806169,50,009,950200,1
"6001 GRANBY RD GRANBY, VT 05858 ",6001,GRANBY RD,GRANBY,VT,05858,-71.707597,44.572523,50,009,950500,1
"249 LABAY PL EAST HAVEN, VT 05837 ",249,LABAY PL,EAST HAVEN,VT,05837,-71.838453,44.694808,50,009,950500,1
"731 JACKSON RD AVERILL, VT 05901 ",731,JACKSON RD,AVERILL,VT,05901,-71.707879,44.980336,50,009,950100,1
"365 MAIN ST CONCORD, VT 05824 ",365,MAIN ST,CONCORD,VT,05824,-71.888042,44.429396,50,009,950500,2
"177 HEAD OF THE POND RD BRIGHTON, VT 05846 ",177,HEAD OF THE POND RD,BRIGHTON,VT,05846,-71.86779,44.789107,50,009,950200,1
"141 LOOP RD AVERILL, VT 05901 ",141,LOOP RD,AVERILL,VT,05901,-71.694647,44.964211,50,009,950100,1
"436 COTTAGE RD AVERILL, VT 05901 ",436,COTTAGE RD,AVERILL,VT,05901,-71.703681,44.99328,50,009,950100,1
"32 S LUNENBURG RD LUNENBURG, VT 05906 ",32,S   LUNENBURG RD,LUNENBURG,VT,05906,-71.682648,44.462274,50,009,950500,3
"4847 E BRIGHTON RD BRIGHTON, VT 05846 ",4847,E  BRIGHTON RD,BRIGHTON,VT,05846,-71.804589,44.786169,50,009,950200,1
"0 POND HILL RD LUNENBURG, VT 05906 ",0,POND HILL RD,LUNENBURG,VT,05906,-71.707566,44.49788,50,009,950500,1
"190 CHAMBERLAIN RD CANAAN, VT 05903 ",190,CHAMBERLAIN RD,CANAAN,VT,05903,-71.549493,44.967859,50,009,950100,2
"832 VT ROUTE 114 EAST HAVEN, VT 05837 ",832,VT ROUTE 114,EAST HAVEN,VT,05837,-71.892006,44.650646,50,009,950500,1
"1174 VT ROUTE 102 MAIDSTONE, VT 05905 ",1174,VT ROUTE 102,MAIDSTONE,VT,05905,-71.548571,44.58494,50,009,950100,1
"2487 WESTSIDE LAKE RD MAIDSTONE, VT 05905 ",2487,WESTSIDE LAKE RD,MAIDSTONE,VT,05905,-71.661135,44.638889,50,009,950100,1
"129 ALDER ST BRIGHTON, VT 05846 ",129,ALDER ST,BRIGHTON,VT,05846,-71.882636,44.814921,50,009,950200,1
"152 ETHAN ALLEN DR CANAAN, VT 05903 ",152,ETHAN ALLEN DR,CANAAN,VT,05903,-71.539061,44.999426,50,009,950100,2
"736 VICTORY RD CONCORD, VT 05858 ",736,VICTORY RD,CONCORD,VT,05858,-71.863046,44.477544,50,009,950500,2
"279 WESTSIDE LAKE RD MAIDSTONE, VT 05905 ",279,WESTSIDE LAKE RD,MAIDSTONE,VT,05905,-71.648905,44.664252,50,009,950100,1
"644 VT ROUTE 105 BLOOMFIELD, VT 05905 ",644,VT ROUTE 105,BLOOMFIELD,VT,05905,-71.63568,44.760728,50,009,950100,1
"2894 STONE DAM RD BLOOMFIELD, VT 05905 ",2894,STONE DAM RD,BLOOMFIELD,VT,05905,-71.707309,44.804158,50,009,950100,1
"67 VT ROUTE 105 FERDINAND, VT 05846 ",67,VT ROUTE 105,FERDINAND,VT,05846,-71.801824,44.785803,50,009,950100,1
"5562 MAIDSTONE LAKE RD MAIDSTONE, VT 05905 ",5562,MAIDSTONE LAKE RD,MAIDSTONE,VT,05905,-71.641404,44.642387,50,009,950100,1
"7218 VT ROUTE 102 LEMINGTON, VT 05905 ",7218,VT ROUTE 102,LEMINGTON,VT,05905,-71.505298,44.909828,50,009,950100,1
"195 DALEY BROOK LN BLOOMFIELD, VT 05905 ",195,DALEY BROOK LN,BLOOMFIELD,VT,05905,-71.611991,44.766414,50,009,950100,1
"213 GLENSIDE LN CONCORD, VT 05858 ",213,GLENSIDE LN,CONCORD,VT,05858,-71.860122,44.469319,50,009,950500,2
"4358 NORTH RD MAIDSTONE, VT 05905 ",4358,NORTH RD,MAIDSTONE,VT,05905,-71.606739,44.622158,50,009,950100,1
"125 CENTER RD CANAAN, VT 05903 ",125,CENTER RD,CANAAN,VT,05903,-71.540014,45.009893,50,009,950100,2
"47 DANCE HALL RD LUNENBURG, VT 05906 ",47,DANCE HALL RD,LUNENBURG,VT,05906,-71.757413,44.467158,50,009,950500,3
"7460 GRANBY RD GRANBY, VT 05858 ",7460,GRANBY RD,GRANBY,VT,05858,-71.731965,44.575422,50,009,950500,1
"2353 GRANBY RD GUILDHALL, VT 05905 ",2353,GRANBY RD,GUILDHALL,VT,05905,-71.643651,44.564633,50,009,950500,1
"3153 VT ROUTE 114 E NORTON, VT 05907 ",3153,VT ROUTE 114  E,NORTON,VT,05907,-71.735265,44.996336,50,009,950100,1
"11652 LEWIS POND RD LEWIS, VT 05907 ",11652,LEWIS POND RD,LEWIS,VT,05907,-71.759533,44.901449,50,009,950100,1
"12 MARSH RD NORTON, VT 05907 ",12,MARSH RD,NORTON,VT,05907,-71.793435,45.010149,50,009,950100,1
"917 JACKSON RD AVERILL, VT 05901 ",917,JACKSON RD,AVERILL,VT,05901,-71.705796,44.977978,50,009,950100,1
"3363 VT ROUTE 114 S NORTON, VT 05907 ",3363,VT ROUTE 114  S,NORTON,VT,05907,-71.819429,44.965422,50,009,950100,1
"280 LAKE VIEW RD NORTON, VT 05907 ",280,LAKE VIEW RD,NORTON,VT,05907,-71.71219,44.994745,50,009,950100,1
"2254 CROSS RD CONCORD, VT 05824 ",2254,CROSS RD,CONCORD,VT,05824,-71.899313,44.425823,50,009,950500,2
"37 FITZGERALD AVE BRIGHTON, VT 05846 ",37,FITZGERALD AVE,BRIGHTON,VT,05846,-71.883675,44.81076,50,009,950200,1
"0 POND HILL RD LUNENBURG, VT 05906 ",0,POND HILL RD,LUNENBURG,VT,05906,-71.732798,44.497766,50,009,950500,1
"213 POWER HOUSE RD CANAAN, VT 05903 ",213,POWER HOUSE RD,CANAAN,VT,05903,-71.532741,44.998321,50,009,950100,2
"0 GILMAN FARM RD LUNENBURG, VT 05906 ",0,GILMAN FARM RD,LUNENBURG,VT,05906,-71.714008,44.428949,50,009,950500,3
"5406 E BRANCH RD BLOOMFIELD, VT 05905 ",5406,E   BRANCH RD,BLOOMFIELD,VT,05905,-71.680017,44.850349,50,009,950100,1
"348 COLBY RD LUNENBURG, VT 05906 ",348,COLBY RD,LUNENBURG,VT,05906,-71.675604,44.486577,50,009,950500,1
"1452 LAKESHORE DR BRIGHTON, VT 05846 ",1452,LAKESHORE DR,BRIGHTON,VT,05846,-71.856413,44.80522,50,009,950200,1
"312 LEWIS LN LEMINGTON, VT 05903 ",312,LEWIS LN,LEMINGTON,VT,05903,-71.541749,44.923089,50,009,950100,1
"90 RIVER RD CANAAN, VT 05902 ",90,RIVER RD,CANAAN,VT,05902,-71.505971,45.008452,50,009,950100,2
"1932 POND HILL RD LUNENBURG, VT 05906 ",1932,POND HILL RD,LUNENBURG,VT,05906,-71.722954,44.509373,50,009,950500,1
"1429 VT ROUTE 253 CANAAN, VT 05902 ",1429,VT ROUTE 253,CANAAN,VT,05902,-71.506105,45.012774,50,009,950100,2
"277 JACKSON RD AVERILL, VT 05901 ",277,JACKSON RD,AVERILL,VT,05901,-71.714039,44.984937,50,009,950100,1
"0 VT ROUTE 105 BLOOMFIELD, VT 05905 ",0,VT ROUTE 105,BLOOMFIELD,VT,05905,-71.646003,44.765597,50,009,950100,1
"1753 VT ROUTE 114 EAST HAVEN, VT 05837 ",1753,VT ROUTE 114,EAST HAVEN,VT,05837,-71.889139,44.663807,50,009,950500,1
"163 BOULDER BLUFF LN CONCORD, VT 05824 ",163,BOULDER BLUFF LN,CONCORD,VT,05824,-71.816887,44.449634,50,009,950500,2
"0 COLE HILL RD LUNENBURG, VT 05906 ",0,COLE HILL RD,LUNENBURG,VT,05906,-71.667153,44.508376,50,009,950500,1
"111 SCENIC DR CANAAN, VT 05903 ",111,SCENIC DR,CANAAN,VT,05903,-71.614951,45.007838,50,009,950100,2
"460 MARKO RD CONCORD, VT 05824 ",460,MARKO RD,CONCORD,VT,05824,-71.914453,44.430963,50,009,950500,2
"66 ENID CIR CANAAN, VT 05903 ",66,ENID CIR,CANAAN,VT,05903,-71.541205,44.999599,50,009,950100,2
"75 POLLARD HL CANAAN, VT 05903 ",75,POLLARD HL,CANAAN,VT,05903,-71.597258,44.95575,50,009,950100,2
"24 FELLOWS RD GUILDHALL, VT 05905 ",24,FELLOWS RD,GUILDHALL,VT,05905,-71.594557,44.512179,50,009,950500,1
"0 VT ROUTE 102 BLOOMFIELD, VT 05905 ",0,VT ROUTE 102,BLOOMFIELD,VT,05905,-71.586868,44.785279,50,009,950100,1
"282 BREAULT RD CANAAN, VT 05903 ",282,BREAULT RD,CANAAN,VT,05903,-71.605535,45.011426,50,009,950100,2
"3828 MAIDSTONE LAKE RD MAIDSTONE, VT 05905 ",3828,MAIDSTONE LAKE RD,MAIDSTONE,VT,05905,-71.647657,44.665017,50,009,950100,1
"4640 VT ROUTE 114 CANAAN, VT 05903 ",4640,VT ROUTE 114,CANAAN,VT,05903,-71.63096,45.009375,50,009,950100,2
"367 MAIN ST CONCORD, VT 05824 ",367,MAIN ST,CONCORD,VT,05824,-71.887717,44.429349,50,009,950500,2
"7410 VT ROUTE 114 CANAAN, VT 05903 ",7410,VT ROUTE 114,CANAAN,VT,05903,-71.686508,45.005989,50,009,950100,2
"1580 NEWARK RD BRIGHTON, VT 05846 ",1580,NEWARK RD,BRIGHTON,VT,05846,-71.93041,44.772566,50,009,950200,1
"19 HUMMINGBIRD LN CONCORD, VT 05858 ",19,HUMMINGBIRD LN,CONCORD,VT,05858,-71.853432,44.464608,50,009,950500,2
"2663 NORTH RD MAIDSTONE, VT 05905 ",2663,NORTH RD,MAIDSTONE,VT,05905,-71.590899,44.600091,50,009,950100,1
"143 LANCASTER RD LUNENBURG, VT 05906 ",143,LANCASTER RD,LUNENBURG,VT,05906,-71.651418,44.468686,50,009,950500,1
"252 VT ROUTE 114 EAST HAVEN, VT 05837 ",252,VT ROUTE 114,EAST HAVEN,VT,05837,-71.893335,44.642242,50,009,950500,1
"0 WESTSIDE LAKE RD MAIDSTONE, VT 05905 ",0,WESTSIDE LAKE RD,MAIDSTONE,VT,05905,-71.661617,44.638967,50,009,950100,1
"86 DALE AVE BRIGHTON, VT 05846 ",86,DALE AVE,BRIGHTON,VT,05846,-71.881906,44.809872,50,009,950200,1
"4038 VT ROUTE 114 CANAAN, VT 05903 ",4038,VT ROUTE 114,CANAAN,VT,05903,-71.618908,45.0097,50,009,950100,2
"4323 VT ROUTE 102 CANAAN, VT 05903 ",4323,VT ROUTE 102,CANAAN,VT,05903,-71.526306,44.966875,50,009,950100,2
"2421 BEAR HILL RD MAIDSTONE, VT 05905 ",2421,BEAR HILL RD,MAIDSTONE,VT,05905,-71.577628,44.623432,50,009,950100,1
"959 MORIN RD GUILDHALL, VT 05905 ",959,MORIN RD,GUILDHALL,VT,05905,-71.622352,44.498088,50,009,950500,1
"0 OREGON RD LUNENBURG, VT 05906 ",0,OREGON RD,LUNENBURG,VT,05906,-71.751328,44.427891,50,009,950500,3
"222 GLENSIDE LN CONCORD, VT 05858 ",222,GLENSIDE LN,CONCORD,VT,05858,-71.859782,44.469646,50,009,950500,2
"0 KEMP HILL RD CANAAN, VT 05903 ",0,KEMP HILL RD,CANAAN,VT,05903,-71.549963,44.972484,50,009,950100,2
"319 FISHING VILLAGE RD BRIGHTON, VT 05846 ",319,FISHING VILLAGE RD,BRIGHTON,VT,05846,-71.855542,44.80168,50,009,950200,1
"1061 RIVER RD VICTORY, VT 05858 ",1061,RIVER RD,VICTORY,VT,05858,-71.788255,44.56616,50,009,950500,1
"5438 MAIDSTONE LAKE RD MAIDSTONE, VT 05905 ",5438,MAIDSTONE LAKE RD,MAIDSTONE,VT,05905,-71.641284,44.645078,50,009,950100,1
"1062 E BRANCH RD BLOOMFIELD, VT 05905 ",1062,E   BRANCH RD,BLOOMFIELD,VT,05905,-71.665193,44.792715,50,009,950100,1
"393 SNOW HILL RD BLOOMFIELD, VT 05905 ",393,SNOW HILL RD,BLOOMFIELD,VT,05905,-71.611939,44.791529,50,009,950100,1
"111 KEMP HILL RD CANAAN, VT 05903 ",111,KEMP HILL RD,CANAAN,VT,05903,-71.543646,44.978256,50,009,950100,2
"1061 VT ROUTE 253 CANAAN, VT 05902 ",1061,VT ROUTE 253,CANAAN,VT,05902,-71.508788,45.008442,50,009,950100,2
"2039 NORTH RD MAIDSTONE, VT 05905 ",2039,NORTH RD,MAIDSTONE,VT,05905,-71.595131,44.592884,50,009,950100,1
"25 SCHOOLHOUSE RD BLOOMFIELD, VT 05905 ",25,SCHOOLHOUSE RD,BLOOMFIELD,VT,05905,-71.629079,44.754635,50,009,950100,1
"6013 VT ROUTE 102 BLOOMFIELD, VT 05905 ",6013,VT ROUTE 102,BLOOMFIELD,VT,05905,-71.576206,44.817588,50,009,950100,1
"0 GRAY RD CANAAN, VT 05903 ",0,GRAY RD,CANAAN,VT,05903,-71.589345,44.959214,50,009,950100,2
"325 NORTH RD GUILDHALL, VT 05905 ",325,NORTH RD,GUILDHALL,VT,05905,-71.591011,44.570283,50,009,950500,1
"249 COTTAGE DR BRIGHTON, VT 05846 ",249,COTTAGE DR,BRIGHTON,VT,05846,-71.872477,44.799961,50,009,950200,1
"187 E MAIN ST LUNENBURG, VT 05906 ",187,E   MAIN ST,LUNENBURG,VT,05906,-71.676167,44.464656,50,009,950500,1
"29 EAST ST CANAAN, VT 05902 ",29,EAST ST,CANAAN,VT,05902,-71.506268,45.009775,50,009,950100,2
"28 LAKE EAST 2 MAIDSTONE, VT 05905 ",28,LAKE EAST 2,MAIDSTONE,VT,05905,-71.641109,44.641568,50,009,950100,1
"7061 VT ROUTE 102 LEMINGTON, VT 05905 ",7061,VT ROUTE 102,LEMINGTON,VT,05905,-71.504558,44.907514,50,009,950100,1
"112 NEWARK RD BRIGHTON, VT 05846 ",112,NEWARK RD,BRIGHTON,VT,05846,-71.913972,44.786715,50,009,950200,1
"153 CHRISTIAN HL CANAAN, VT 05903 ",153,CHRISTIAN HL,CANAAN,VT,05903,-71.536806,44.998107,50,009,950100,2
"1792 HUDSON RD CANAAN, VT 05903 ",1792,HUDSON RD,CANAAN,VT,05903,-71.566177,44.941978,50,009,950100,2
"431 LYSTER BROOK LN BRIGHTON, VT 05837 ",431,LYSTER BROOK LN,BRIGHTON,VT,05837,-71.870587,44.734775,50,009,950200,1
"6349 VT ROUTE 102 LEMINGTON, VT 05905 ",6349,VT ROUTE 102,LEMINGTON,VT,05905,-71.508244,44.899924,50,009,950100,1
"4236 VICTORY RD VICTORY, VT 05858 ",4236,VICTORY RD,VICTORY,VT,05858,-71.785264,44.57475,50,009,950500,1
"162 CAMPERS LN CONCORD, VT 05824 ",162,CAMPERS LN,CONCORD,VT,05824,-71.798183,44.446191,50,009,950500,2
"1597 VT ROUTE 102 BRUNSWICK, VT 05905 ",1597,VT ROUTE 102,BRUNSWICK,VT,05905,-71.634736,44.727827,50,009,950100,1
"0 LAKE RD LUNENBURG, VT 05906 ",0,LAKE RD,LUNENBURG,VT,05906,-71.688827,44.491303,50,009,950500,1
"1382 NORTH RD GUILDHALL, VT 05905 ",1382,NORTH RD,GUILDHALL,VT,05905,-71.596037,44.584634,50,009,950500,1
"0 RIVER RD LUNENBURG, VT 05906 ",0,RIVER RD,LUNENBURG,VT,05906,-71.68026,44.433346,50,009,950500,3
"96 BIRON LN NORTON, VT 05907 ",96,BIRON LN,NORTON,VT,05907,-71.849226,44.949877,50,009,950100,1
"0 CLAY BROOK RD CANAAN, VT 05903 ",0,CLAY BROOK RD,CANAAN,VT,05903,-71.58722,44.964712,50,009,950100,2
"90 WALKER PIT RD LUNENBURG, VT 05906 ",90,WALKER PIT RD,LUNENBURG,VT,05906,-71.736011,44.411116,50,009,950500,3
"85 PARISEAU DR CANAAN, VT 05902 ",85,PARISEAU DR,CANAAN,VT,05902,-71.498193,45.005427,50,009,950100,2
"111 COTTAGE DR BRIGHTON, VT 05846 ",111,COTTAGE DR,BRIGHTON,VT,05846,-71.874276,44.801725,50,009,950200,1
"851 LANCASTER RD LUNENBURG, VT 05906 ",851,LANCASTER RD,LUNENBURG,VT,05906,-71.634659,44.483395,50,009,950500,1
"1100 SPENCER HILL RD BLOOMFIELD, VT 05905 ",1100,SPENCER HILL RD,BLOOMFIELD,VT,05905,-71.62803,44.766789,50,009,950100,1
"71 COTTAGE DR BRIGHTON, VT 05846 ",71,COTTAGE DR,BRIGHTON,VT,05846,-71.874791,44.802247,50,009,950200,1
"0 GILMAN FARM RD LUNENBURG, VT 05906 ",0,GILMAN FARM RD,LUNENBURG,VT,05906,-71.719255,44.428985,50,009,950500,3
"59 CHRISTIAN HL CANAAN, VT 05903 ",59,CHRISTIAN HL,CANAAN,VT,05903,-71.538253,44.99712,50,009,950100,2
"324 LADD RD CONCORD, VT 05824 ",324,LADD RD,CONCORD,VT,05824,-71.862481,44.456781,50,009,950500,2
"45 FRECHETTE DR CANAAN, VT 05903 ",45,FRECHETTE DR,CANAAN,VT,05903,-71.541111,44.991469,50,009,950100,2
"469 CHARLESTON RD BRIGHTON, VT 05846 ",469,CHARLESTON RD,BRIGHTON,VT,05846,-71.895722,44.800391,50,009,950200,1
"456 LEONARD HILL RD CONCORD, VT 05824 ",456,LEONARD HILL RD,CONCORD,VT,05824,-71.764599,44.425013,50,009,950500,2
"63 E MAIN ST LUNENBURG, VT 05906 ",63,E   MAIN ST,LUNENBURG,VT,05906,-71.679574,44.463526,50,009,950500,1
"0 W MCCONNELL POND RD BRIGHTON, VT 05846 ",0,W  MCCONNELL POND RD,BRIGHTON,VT,05846,-71.799855,44.819523,50,009,950200,1
"0 BOBBIN MILL RD LUNENBURG, VT 05906 ",0,BOBBIN MILL RD,LUNENBURG,VT,05906,-71.670619,44.487914,50,009,950500,1
"2794 LEWIS POND RD LEWIS, VT 05907 ",2794,LEWIS POND RD,LEWIS,VT,05907,-71.739081,44.809171,50,009,950100,1
"473 DERBY ST BRIGHTON, VT 05846 ",473,DERBY ST,BRIGHTON,VT,05846,-71.886744,44.807409,50,009,950200,1
"606 VT ROUTE 105 BLOOMFIELD, VT 05905 ",606,VT ROUTE 105,BLOOMFIELD,VT,05905,-71.638862,44.75878,50,009,950100,1
"624 EAST HAVEN RD BRIGHTON, VT 05846 ",624,EAST HAVEN RD,BRIGHTON,VT,05846,-71.910078,44.789067,50,009,950200,1
"1439 CROSS RD CONCORD, VT 05824 ",1439,CROSS RD,CONCORD,VT,05824,-71.913703,44.424287,50,009,950500,2
"0 GALE ST CANAAN, VT 05903 ",0,GALE ST,CANAAN,VT,05903,-71.536099,44.996681,50,009,950100,2
"67 W SIDE RD LUNENBURG, VT 05906 ",67,W  SIDE RD,LUNENBURG,VT,05906,-71.698425,44.486539,50,009,950500,1
"484 GOODWIN CAMP RD MAIDSTONE, VT 05905 ",484,GOODWIN CAMP RD,MAIDSTONE,VT,05905,-71.649872,44.675732,50,009,950100,1
"561 BEACH DR CONCORD, VT 05858 ",561,BEACH DR,CONCORD,VT,05858,-71.794532,44.448009,50,009,950500,2
"323 RIVER RD CANAAN, VT 05902 ",323,RIVER RD,CANAAN,VT,05902,-71.501653,45.00762,50,009,950100,2
"200 MASTERS RD MAIDSTONE, VT 05905 ",200,MASTERS RD,MAIDSTONE,VT,05905,-71.604649,44.656369,50,009,950100,1
"0 VT ROUTE 114 CANAAN, VT 05903 ",0,VT ROUTE 114,CANAAN,VT,05903,-71.692699,45.003476,50,009,950100,2
"5276 MAIDSTONE LAKE RD MAIDSTONE, VT 05905 ",5276,MAIDSTONE LAKE RD,MAIDSTONE,VT,05905,-71.640761,44.646716,50,009,950100,1
"27 BAPTIST HILL RD LUNENBURG, VT 05906 ",27,BAPTIST HILL RD,LUNENBURG,VT,05906,-71.697581,44.460837,50,009,950500,3
"1964 FELLOWS RD GUILDHALL, VT 05905 ",1964,FELLOWS RD,GUILDHALL,VT,05905,-71.621353,44.529874,50,009,950500,1
"210 CHRISTIAN HL CANAAN, VT 05903 ",210,CHRISTIAN HL,CANAAN,VT,05903,-71.535535,44.99817,50,009,950100,2
"1891 W LUNENBURG RD LUNENBURG, VT 05906 ",1891,W  LUNENBURG RD,LUNENBURG,VT,05906,-71.766835,44.466098,50,009,950500,3
"901 W MAIN ST CONCORD, VT 05824 ",901,W   MAIN ST,CONCORD,VT,05824,-71.908796,44.437553,50,009,950500,2
"6777 VT ROUTE 102 GUILDHALL, VT 05905 ",6777,VT ROUTE 102,GUILDHALL,VT,05905,-71.569035,44.565727,50,009,950500,1
"126 WHITEHEAD LN CONCORD, VT 05824 ",126,WHITEHEAD LN,CONCORD,VT,05824,-71.87124,44.39636,50,009,950500,2
"165 SUNRISE RD WARRENS GORE, VT 05907 ",165,SUNRISE RD,WARRENS GORE,VT,05907,-71.879297,44.924734,50,009,950100,1
"219 WILDERNESS RD LUNENBURG, VT 05906 ",219,WILDERNESS RD,LUNENBURG,VT,05906,-71.76449,44.474108,50,009,950500,1
"182 DANCE HALL RD LUNENBURG, VT 05906 ",182,DANCE HALL RD,LUNENBURG,VT,05906,-71.758626,44.463585,50,009,950500,3
"1697 W LUNENBURG RD LUNENBURG, VT 05906 ",1697,W  LUNENBURG RD,LUNENBURG,VT,05906,-71.760183,44.468151,50,009,950500,3
"603 RAILROAD ST BRIGHTON, VT 05846 ",603,RAILROAD ST,BRIGHTON,VT,05846,-71.890622,44.820063,50,009,950200,1
"123 DANCE HALL RD LUNENBURG, VT 05906 ",123,DANCE HALL RD,LUNENBURG,VT,05906,-71.757644,44.465562,50,009,950500,3
"40 MAPLE ST EXT EAST HAVEN, VT 05837 ",40,MAPLE ST EXT,EAST HAVEN,VT,05837,-71.891877,44.643869,50,009,950500,1
"2211 VT ROUTE 114 S NORTON, VT 05907 ",2211,VT ROUTE 114  S,NORTON,VT,05907,-71.814294,44.980603,50,009,950100,1
"21 WASHINGTON AVE LUNENBURG, VT 05904 ",21,WASHINGTON AVE,LUNENBURG,VT,05904,-71.718521,44.41277,50,009,950500,3
"2691 POND HILL RD LUNENBURG, VT 05906 ",2691,POND HILL RD,LUNENBURG,VT,05906,-71.732086,44.496058,50,009,950500,1
"994 VT ROUTE 102 BRUNSWICK, VT 05905 ",994,VT ROUTE 102,BRUNSWICK,VT,05905,-71.633343,44.7363,50,009,950100,1
"6175 VT ROUTE 102 LEMINGTON, VT 05905 ",6175,VT ROUTE 102,LEMINGTON,VT,05905,-71.509789,44.897632,50,009,950100,1
"902 BOMBARD RD CONCORD, VT 05824 ",902,BOMBARD RD,CONCORD,VT,05824,-71.817239,44.406109,50,009,950500,2
"1536 VT ROUTE 102 MAIDSTONE, VT 05905 ",1536,VT ROUTE 102,MAIDSTONE,VT,05905,-71.548016,44.590976,50,009,950100,1
"369 HALL STREAM RD CANAAN, VT 05902 ",369,HALL STREAM RD,CANAAN,VT,05902,-71.500303,45.01259,50,009,950100,2
"0 BAPTIST HILL RD LUNENBURG, VT 05906 ",0,BAPTIST HILL RD,LUNENBURG,VT,05906,-71.711449,44.449573,50,009,950500,3
"46 S LUNENBURG RD LUNENBURG, VT 05906 ",46,S   LUNENBURG RD,LUNENBURG,VT,05906,-71.682523,44.462039,50,009,950500,3
"744 COTTAGE RD AVERILL, VT 05901 ",744,COTTAGE RD,AVERILL,VT,05901,-71.699845,44.990389,50,009,950100,1
"0 POND HILL RD LUNENBURG, VT 05906 ",0,POND HILL RD,LUNENBURG,VT,05906,-71.70452,44.494993,50,009,950500,1
"1562 LAKESHORE DR BRIGHTON, VT 05846 ",1562,LAKESHORE DR,BRIGHTON,VT,05846,-71.856139,44.806574,50,009,950200,1
"152 WALKER PIT RD LUNENBURG, VT 05906 ",152,WALKER PIT RD,LUNENBURG,VT,05906,-71.737995,44.41042,50,009,950500,3
"4615 VT ROUTE 114 E NORTON, VT 05907 ",4615,VT ROUTE 114   E,NORTON,VT,05907,-71.70809,44.999835,50,009,950100,1
"8 JEFFERSON AVE LUNENBURG, VT 05904 ",8,JEFFERSON AVE,LUNENBURG,VT,05904,-71.719257,44.415037,50,009,950500,3
"161 ENLIGHTENING VIEW LN BLOOMFIELD, VT 05905 ",161,ENLIGHTENING VIEW LN,BLOOMFIELD,VT,05905,-71.618456,44.760895,50,009,950100,1
"572 BROOK RD CONCORD, VT 05824 ",572,BROOK RD,CONCORD,VT,05824,-71.880349,44.451929,50,009,950500,2
"447 PAUL BUNYAN RD BRIGHTON, VT 05846 ",447,PAUL BUNYAN RD,BRIGHTON,VT,05846,-71.913203,44.779115,50,009,950200,1
"0 HAGGARD HOLLOW RD LUNENBURG, VT 05906 ",0,HAGGARD HOLLOW RD,LUNENBURG,VT,05906,-71.708006,44.475522,50,009,950500,1
"157 SPECTACLE POND RD BRIGHTON, VT 05846 ",157,SPECTACLE POND RD,BRIGHTON,VT,05846,-71.854786,44.800847,50,009,950200,1
"2032 BOBBIN MILL RD LUNENBURG, VT 05906 ",2032,BOBBIN MILL RD,LUNENBURG,VT,05906,-71.654328,44.48499,50,009,950500,1
"42 ELM ST LUNENBURG, VT 05904 ",42,ELM ST,LUNENBURG,VT,05904,-71.718158,44.414649,50,009,950500,3
"282 GALE ST CANAAN, VT 05903 ",282,GALE ST,CANAAN,VT,05903,-71.539955,44.997202,50,009,950100,2
"3989 VT ROUTE 114 CANAAN, VT 05903 ",3989,VT ROUTE 114,CANAAN,VT,05903,-71.618016,45.009321,50,009,950100,2
"13 PRIVATE WEST 1 MAIDSTONE, VT 05905 ",13,PRIVATE WEST 1,MAIDSTONE,VT,05905,-71.649826,44.659754,50,009,950100,1
"975 WESTSIDE LAKE RD MAIDSTONE, VT 05905 ",975,WESTSIDE LAKE RD,MAIDSTONE,VT,05905,-71.652957,44.655094,50,009,950100,1
"891 GAGNON RD NORTON, VT 05907 ",891,GAGNON RD,NORTON,VT,05907,-71.832682,44.977311,50,009,950100,1
"521 JACKSON RD AVERILL, VT 05901 ",521,JACKSON RD,AVERILL,VT,05901,-71.709374,44.98286,50,009,950100,1
"137 DEVOST LN NORTON, VT 05907 ",137,DEVOST LN,NORTON,VT,05907,-71.849627,44.948633,50,009,950100,1
"0 CANAAN HILL RD CANAAN, VT 05903 ",0,CANAAN HILL RD,CANAAN,VT,05903,-71.616696,44.97131,50,009,950100,2
"1027 GEORGES BLVD EAST HAVEN, VT 05837 ",1027,GEORGES BLVD,EAST HAVEN,VT,05837,-71.859422,44.634828,50,009,950500,1
"80 NORTH ST BRIGHTON, VT 05846 ",80,NORTH ST,BRIGHTON,VT,05846,-71.882287,44.818169,50,009,950200,1
"194 BIRCH ST BRIGHTON, VT 05846 ",194,BIRCH ST,BRIGHTON,VT,05846,-71.878236,44.810658,50,009,950200,1
"151 MILTIMORE RD CONCORD, VT 05824 ",151,MILTIMORE RD,CONCORD,VT,05824,-71.891416,44.408871,50,009,950500,2
"230 E BRIGHTON RD BRIGHTON, VT 05846 ",230,E  BRIGHTON RD,BRIGHTON,VT,05846,-71.877249,44.817049,50,009,950200,1
"67 GALE ST CANAAN, VT 05903 ",67,GALE ST,CANAAN,VT,05903,-71.536186,44.995861,50,009,950100,2
"963 VT ROUTE 102 CANAAN, VT 05903 ",963,VT ROUTE 102,CANAAN,VT,05903,-71.519993,44.921205,50,009,950100,2
"186 STEVENS RD BLOOMFIELD, VT 05905 ",186,STEVENS RD,BLOOMFIELD,VT,05905,-71.57699,44.802205,50,009,950100,1
"3541 NORTH RD MAIDSTONE, VT 05905 ",3541,NORTH RD,MAIDSTONE,VT,05905,-71.598161,44.612039,50,009,950100,1
"323 RAILROAD ST BRIGHTON, VT 05846 ",323,RAILROAD ST,BRIGHTON,VT,05846,-71.88647,44.817337,50,009,950200,1
"561 LEWIS POND TRL LEWIS, VT 05907 ",561,LEWIS POND TRL,LEWIS,VT,05907,-71.784289,44.884076,50,009,950100,1
"0 VT ROUTE 102 CANAAN, VT 05903 ",0,VT ROUTE 102,CANAAN,VT,05903,-71.539069,44.969242,50,009,950100,2
"793 VT ROUTE 102 MAIDSTONE, VT 05905 ",793,VT ROUTE 102,MAIDSTONE,VT,05905,-71.555468,44.581902,50,009,950100,1
"530 WALTERS FARM RD EAST HAVEN, VT 05837 ",530,WALTERS FARM RD,EAST HAVEN,VT,05837,-71.901483,44.651461,50,009,950500,1
"1058 MAIN ST CONCORD, VT 05824 ",1058,MAIN ST,CONCORD,VT,05824,-71.879118,44.434395,50,009,950500,2
"0 BAPTIST HILL RD LUNENBURG, VT 05906 ",0,BAPTIST HILL RD,LUNENBURG,VT,05906,-71.725227,44.436329,50,009,950500,3
"607 EAST HAVEN RD BRIGHTON, VT 05846 ",607,EAST HAVEN RD,BRIGHTON,VT,05846,-71.908909,44.789405,50,009,950200,1
"108 ROCKY RD EAST HAVEN, VT 05837 ",108,ROCKY RD,EAST HAVEN,VT,05837,-71.888909,44.640821,50,009,950500,1
"1305 VT ROUTE 102 CANAAN, VT 05903 ",1305,VT ROUTE 102,CANAAN,VT,05903,-71.522788,44.925815,50,009,950100,2
"142 GLENSIDE LN CONCORD, VT 05858 ",142,GLENSIDE LN,CONCORD,VT,05858,-71.860646,44.46829,50,009,950500,2
"129 DEVOST LN NORTON, VT 05907 ",129,DEVOST LN,NORTON,VT,05907,-71.849334,44.948515,50,009,950100,1
"416 E BRIGHTON RD BRIGHTON, VT 05846 ",416,E  BRIGHTON RD,BRIGHTON,VT,05846,-71.874941,44.817344,50,009,950200,1
"141 ETHAN ALLEN DR CANAAN, VT 05903 ",141,ETHAN ALLEN DR,CANAAN,VT,05903,-71.539724,44.999642,50,009,950100,2
"230 LAKE RD LUNENBURG, VT 05906 ",230,LAKE RD,LUNENBURG,VT,05906,-71.689306,44.491482,50,009,950500,1
"556 ARTHUR JOHN RD BRIGHTON, VT 05846 ",556,ARTHUR JOHN RD,BRIGHTON,VT,05846,-71.834109,44.764819,50,009,950200,1
"118 BEACH RD AVERILL, VT 05901 ",118,BEACH RD,AVERILL,VT,05901,-71.684733,44.968523,50,009,950100,1
"2553 OREGON RD CONCORD, VT 05906 ",2553,OREGON RD,CONCORD,VT,05906,-71.75442,44.432652,50,009,950500,2
"0 HURRICANE BROOK RD NORTON, VT 05907 ",0,HURRICANE BROOK RD,NORTON,VT,05907,-71.854855,44.953663,50,009,950100,1
"0 BOBBIN MILL RD LUNENBURG, VT 05906 ",0,BOBBIN MILL RD,LUNENBURG,VT,05906,-71.672736,44.483894,50,009,950500,1
"198 WALKER PIT RD LUNENBURG, VT 05906 ",198,WALKER PIT RD,LUNENBURG,VT,05906,-71.739514,44.409654,50,009,950500,3
"2079 FOREST LAKE RD AVERILL, VT 05901 ",2079,FOREST LAKE RD,AVERILL,VT,05901,-71.68415,44.983167,50,009,950100,1
"923 DUBEAU RD CANAAN, VT 05903 ",923,DUBEAU RD,CANAAN,VT,05903,-71.629225,44.995926,50,009,950100,2
"0 VT ROUTE 102 BLOOMFIELD, VT 05905 ",0,VT ROUTE 102,BLOOMFIELD,VT,05905,-71.576224,44.809478,50,009,950100,1
"0 W MAIN ST LUNENBURG, VT 05906 ",0,W  MAIN ST,LUNENBURG,VT,05906,-71.693238,44.461023,50,009,950500,3
"419 WESTSIDE LAKE RD MAIDSTONE, VT 05905 ",419,WESTSIDE LAKE RD,MAIDSTONE,VT,05905,-71.648861,44.662098,50,009,950100,1
"0 GUILDHALL HILL RD LUNENBURG, VT 05906 ",0,GUILDHALL HILL RD,LUNENBURG,VT,05906,-71.655948,44.507186,50,009,950500,1
"3411 CHARLESTON RD BRIGHTON, VT 05846 ",3411,CHARLESTON RD,BRIGHTON,VT,05846,-71.94526,44.813378,50,009,950200,1
"0 KEMP HILL RD CANAAN, VT 05903 ",0,KEMP HILL RD,CANAAN,VT,05903,-71.553604,44.96881,50,009,950100,2
"88 PARISEAU DR CANAAN, VT 05902 ",88,PARISEAU DR,CANAAN,VT,05902,-71.498415,45.005025,50,009,950100,2
"31 LYDIA LN BRIGHTON, VT 05846 ",31,LYDIA LN,BRIGHTON,VT,05846,-71.837701,44.768262,50,009,950200,1
"2541 WEST MOUNTAIN POND RD FERDINAND, VT 05905 ",2541,WEST MOUNTAIN POND RD,FERDINAND,VT,05905,-71.677306,44.659945,50,009,950100,1
"651 WESTSIDE LAKE RD MAIDSTONE, VT 05905 ",651,WESTSIDE LAKE RD,MAIDSTONE,VT,05905,-71.6512,44.659457,50,009,950100,1
"0 POND HILL RD LUNENBURG, VT 05906 ",0,POND HILL RD,LUNENBURG,VT,05906,-71.722243,44.510417,50,009,950500,1
"1316 VICTORY HL VICTORY, VT 05858 ",1316,VICTORY HL,VICTORY,VT,05858,-71.849526,44.527658,50,009,950500,1
"110 NORTH RD GUILDHALL, VT 05905 ",110,NORTH RD,GUILDHALL,VT,05905,-71.588611,44.567885,50,009,950500,1
"531 FELLOWS RD GUILDHALL, VT 05905 ",531,FELLOWS RD,GUILDHALL,VT,05905,-71.608712,44.507925,50,009,950500,1
"1722 POND HILL RD LUNENBURG, VT 05906 ",1722,POND HILL RD,LUNENBURG,VT,05906,-71.714913,44.50884,50,009,950500,1
"170 HUNTINGTON RD MAIDSTONE, VT 05905 ",170,HUNTINGTON RD,MAIDSTONE,VT,05905,-71.594871,44.604412,50,009,950100,1
"0 RIVER RD LUNENBURG, VT 05906 ",0,RIVER RD,LUNENBURG,VT,05906,-71.652924,44.463039,50,009,950500,3
"5242 VT ROUTE 102 GUILDHALL, VT 05905 ",5242,VT ROUTE 102,GUILDHALL,VT,05905,-71.596949,44.562101,50,009,950500,1
"0 RIVER RD LUNENBURG, VT 05906 ",0,RIVER RD,LUNENBURG,VT,05906,-71.652582,44.462558,50,009,950500,3
"69 LAMOUREUX RD MAIDSTONE, VT 05905 ",69,LAMOUREUX RD,MAIDSTONE,VT,05905,-71.573231,44.649298,50,009,950100,1
"480 SIMONDS RD LUNENBURG, VT 05906 ",480,SIMONDS RD,LUNENBURG,VT,05906,-71.64298,44.496301,50,009,950500,1
"3543 E BRIGHTON RD BRIGHTON, VT 05846 ",3543,E  BRIGHTON RD,BRIGHTON,VT,05846,-71.828503,44.790421,50,009,950200,1
"95 DALE AVE BRIGHTON, VT 05846 ",95,DALE AVE,BRIGHTON,VT,05846,-71.881242,44.80998,50,009,950200,1
"2870 BEAR HILL RD MAIDSTONE, VT 05905 ",2870,BEAR HILL RD,MAIDSTONE,VT,05905,-71.579062,44.616173,50,009,950100,1
"1980 LOST NATION RD EAST HAVEN, VT 05837 ",1980,LOST NATION RD,EAST HAVEN,VT,05837,-71.850878,44.685138,50,009,950500,1
"320 NORTON RD BRIGHTON, VT 05846 ",320,NORTON RD,BRIGHTON,VT,05846,-71.905336,44.829404,50,009,950200,1
"0 VT ROUTE 102 BLOOMFIELD, VT 05905 ",0,VT ROUTE 102,BLOOMFIELD,VT,05905,-71.620212,44.758549,50,009,950100,1
"371 CHAMBERLAIN RD CANAAN, VT 05903 ",371,CHAMBERLAIN RD,CANAAN,VT,05903,-71.545565,44.965491,50,009,950100,2
"1416 NORTH RD GUILDHALL, VT 05905 ",1416,NORTH RD,GUILDHALL,VT,05905,-71.59703,44.584891,50,009,950500,1
"2410 CROSS RD CONCORD, VT 05824 ",2410,CROSS RD,CONCORD,VT,05824,-71.894998,44.427263,50,009,950500,2
"665 FULLER RD BLOOMFIELD, VT 05905 ",665,FULLER RD,BLOOMFIELD,VT,05905,-71.600221,44.793702,50,009,950100,1
"2622 VT ROUTE 105 BLOOMFIELD, VT 05905 ",2622,VT ROUTE 105,BLOOMFIELD,VT,05905,-71.659445,44.778746,50,009,950100,1
"1712 MORIN RD GUILDHALL, VT 05905 ",1712,MORIN RD,GUILDHALL,VT,05905,-71.62702,44.508305,50,009,950500,1
"172 FISHING VILLAGE RD BRIGHTON, VT 05846 ",172,FISHING VILLAGE RD,BRIGHTON,VT,05846,-71.856142,44.803837,50,009,950200,1
"53 POND HILL RD LUNENBURG, VT 05906 ",53,POND HILL RD,LUNENBURG,VT,05906,-71.683576,44.470647,50,009,950500,1
"170 EAST HAVEN RD BRIGHTON, VT 05846 ",170,EAST HAVEN RD,BRIGHTON,VT,05846,-71.910706,44.795239,50,009,950200,1
"922 MASTEN RD VICTORY, VT 05858 ",922,MASTEN RD,VICTORY,VT,05858,-71.862723,44.531657,50,009,950500,1
"156 W LUNENBURG RD LUNENBURG, VT 05906 ",156,W   LUNENBURG RD,LUNENBURG,VT,05906,-71.702118,44.462257,50,009,950500,1
"21 CLAY BROOK RD CANAAN, VT 05903 ",21,CLAY BROOK RD,CANAAN,VT,05903,-71.585058,44.969059,50,009,950100,2
"1691 VT ROUTE 102 CANAAN, VT 05903 ",1691,VT ROUTE 102,CANAAN,VT,05903,-71.524248,44.931572,50,009,950100,2
"11 HALL STREAM RD CANAAN, VT 05902 ",11,HALL STREAM RD,CANAAN,VT,05902,-71.502811,45.008036,50,009,950100,2
"1025 HATCHERY BROOK RD AVERILL, VT 05901 ",1025,HATCHERY BROOK RD,AVERILL,VT,05901,-71.687175,44.966181,50,009,950100,1
"0 COTTAGE RD AVERILL, VT 05901 ",0,COTTAGE RD,AVERILL,VT,05901,-71.69699,44.987988,50,009,950100,1
"1346 COLBY RD LUNENBURG, VT 05906 ",1346,COLBY RD,LUNENBURG,VT,05906,-71.672894,44.512876,50,009,950500,1
"3822 CANAAN HILL RD CANAAN, VT 05903 ",3822,CANAAN HILL RD,CANAAN,VT,05903,-71.604803,44.978708,50,009,950100,2
"2349 JACKSON RD AVERILL, VT 05901 ",2349,JACKSON RD,AVERILL,VT,05901,-71.709039,44.962942,50,009,950100,1
"217 VT ROUTE 102 GUILDHALL, VT 05905 ",217,VT ROUTE 102,GUILDHALL,VT,05905,-71.596332,44.498819,50,009,950500,1
"0 VT ROUTE 102 BLOOMFIELD, VT 05905 ",0,VT ROUTE 102,BLOOMFIELD,VT,05905,-71.576918,44.79628,50,009,950100,1
"7289 VT ROUTE 102 GUILDHALL, VT 05905 ",7289,VT ROUTE 102,GUILDHALL,VT,05905,-71.560674,44.565955,50,009,950500,1
"1009 US ROUTE 2 GUILDHALL, VT 05905 ",1009,US ROUTE 2,GUILDHALL,VT,05905,-71.596925,44.495431,50,009,950500,1
"0 VT ROUTE 102 CANAAN, VT 05903 ",0,VT ROUTE 102,CANAAN,VT,05903,-71.542536,44.996207,50,009,950100,2
"0 KEMP HILL RD CANAAN, VT 05903 ",0,KEMP HILL RD,CANAAN,VT,05903,-71.543105,44.978992,50,009,950100,2
"0 VT ROUTE 141 CANAAN, VT 05903 ",0,VT ROUTE 141,CANAAN,VT,05903,-71.55918,45.010552,50,009,950100,2
"838 COTTAGE RD AVERILL, VT 05901 ",838,COTTAGE RD,AVERILL,VT,05901,-71.698585,44.989477,50,009,950100,1
"6923 VT ROUTE 102 BRUNSWICK, VT 05905 ",6923,VT ROUTE 102,BRUNSWICK,VT,05905,-71.592656,44.665874,50,009,950100,1
"755 TODD HILL RD LEMINGTON, VT 05903 ",755,TODD HILL RD,LEMINGTON,VT,05903,-71.559618,44.921021,50,009,950100,1
"2771 EAST HAVEN RD BRIGHTON, VT 05846 ",2771,EAST HAVEN RD,BRIGHTON,VT,05846,-71.895257,44.761569,50,009,950200,1
"193 VT ROUTE 114 EAST HAVEN, VT 05837 ",193,VT ROUTE 114,EAST HAVEN,VT,05837,-71.894778,44.641487,50,009,950500,1
"649 DANA MOORE RD AVERILL, VT 05901 ",649,DANA MOORE RD,AVERILL,VT,05901,-71.720516,44.949644,50,009,950100,1
"468 NORTH RD GUILDHALL, VT 05905 ",468,NORTH RD,GUILDHALL,VT,05905,-71.591851,44.572534,50,009,950500,1
"166 W THOMAS RD LUNENBURG, VT 05906 ",166,W   THOMAS RD,LUNENBURG,VT,05906,-71.746184,44.425428,50,009,950500,3
"467 WOODWARD RD CONCORD, VT 05824 ",467,WOODWARD RD,CONCORD,VT,05824,-71.892625,44.436448,50,009,950500,2
"989 JACKSON RD AVERILL, VT 05901 ",989,JACKSON RD,AVERILL,VT,05901,-71.704942,44.977081,50,009,950100,1
"0 GALE ST CANAAN, VT 05903 ",0,GALE ST,CANAAN,VT,05903,-71.542567,44.999167,50,009,950100,2
"0 VT ROUTE 114 CANAAN, VT 05903 ",0,VT ROUTE 114,CANAAN,VT,05903,-71.633498,45.009648,50,009,950100,2
"905 GIDEONS MILL RD BRIGHTON, VT 05846 ",905,GIDEONS MILL RD,BRIGHTON,VT,05846,-71.927003,44.818077,50,009,950200,1
"1471 WESTSIDE LAKE RD MAIDSTONE, VT 05905 ",1471,WESTSIDE LAKE RD,MAIDSTONE,VT,05905,-71.651383,44.64849,50,009,950100,1
"3563 E BRANCH RD AVERILL, VT 05901 ",3563,E   BRANCH RD,AVERILL,VT,05901,-71.706314,44.92179,50,009,950100,1
"2731 VT ROUTE 102 LEMINGTON, VT 05905 ",2731,VT ROUTE 102,LEMINGTON,VT,05905,-71.551227,44.861151,50,009,950100,1
"16 RIVER DR BLOOMFIELD, VT 05905 ",16,RIVER DR,BLOOMFIELD,VT,05905,-71.632161,44.752453,50,009,950100,1
"2983 OREGON RD CONCORD, VT 05906 ",2983,OREGON RD,CONCORD,VT,05906,-71.752075,44.42603,50,009,950500,2
"22 SCHOOL ST CANAAN, VT 05903 ",22,SCHOOL ST,CANAAN,VT,05903,-71.538759,44.995201,50,009,950100,2
"54 MILL ST BRIGHTON, VT 05846 ",54,MILL ST,BRIGHTON,VT,05846,-71.87996,44.814207,50,009,950200,1
"990 BAPTIST HILL RD LUNENBURG, VT 05906 ",990,BAPTIST HILL RD,LUNENBURG,VT,05906,-71.723851,44.442645,50,009,950500,3
"0 CEDAR ST LUNENBURG, VT 05906 ",0,CEDAR ST,LUNENBURG,VT,05906,-71.721862,44.41761,50,009,950500,3
"0 VT ROUTE 114 CANAAN, VT 05903 ",0,VT ROUTE 114,CANAAN,VT,05903,-71.677385,45.005032,50,009,950100,2
"11 KIMBALL RD LUNENBURG, VT 05906 ",11,KIMBALL RD,LUNENBURG,VT,05906,-71.69437,44.461677,50,009,950500,1
"1118 E BRIGHTON RD BRIGHTON, VT 05846 ",1118,E  BRIGHTON RD,BRIGHTON,VT,05846,-71.863593,44.812727,50,009,950200,1
"1780 LOST NATION RD EAST HAVEN, VT 05837 ",1780,LOST NATION RD,EAST HAVEN,VT,05837,-71.846269,44.673902,50,009,950500,1
"205 CHRISTIAN HL CANAAN, VT 05903 ",205,CHRISTIAN HL,CANAAN,VT,05903,-71.535791,44.998568,50,009,950100,2
"0 HUDSON RD CANAAN, VT 05903 ",0,HUDSON RD,CANAAN,VT,05903,-71.551954,44.9431,50,009,950100,2
"311 WENTWORTH RD LUNENBURG, VT 05906 ",311,WENTWORTH RD,LUNENBURG,VT,05906,-71.716026,44.456635,50,009,950500,3
"425 GALE ST CANAAN, VT 05903 ",425,GALE ST,CANAAN,VT,05903,-71.542457,44.998341,50,009,950100,2
"109 RIVER RD CANAAN, VT 05902 ",109,RIVER RD,CANAAN,VT,05902,-71.50557,45.008848,50,009,950100,2
"5170 MAIDSTONE LAKE RD MAIDSTONE, VT 05905 ",5170,MAIDSTONE LAKE RD,MAIDSTONE,VT,05905,-71.64087,44.648882,50,009,950100,1
"24 FAIRCHILD DR BRIGHTON, VT 05846 ",24,FAIRCHILD DR,BRIGHTON,VT,05846,-71.838813,44.797492,50,009,950200,1
"41 ROUTHIER ST CANAAN, VT 05903 ",41,ROUTHIER ST,CANAAN,VT,05903,-71.535496,44.99935,50,009,950100,2
"1956 FIVE MILE SQUARE RD BRIGHTON, VT 05846 ",1956,FIVE MILE SQUARE RD,BRIGHTON,VT,05846,-71.91317,44.804105,50,009,950200,1
"0 CANAAN HILL RD AVERILL, VT 05901 ",0,CANAAN HILL RD,AVERILL,VT,05901,-71.651795,44.977578,50,009,950100,1
"0 POLLARD HL CANAAN, VT 05903 ",0,POLLARD HL,CANAAN,VT,05903,-71.600969,44.962528,50,009,950100,2
"137 MOUNTAIN ST BRIGHTON, VT 05846 ",137,MOUNTAIN ST,BRIGHTON,VT,05846,-71.881087,44.818328,50,009,950200,1
"2325 WESTSIDE LAKE RD MAIDSTONE, VT 05905 ",2325,WESTSIDE LAKE RD,MAIDSTONE,VT,05905,-71.661085,44.640427,50,009,950100,1
"5559 SHADOW LAKE RD CONCORD, VT 05824 ",5559,SHADOW LAKE RD,CONCORD,VT,05824,-71.85402,44.370286,50,009,950500,2
"990 OREGON RD CONCORD, VT 05906 ",990,OREGON RD,CONCORD,VT,05906,-71.769177,44.451113,50,009,950500,2
"662 HIGH RIDGE RD CONCORD, VT 05824 ",662,HIGH RIDGE RD,CONCORD,VT,05824,-71.862949,44.383643,50,009,950500,2
"40 PATRIDGE RD CONCORD, VT 05824 ",40,PATRIDGE RD,CONCORD,VT,05824,-71.864453,44.455439,50,009,950500,2
"0 LANCASTER RD LUNENBURG, VT 05906 ",0,LANCASTER RD,LUNENBURG,VT,05906,-71.635095,44.483593,50,009,950500,1
"92 BEAN BROOK RD EAST HAVEN, VT 05837 ",92,BEAN BROOK RD,EAST HAVEN,VT,05837,-71.89062,44.66517,50,009,950500,1
"218 LAKE RD LUNENBURG, VT 05906 ",218,LAKE RD,LUNENBURG,VT,05906,-71.689323,44.491991,50,009,950500,1
"52 GETAWAY LN CONCORD, VT 05824 ",52,GETAWAY LN,CONCORD,VT,05824,-71.799195,44.446174,50,009,950500,2
"2876 ROYALSTON CORNER RD CONCORD, VT 05824 ",2876,ROYALSTON CORNER RD,CONCORD,VT,05824,-71.833936,44.427148,50,009,950500,2
"1 RIVERSIDE AVE LUNENBURG, VT 05904 ",1,RIVERSIDE AVE,LUNENBURG,VT,05904,-71.718933,44.410918,50,009,950500,3
"2625 SHADOW LAKE RD CONCORD, VT 05824 ",2625,SHADOW LAKE RD,CONCORD,VT,05824,-71.86922,44.406098,50,009,950500,2
"194 JUDD RD CANAAN, VT 05903 ",194,JUDD RD,CANAAN,VT,05903,-71.553969,45.001439,50,009,950100,2
"77 WHISTLE STOP RD WARRENS GORE, VT 05907 ",77,WHISTLE STOP RD,WARRENS GORE,VT,05907,-71.869787,44.926853,50,009,950100,1
"1280 BROUSSEAU MOUNTAIN RD NORTON, VT 05907 ",1280,BROUSSEAU MOUNTAIN RD,NORTON,VT,05907,-71.741044,44.977636,50,009,950100,1
"1282 VT ROUTE 114 E NORTON, VT 05907 ",1282,VT ROUTE 114   E,NORTON,VT,05907,-71.770688,45.005608,50,009,950100,1
"1000 LAKESHORE DR BRIGHTON, VT 05846 ",1000,LAKESHORE DR,BRIGHTON,VT,05846,-71.85605,44.798838,50,009,950200,1
"352 HALL STREAM RD CANAAN, VT 05902 ",352,HALL STREAM RD,CANAAN,VT,05902,-71.499786,45.012091,50,009,950100,2
"8 FITZGERALD AVE BRIGHTON, VT 05846 ",8,FITZGERALD AVE,BRIGHTON,VT,05846,-71.883554,44.810232,50,009,950200,1
"391 E CONCORD RD LUNENBURG, VT 05906 ",391,E  CONCORD RD,LUNENBURG,VT,05906,-71.744193,44.4184,50,009,950500,3
"153 W SIDE RD LUNENBURG, VT 05906 ",153,W  SIDE RD,LUNENBURG,VT,05906,-71.696234,44.486371,50,009,950500,1
"125 GALE ST CANAAN, VT 05903 ",125,GALE ST,CANAAN,VT,05903,-71.537396,44.995763,50,009,950100,2
"517 W MAIN ST CONCORD, VT 05824 ",517,W   MAIN ST,CONCORD,VT,05824,-71.913477,44.441911,50,009,950500,2
"103 S LUNENBURG RD LUNENBURG, VT 05906 ",103,S   LUNENBURG RD,LUNENBURG,VT,05906,-71.681644,44.460421,50,009,950500,3
"145 SIVEGNY RD LUNENBURG, VT 05906 ",145,SIVEGNY RD,LUNENBURG,VT,05906,-71.713536,44.460576,50,009,950500,3
"604 BEACH DR CONCORD, VT 05858 ",604,BEACH DR,CONCORD,VT,05858,-71.793465,44.448056,50,009,950500,2
"2992 OREGON RD CONCORD, VT 05824 ",2992,OREGON RD,CONCORD,VT,05824,-71.752791,44.425983,50,009,950500,2
"0 SFH MAIDSTONE, VT 05905 ",0,SFH,MAIDSTONE,VT,05905,-71.656149,44.636066,50,009,950100,1
"1577 PAUL STREAM RD MAIDSTONE, VT 05905 ",1577,PAUL STREAM RD,MAIDSTONE,VT,05905,-71.655546,44.670333,50,009,950100,1
"1252 VT ROUTE 253 CANAAN, VT 05902 ",1252,VT ROUTE 253,CANAAN,VT,05902,-71.504909,45.010243,50,009,950100,2
"111 BILODEAU RD BRIGHTON, VT 05846 ",111,BILODEAU RD,BRIGHTON,VT,05846,-71.899355,44.81825,50,009,950200,1
"145 RAILROAD ST BRIGHTON, VT 05846 ",145,RAILROAD ST,BRIGHTON,VT,05846,-71.883873,44.815472,50,009,950200,1
"969 COZY NOOK RD CONCORD, VT 05906 ",969,COZY NOOK RD,CONCORD,VT,05906,-71.761308,44.411649,50,009,950500,2
"182 GLENSIDE LN CONCORD, VT 05858 ",182,GLENSIDE LN,CONCORD,VT,05858,-71.859396,44.468873,50,009,950500,2
"19 HAVEN ST EAST HAVEN, VT 05837 ",19,HAVEN ST,EAST HAVEN,VT,05837,-71.889803,44.643033,50,009,950500,1
"1516 RIVER RD CANAAN, VT 05902 ",1516,RIVER RD,CANAAN,VT,05902,-71.479614,45.006555,50,009,950100,2
"2206 FELLOWS RD GUILDHALL, VT 05905 ",2206,FELLOWS RD,GUILDHALL,VT,05905,-71.620493,44.535534,50,009,950500,1
"586 GIDEONS MILL RD BRIGHTON, VT 05846 ",586,GIDEONS MILL RD,BRIGHTON,VT,05846,-71.922148,44.815568,50,009,950200,1
"9020 GRANBY RD GRANBY, VT 05858 ",9020,GRANBY RD,GRANBY,VT,05858,-71.758874,44.569896,50,009,950500,1
"7311 VT ROUTE 102 GUILDHALL, VT 05905 ",7311,VT ROUTE 102,GUILDHALL,VT,05905,-71.560604,44.566328,50,009,950500,1
"5898 MAIDSTONE LAKE RD MAIDSTONE, VT 05905 ",5898,MAIDSTONE LAKE RD,MAIDSTONE,VT,05905,-71.642878,44.639192,50,009,950100,1
"131 CHARLOTTE LN CONCORD, VT 05824 ",131,CHARLOTTE LN,CONCORD,VT,05824,-71.872238,44.405056,50,009,950500,2
"2779 VT ROUTE 102 LEMINGTON, VT 05905 ",2779,VT ROUTE 102,LEMINGTON,VT,05905,-71.550663,44.861785,50,009,950100,1
"250 LABAY PL EAST HAVEN, VT 05837 ",250,LABAY PL,EAST HAVEN,VT,05837,-71.839383,44.694228,50,009,950500,1
"64 HOLMES ST CANAAN, VT 05903 ",64,HOLMES ST,CANAAN,VT,05903,-71.533223,45.000349,50,009,950100,2
"151 FULLER DR CANAAN, VT 05903 ",151,FULLER DR,CANAAN,VT,05903,-71.631105,45.007177,50,009,950100,2
"2256 RIVER RD LUNENBURG, VT 05904 ",2256,RIVER RD,LUNENBURG,VT,05904,-71.698243,44.418854,50,009,950500,3
"760 HIGH RIDGE RD CONCORD, VT 05824 ",760,HIGH RIDGE RD,CONCORD,VT,05824,-71.864655,44.382874,50,009,950500,2
"0 POND HILL RD LUNENBURG, VT 05906 ",0,POND HILL RD,LUNENBURG,VT,05906,-71.698724,44.484143,50,009,950500,1
"31 JEFFERSON AVE LUNENBURG, VT 05904 ",31,JEFFERSON AVE,LUNENBURG,VT,05904,-71.719604,44.414103,50,009,950500,3
"390 GRANBY RD VICTORY, VT 05858 ",390,GRANBY RD,VICTORY,VT,05858,-71.779344,44.570066,50,009,950500,1
"60 RAILROAD ST BRIGHTON, VT 05846 ",60,RAILROAD ST,BRIGHTON,VT,05846,-71.882659,44.815442,50,009,950200,1
"930 CAMPERS LN CONCORD, VT 05824 ",930,CAMPERS LN,CONCORD,VT,05824,-71.811375,44.443441,50,009,950500,2
"2991 FELLOWS RD GUILDHALL, VT 05905 ",2991,FELLOWS RD,GUILDHALL,VT,05905,-71.627702,44.542882,50,009,950500,1
"2251 RIVER RD LUNENBURG, VT 05904 ",2251,RIVER RD,LUNENBURG,VT,05904,-71.697009,44.418761,50,009,950500,3
"5665 VT ROUTE 102 GUILDHALL, VT 05905 ",5665,VT ROUTE 102,GUILDHALL,VT,05905,-71.5913,44.566348,50,009,950500,1
"22 WOODS RD CANAAN, VT 05903 ",22,WOODS RD,CANAAN,VT,05903,-71.632549,44.9955,50,009,950100,2
"33 WASHINGTON AVE LUNENBURG, VT 05904 ",33,WASHINGTON AVE,LUNENBURG,VT,05904,-71.718114,44.412784,50,009,950500,3
"776 E BRANCH RD BLOOMFIELD, VT 05905 ",776,E   BRANCH RD,BLOOMFIELD,VT,05905,-71.662886,44.789353,50,009,950100,1
"5 TRANSFER STATION RD LUNENBURG, VT 05906 ",5,TRANSFER STATION RD,LUNENBURG,VT,05906,-71.665075,44.464044,50,009,950500,3
"117 DEVOST LN NORTON, VT 05907 ",117,DEVOST LN,NORTON,VT,05907,-71.849298,44.948214,50,009,950100,1
"673 WESTSIDE LAKE RD MAIDSTONE, VT 05905 ",673,WESTSIDE LAKE RD,MAIDSTONE,VT,05905,-71.651238,44.65891,50,009,950100,1
"967 VT ROUTE 114 CANAAN, VT 05903 ",967,VT ROUTE 114,CANAAN,VT,05903,-71.559908,45.007657,50,009,950100,2
"2969 JACKSON RD AVERILL, VT 05901 ",2969,JACKSON RD,AVERILL,VT,05901,-71.721959,44.96147,50,009,950100,1
"2917 PORRELL RD GRANBY, VT 05858 ",2917,PORRELL RD,GRANBY,VT,05858,-71.74646,44.607124,50,009,950500,1
"870 GIDEONS MILL RD BRIGHTON, VT 05846 ",870,GIDEONS MILL RD,BRIGHTON,VT,05846,-71.925986,44.818128,50,009,950200,1
"3604 VT ROUTE 102 CANAAN, VT 05903 ",3604,VT ROUTE 102,CANAAN,VT,05903,-71.525525,44.957251,50,009,950100,2
"0 S LUNENBURG RD LUNENBURG, VT 05906 ",0,S   LUNENBURG RD,LUNENBURG,VT,05906,-71.681423,44.460836,50,009,950500,3
"2970 BOUDLE RD BLOOMFIELD, VT 05905 ",2970,BOUDLE RD,BLOOMFIELD,VT,05905,-71.654417,44.851895,50,009,950100,1
"0 VT ROUTE 102 BLOOMFIELD, VT 05905 ",0,VT ROUTE 102,BLOOMFIELD,VT,05905,-71.620063,44.758695,50,009,950100,1
"0 BOBBIN MILL RD LUNENBURG, VT 05906 ",0,BOBBIN MILL RD,LUNENBURG,VT,05906,-71.658387,44.490264,50,009,950500,1
"188 COMMERCIAL AVE LUNENBURG, VT 05904 ",188,COMMERCIAL AVE,LUNENBURG,VT,05904,-71.722083,44.413525,50,009,950500,3
"0 POND HILL RD LUNENBURG, VT 05906 ",0,POND HILL RD,LUNENBURG,VT,05906,-71.702037,44.487693,50,009,950500,1
"0 THOMAS RD LUNENBURG, VT 05906 ",0,THOMAS RD,LUNENBURG,VT,05906,-71.728476,44.43427,50,009,950500,3
"3464 VT ROUTE 102 CANAAN, VT 05903 ",3464,VT ROUTE 102,CANAAN,VT,05903,-71.524667,44.955619,50,009,950100,2
"62 HURRICANE BROOK RD WARRENS GORE, VT 05907 ",62,HURRICANE BROOK RD,WARRENS GORE,VT,05907,-71.877046,44.91044,50,009,950100,1
"0 VT ROUTE 102 BLOOMFIELD, VT 05905 ",0,VT ROUTE 102,BLOOMFIELD,VT,05905,-71.595394,44.781307,50,009,950100,1
"55 POWER HOUSE RD CANAAN, VT 05903 ",55,POWER HOUSE RD,CANAAN,VT,05903,-71.534668,44.996677,50,009,950100,2
"35 LAKE VW CANAAN, VT 05903 ",35,LAKE VW,CANAAN,VT,05903,-71.634272,45.007766,50,009,950100,2
"135 MAPLE ST EAST HAVEN, VT 05837 ",135,MAPLE ST,EAST HAVEN,VT,05837,-71.891233,44.643931,50,009,950500,1
"2 LAKE RD LUNENBURG, VT 05906 ",2,LAKE RD,LUNENBURG,VT,05906,-71.691238,44.497268,50,009,950500,1
"87 ALDER ST BRIGHTON, VT 05846 ",87,ALDER ST,BRIGHTON,VT,05846,-71.882668,44.81429,50,009,950200,1
"45 DEVOST LN NORTON, VT 05907 ",45,DEVOST LN,NORTON,VT,05907,-71.84857,44.946466,50,009,950100,1
"711 HATCHERY BROOK RD AVERILL, VT 05901 ",711,HATCHERY BROOK RD,AVERILL,VT,05901,-71.692801,44.963832,50,009,950100,1
"60 WHITEHEAD LN CONCORD, VT 05824 ",60,WHITEHEAD LN,CONCORD,VT,05824,-71.870717,44.396152,50,009,950500,2
"94 MAIN ST BRIGHTON, VT 05846 ",94,MAIN ST,BRIGHTON,VT,05846,-71.878914,44.815115,50,009,950200,1
"235 LAKE VIEW RD NORTON, VT 05907 ",235,LAKE VIEW RD,NORTON,VT,05907,-71.713172,44.994796,50,009,950100,1
"743 FIVE MILE SQUARE RD BRIGHTON, VT 05846 ",743,FIVE MILE SQUARE RD,BRIGHTON,VT,05846,-71.903197,44.815449,50,009,950200,1
"1397 JOHNSON RD CONCORD, VT 05824 ",1397,JOHNSON RD,CONCORD,VT,05824,-71.828027,44.405221,50,009,950500,2
"900 BOBBIN MILL RD LUNENBURG, VT 05906 ",900,BOBBIN MILL RD,LUNENBURG,VT,05906,-71.66696,44.484948,50,009,950500,1
"2048 EAST HAVEN RD BRIGHTON, VT 05846 ",2048,EAST HAVEN RD,BRIGHTON,VT,05846,-71.904385,44.768886,50,009,950200,1
"0 MOHANAN RD LUNENBURG, VT 05906 ",0,MOHANAN RD,LUNENBURG,VT,05906,-71.680798,44.498401,50,009,950500,1
"15 MOUNTAIN ST BRIGHTON, VT 05846 ",15,MOUNTAIN ST,BRIGHTON,VT,05846,-71.881173,44.816568,50,009,950200,1
"0 W LUNENBURG RD LUNENBURG, VT 05906 ",0,W   LUNENBURG RD,LUNENBURG,VT,05906,-71.769355,44.466781,50,009,950500,1
"371 LAKE VW CANAAN, VT 05903 ",371,LAKE VW,CANAAN,VT,05903,-71.635347,45.003109,50,009,950100,2
"137 NORTON LAKE ACCESS RD WARRENS GORE, VT 05907 ",137,NORTON LAKE ACCESS RD,WARRENS GORE,VT,05907,-71.870308,44.925191,50,009,950100,1
"299 GRIST MILL PIT RD CONCORD, VT 05824 ",299,GRIST MILL PIT RD,CONCORD,VT,05824,-71.850349,44.376969,50,009,950500,2
"1152 GRANBY RD VICTORY, VT 05858 ",1152,GRANBY RD,VICTORY,VT,05858,-71.763272,44.567802,50,009,950500,1
"58 SUNSET LN CONCORD, VT 05824 ",58,SUNSET LN,CONCORD,VT,05824,-71.871426,44.405895,50,009,950500,2
"0 COLE HILL RD LUNENBURG, VT 05906 ",0,COLE HILL RD,LUNENBURG,VT,05906,-71.668863,44.507942,50,009,950500,1
"564 E MAIN ST LUNENBURG, VT 05906 ",564,E  MAIN ST,LUNENBURG,VT,05906,-71.661121,44.46375,50,009,950500,3
"176 SCHOOL ST CONCORD, VT 05824 ",176,SCHOOL ST,CONCORD,VT,05824,-71.890227,44.426278,50,009,950500,2
"0 PARADIS MOUNTAIN RD BRIGHTON, VT 05846 ",0,PARADIS MOUNTAIN RD,BRIGHTON,VT,05846,-71.882117,44.796422,50,009,950200,1
"0 MAIDSTONE LAKE RD MAIDSTONE, VT 05905 ",0,MAIDSTONE LAKE RD,MAIDSTONE,VT,05905,-71.641412,44.645125,50,009,950100,1
"77 DEVOST LN NORTON, VT 05907 ",77,DEVOST LN,NORTON,VT,05907,-71.848508,44.947736,50,009,950100,1
"1422 RIVER RD LUNENBURG, VT 05906 ",1422,RIVER RD,LUNENBURG,VT,05906,-71.682174,44.433886,50,009,950500,3
"135 FITZGERALD AVE BRIGHTON, VT 05846 ",135,FITZGERALD AVE,BRIGHTON,VT,05846,-71.882356,44.8118,50,009,950200,1
"597 DERBY ST BRIGHTON, VT 05846 ",597,DERBY ST,BRIGHTON,VT,05846,-71.887541,44.805772,50,009,950200,1
"1641 NORTH RD GUILDHALL, VT 05905 ",1641,NORTH RD,GUILDHALL,VT,05905,-71.598526,44.587369,50,009,950500,1
"0 W LUNENBURG RD LUNENBURG, VT 05906 ",0,W   LUNENBURG RD,LUNENBURG,VT,05906,-71.769189,44.466558,50,009,950500,1
"2267 LONG HILL RD CONCORD, VT 05824 ",2267,LONG HILL RD,CONCORD,VT,05824,-71.861344,44.403326,50,009,950500,2
"530 CUTTING RD CONCORD, VT 05824 ",530,CUTTING RD,CONCORD,VT,05824,-71.829957,44.393238,50,009,950500,2
"8 BIRCH ST BRIGHTON, VT 05846 ",8,BIRCH ST,BRIGHTON,VT,05846,-71.881271,44.812554,50,009,950200,1
"0 RIVER RD LUNENBURG, VT 05906 ",0,RIVER RD,LUNENBURG,VT,05906,-71.679073,44.429606,50,009,950500,3
"153 RESERVOIR RD CANAAN, VT 05903 ",153,RESERVOIR RD,CANAAN,VT,05903,-71.536399,45.000467,50,009,950100,2
"2024 VT ROUTE 114 EAST HAVEN, VT 05837 ",2024,VT ROUTE 114,EAST HAVEN,VT,05837,-71.886477,44.667086,50,009,950500,1
"2340 BOBBIN MILL RD LUNENBURG, VT 05906 ",2340,BOBBIN MILL RD,LUNENBURG,VT,05906,-71.649544,44.476225,50,009,950500,1
"84 CANAAN MOBILE HOME PARK CANAAN, VT 05903 ",84,CANAAN MOBILE HOME PARK,CANAAN,VT,05903,-71.540922,44.99527,50,009,950100,2
"175 CURRAN AVE BRIGHTON, VT 05846 ",175,CURRAN AVE,BRIGHTON,VT,05846,-71.877305,44.818159,50,009,950200,1
"0 JUDD RD CANAAN, VT 05903 ",0,JUDD RD,CANAAN,VT,05903,-71.557179,44.996637,50,009,950100,2
"18 EASTERN AVE CONCORD, VT 05824 ",18,EASTERN AVE,CONCORD,VT,05824,-71.882394,44.427904,50,009,950500,2
"5857 VT ROUTE 102 CANAAN, VT 05903 ",5857,VT ROUTE 102,CANAAN,VT,05903,-71.543668,44.982673,50,009,950100,2
"87 GLENSIDE LN CONCORD, VT 05858 ",87,GLENSIDE LN,CONCORD,VT,05858,-71.860753,44.4694,50,009,950500,2
"643 VT ROUTE 253 CANAAN, VT 05902 ",643,VT ROUTE 253,CANAAN,VT,05902,-71.515031,45.004623,50,009,950100,2
"0 CEDAR ST LUNENBURG, VT 05904 ",0,CEDAR ST,LUNENBURG,VT,05904,-71.720372,44.413931,50,009,950500,3
"49 COMMUNITY BUILDING RD EAST HAVEN, VT 05837 ",49,COMMUNITY BUILDING RD,EAST HAVEN,VT,05837,-71.891448,44.640258,50,009,950500,1
"244 W MCCONNELL POND RD BRIGHTON, VT 05846 ",244,W  MCCONNELL POND RD,BRIGHTON,VT,05846,-71.837527,44.802799,50,009,950200,1
"100 NANAS LN CONCORD, VT 05858 ",100,NANAS LN,CONCORD,VT,05858,-71.808106,44.450166,50,009,950500,2
"27 BAY LN BRIGHTON, VT 05846 ",27,BAY LN,BRIGHTON,VT,05846,-71.864114,44.81185,50,009,950200,1
"366 E MAIN ST CONCORD, VT 05824 ",366,E   MAIN ST,CONCORD,VT,05824,-71.875496,44.445275,50,009,950500,2
"4066 VT ROUTE 114 CANAAN, VT 05903 ",4066,VT ROUTE 114,CANAAN,VT,05903,-71.619863,45.009844,50,009,950100,2
"0 VT ROUTE 102 CANAAN, VT 05903 ",0,VT ROUTE 102,CANAAN,VT,05903,-71.544005,44.981061,50,009,950100,2
"54 CHRISTIAN HL CANAAN, VT 05903 ",54,CHRISTIAN HL,CANAAN,VT,05903,-71.53778,44.996942,50,009,950100,2
"7 WASHINGTON AVE LUNENBURG, VT 05904 ",7,WASHINGTON AVE,LUNENBURG,VT,05904,-71.719144,44.412734,50,009,950500,3
"3137 OREGON RD CONCORD, VT 05906 ",3137,OREGON RD,CONCORD,VT,05906,-71.75319,44.424512,50,009,950500,2
"1175 JACKSON RD AVERILL, VT 05901 ",1175,JACKSON RD,AVERILL,VT,05901,-71.702373,44.974921,50,009,950100,1
"0 SPUR RD BLOOMFIELD, VT 05905 ",0,SPUR RD,BLOOMFIELD,VT,05905,-71.57593,44.810291,50,009,950100,1
"0 VT ROUTE 102 BLOOMFIELD, VT 05905 ",0,VT ROUTE 102,BLOOMFIELD,VT,05905,-71.579366,44.788918,50,009,950100,1
"3772 VT ROUTE 114 E NORTON, VT 05907 ",3772,VT ROUTE 114   E,NORTON,VT,05907,-71.718341,44.993082,50,009,950100,1
"0 HALL STREAM RD CANAAN, VT 05902 ",0,HALL STREAM RD,CANAAN,VT,05902,-71.501904,45.008075,50,009,950100,2
"4502 MAIDSTONE LAKE RD MAIDSTONE, VT 05905 ",4502,MAIDSTONE LAKE RD,MAIDSTONE,VT,05905,-71.639302,44.657795,50,009,950100,1
"327 MAIN ST CONCORD, VT 05824 ",327,MAIN ST,CONCORD,VT,05824,-71.88937,44.42902,50,009,950500,2
"299 VT ROUTE 102 BLOOMFIELD, VT 05905 ",299,VT ROUTE 102,BLOOMFIELD,VT,05905,-71.631043,44.753954,50,009,950100,1
"2311 RIVER RD LUNENBURG, VT 05904 ",2311,RIVER RD,LUNENBURG,VT,05904,-71.698862,44.417874,50,009,950500,3
"907 FREEDOM WAY MAIDSTONE, VT 05905 ",907,FREEDOM WAY,MAIDSTONE,VT,05905,-71.62866,44.625384,50,009,950100,1
"2990 E BRANCH RD BLOOMFIELD, VT 05905 ",2990,E   BRANCH RD,BLOOMFIELD,VT,05905,-71.672761,44.818731,50,009,950100,1
"457 FELLOWS RD GUILDHALL, VT 05905 ",457,FELLOWS RD,GUILDHALL,VT,05905,-71.603768,44.512884,50,009,950500,1
"175 HANCOCK RD BRIGHTON, VT 05846 ",175,HANCOCK RD,BRIGHTON,VT,05846,-71.897576,44.756757,50,009,950200,1
"566 PAUL BUNYAN RD BRIGHTON, VT 05846 ",566,PAUL BUNYAN RD,BRIGHTON,VT,05846,-71.91449,44.777628,50,009,950200,1
"296 E BRANCH RD BLOOMFIELD, VT 05905 ",296,E   BRANCH RD,BLOOMFIELD,VT,05905,-71.658763,44.783054,50,009,950100,1
"210 MAIN ST CONCORD, VT 05824 ",210,MAIN ST,CONCORD,VT,05824,-71.891476,44.429077,50,009,950500,2
"43 W MAIN ST LUNENBURG, VT 05906 ",43,W  MAIN ST,LUNENBURG,VT,05906,-71.684189,44.462887,50,009,950500,3
"0 VT ROUTE 114 CANAAN, VT 05903 ",0,VT ROUTE 114,CANAAN,VT,05903,-71.614293,45.009022,50,009,950100,2
"1875 HALL RD MAIDSTONE, VT 05905 ",1875,HALL RD,MAIDSTONE,VT,05905,-71.619266,44.643002,50,009,950100,1
"287 E BRANCH RD BLOOMFIELD, VT 05905 ",287,E   BRANCH RD,BLOOMFIELD,VT,05905,-71.659052,44.78281,50,009,950100,1
"6437 VT ROUTE 102 GUILDHALL, VT 05905 ",6437,VT ROUTE 102,GUILDHALL,VT,05905,-71.575505,44.566995,50,009,950500,1
"1128 MASTEN RD VICTORY, VT 05858 ",1128,MASTEN RD,VICTORY,VT,05858,-71.863259,44.534091,50,009,950500,1
"54 SIMPSON RD EAST HAVEN, VT 05837 ",54,SIMPSON RD,EAST HAVEN,VT,05837,-71.885388,44.668784,50,009,950500,1
"3247 CHARLESTON RD BRIGHTON, VT 05846 ",3247,CHARLESTON RD,BRIGHTON,VT,05846,-71.942884,44.811113,50,009,950200,1
"140 COMMERCIAL AVE LUNENBURG, VT 05904 ",140,COMMERCIAL AVE,LUNENBURG,VT,05904,-71.720242,44.41349,50,009,950500,3
"2494 VT ROUTE 102 GUILDHALL, VT 05905 ",2494,VT ROUTE 102,GUILDHALL,VT,05905,-71.584029,44.52798,50,009,950500,1
"465 VT ROUTE 102 CANAAN, VT 05903 ",465,VT ROUTE 102,CANAAN,VT,05903,-71.513278,44.915874,50,009,950100,2
"12 BEACH RD MAIDSTONE, VT 05905 ",12,BEACH RD,MAIDSTONE,VT,05905,-71.638892,44.652799,50,009,950100,1
"76 JEFFERSON AVE LUNENBURG, VT 05904 ",76,JEFFERSON AVE,LUNENBURG,VT,05904,-71.721612,44.414162,50,009,950500,3
"55 CANAAN MOBILE HOME PARK CANAAN, VT 05903 ",55,CANAAN MOBILE HOME PARK,CANAAN,VT,05903,-71.540527,44.994702,50,009,950100,2
"581 GEORGES BLVD EAST HAVEN, VT 05837 ",581,GEORGES BLVD,EAST HAVEN,VT,05837,-71.853139,44.637614,50,009,950500,1
"0 PRIVATE WEST 7 MAIDSTONE, VT 05905 ",0,PRIVATE WEST 7,MAIDSTONE,VT,05905,-71.652534,44.647426,50,009,950100,1
"1776 VT ROUTE 114 EAST HAVEN, VT 05837 ",1776,VT ROUTE 114,EAST HAVEN,VT,05837,-71.888569,44.663726,50,009,950500,1
"0 COMMERCIAL AVE LUNENBURG, VT 05904 ",0,COMMERCIAL AVE,LUNENBURG,VT,05904,-71.720502,44.413092,50,009,950500,3
"388 HALL STREAM RD CANAAN, VT 05902 ",388,HALL STREAM RD,CANAAN,VT,05902,-71.499605,45.012686,50,009,950100,2
"190 W MAIN ST LUNENBURG, VT 05906 ",190,W  MAIN ST,LUNENBURG,VT,05906,-71.689617,44.462615,50,009,950500,1
"1270 PLEASANT ST BRIGHTON, VT 05846 ",1270,PLEASANT ST,BRIGHTON,VT,05846,-71.872236,44.795328,50,009,950200,1
"0 VT ROUTE 105 BLOOMFIELD, VT 05905 ",0,VT ROUTE 105,BLOOMFIELD,VT,05905,-71.646368,44.772164,50,009,950100,1
"443 DERBY ST BRIGHTON, VT 05846 ",443,DERBY ST,BRIGHTON,VT,05846,-71.886374,44.807881,50,009,950200,1
"621 RAILROAD ST BRIGHTON, VT 05846 ",621,RAILROAD ST,BRIGHTON,VT,05846,-71.891226,44.820326,50,009,950200,1
"94 ALBERTS WAY AVERILL, VT 05901 ",94,ALBERTS WAY,AVERILL,VT,05901,-71.684969,44.984581,50,009,950100,1
"160 BEACH RD AVERILL, VT 05901 ",160,BEACH RD,AVERILL,VT,05901,-71.684922,44.96903,50,009,950100,1
"0 SFH MAIDSTONE, VT 05905 ",0,SFH,MAIDSTONE,VT,05905,-71.645853,44.636848,50,009,950100,1
"1083 LANCASTER RD LUNENBURG, VT 05906 ",1083,LANCASTER RD,LUNENBURG,VT,05906,-71.625999,44.485042,50,009,950500,1
"0 W MCCONNELL POND RD BRIGHTON, VT 05846 ",0,W  MCCONNELL POND RD,BRIGHTON,VT,05846,-71.799171,44.817274,50,009,950200,1
"616 S LUNENBURG RD LUNENBURG, VT 05906 ",616,S  LUNENBURG RD,LUNENBURG,VT,05906,-71.676499,44.447257,50,009,950500,3
"73 EAST ST CANAAN, VT 05902 ",73,EAST ST,CANAAN,VT,05902,-71.505405,45.009642,50,009,950100,2
"0 DENNIS POND RD BRUNSWICK, VT 05905 ",0,DENNIS POND RD,BRUNSWICK,VT,05905,-71.661643,44.736205,50,009,950100,1
"1339 POND HILL RD LUNENBURG, VT 05906 ",1339,POND HILL RD,LUNENBURG,VT,05906,-71.708379,44.499777,50,009,950500,1
"0 KIMBALL RD LUNENBURG, VT 05906 ",0,KIMBALL RD,LUNENBURG,VT,05906,-71.706482,44.478328,50,009,950500,1
"2835 VT ROUTE 105 BLOOMFIELD, VT 05905 ",2835,VT ROUTE 105,BLOOMFIELD,VT,05905,-71.663413,44.777415,50,009,950100,1
"4443 VT ROUTE 114 CANAAN, VT 05903 ",4443,VT ROUTE 114,CANAAN,VT,05903,-71.626811,45.009816,50,009,950100,2
"1992 RIVER RD LUNENBURG, VT 05904 ",1992,RIVER RD,LUNENBURG,VT,05904,-71.690632,44.423479,50,009,950500,3
"555 S LUNENBURG RD LUNENBURG, VT 05906 ",555,S  LUNENBURG RD,LUNENBURG,VT,05906,-71.676166,44.448815,50,009,950500,3
"0 LAKE EAST 1 MAIDSTONE, VT 05905 ",0,LAKE EAST 1,MAIDSTONE,VT,05905,-71.63947,44.655929,50,009,950100,1
"0 TREATMENT PLANT RD LUNENBURG, VT 05904 ",0,TREATMENT PLANT RD,LUNENBURG,VT,05904,-71.714651,44.41184,50,009,950500,3
"60 PERCY VW MAIDSTONE, VT 05905 ",60,PERCY VW,MAIDSTONE,VT,05905,-71.592236,44.660207,50,009,950100,1
"0 LAKE RD LUNENBURG, VT 05906 ",0,LAKE RD,LUNENBURG,VT,05906,-71.689012,44.490149,50,009,950500,1
"0 BAPTIST HILL RD LUNENBURG, VT 05906 ",0,BAPTIST HILL RD,LUNENBURG,VT,05906,-71.725145,44.435854,50,009,950500,3
"1065 JACKSON RD AVERILL, VT 05901 ",1065,JACKSON RD,AVERILL,VT,05901,-71.703831,44.976528,50,009,950100,1
"76 RIVERSIDE AVE LUNENBURG, VT 05906 ",76,RIVERSIDE AVE,LUNENBURG,VT,05906,-71.722609,44.412323,50,009,950500,3
"575 LANCASTER RD LUNENBURG, VT 05906 ",575,LANCASTER RD,LUNENBURG,VT,05906,-71.642531,44.478366,50,009,950500,1
"6778 VT ROUTE 102 CANAAN, VT 05903 ",6778,VT ROUTE 102,CANAAN,VT,05903,-71.538629,44.995447,50,009,950100,2
"0 WESTSIDE LAKE RD MAIDSTONE, VT 05905 ",0,WESTSIDE LAKE RD,MAIDSTONE,VT,05905,-71.651835,44.659646,50,009,950100,1
"1097 JACKSON RD AVERILL, VT 05901 ",1097,JACKSON RD,AVERILL,VT,05901,-71.703339,44.975864,50,009,950100,1
"0 GALE ST CANAAN, VT 05903 ",0,GALE ST,CANAAN,VT,05903,-71.539398,44.997136,50,009,950100,2
"2512 POND HILL RD LUNENBURG, VT 05906 ",2512,POND HILL RD,LUNENBURG,VT,05906,-71.736338,44.498795,50,009,950500,1
"3 MAILLETT RD LUNENBURG, VT 05906 ",3,MAILLETT RD,LUNENBURG,VT,05906,-71.689894,44.462194,50,009,950500,3
"136 RIVERSIDE AVE LUNENBURG, VT 05906 ",136,RIVERSIDE AVE,LUNENBURG,VT,05906,-71.725332,44.412599,50,009,950500,3
"278 WESLEY RD CONCORD, VT 05824 ",278,WESLEY RD,CONCORD,VT,05824,-71.854887,44.463926,50,009,950500,2
"244 ATWOOD DR BRIGHTON, VT 05846 ",244,ATWOOD DR,BRIGHTON,VT,05846,-71.841172,44.78197,50,009,950200,1
"8 AUBURN STAR RD LUNENBURG, VT 05906 ",8,AUBURN STAR RD,LUNENBURG,VT,05906,-71.624434,44.483153,50,009,950500,1
"0 VT ROUTE 105 BLOOMFIELD, VT 05905 ",0,VT ROUTE 105,BLOOMFIELD,VT,05905,-71.644565,44.763256,50,009,950100,1
"343 LAKE ST BRIGHTON, VT 05846 ",343,LAKE ST,BRIGHTON,VT,05846,-71.864522,44.812859,50,009,950200,1
"23 BUNNELL RD CONCORD, VT 05824 ",23,BUNNELL RD,CONCORD,VT,05824,-71.861561,44.384388,50,009,950500,2
"0 WESTSIDE LAKE RD MAIDSTONE, VT 05905 ",0,WESTSIDE LAKE RD,MAIDSTONE,VT,05905,-71.651615,44.649796,50,009,950100,1
"512 ROYALSTON CORNER RD CONCORD, VT 05824 ",512,ROYALSTON CORNER RD,CONCORD,VT,05824,-71.875671,44.431303,50,009,950500,2
"30 CREAMERY ST BRIGHTON, VT 05846 ",30,CREAMERY ST,BRIGHTON,VT,05846,-71.889561,44.815298,50,009,950200,1
"0 BAPTIST HILL RD LUNENBURG, VT 05906 ",0,BAPTIST HILL RD,LUNENBURG,VT,05906,-71.718504,44.42216,50,009,950500,3
"0 LAKE RD LUNENBURG, VT 05906 ",0,LAKE RD,LUNENBURG,VT,05906,-71.688843,44.492871,50,009,950500,1
"0 VT ROUTE 102 BLOOMFIELD, VT 05905 ",0,VT ROUTE 102,BLOOMFIELD,VT,05905,-71.576577,44.816977,50,009,950100,1
"273 PORRELL RD GRANBY, VT 05858 ",273,PORRELL RD,GRANBY,VT,05858,-71.762017,44.573334,50,009,950500,1
"472 RIVER RD VICTORY, VT 05858 ",472,RIVER RD,VICTORY,VT,05858,-71.785005,44.573549,50,009,950500,1
"2438 E BRIGHTON RD BRIGHTON, VT 05846 ",2438,E  BRIGHTON RD,BRIGHTON,VT,05846,-71.84319,44.801066,50,009,950200,1
"460 VT ROUTE 114 S NORTON, VT 05907 ",460,VT ROUTE 114   S,NORTON,VT,05907,-71.799768,45.003046,50,009,950100,1
"3581 E BRIGHTON RD BRIGHTON, VT 05846 ",3581,E  BRIGHTON RD,BRIGHTON,VT,05846,-71.828323,44.789986,50,009,950200,1
"0 MAILLETT RD LUNENBURG, VT 05906 ",0,MAILLETT RD,LUNENBURG,VT,05906,-71.687198,44.435076,50,009,950500,3
"143 MARKO RD CONCORD, VT 05824 ",143,MARKO RD,CONCORD,VT,05824,-71.911695,44.427043,50,009,950500,2
"435 YOUNGS RD EAST HAVEN, VT 05837 ",435,YOUNGS RD,EAST HAVEN,VT,05837,-71.874377,44.63783,50,009,950500,1
"315 JACK BROOK RD EAST HAVEN, VT 05837 ",315,JACK BROOK RD,EAST HAVEN,VT,05837,-71.854142,44.696335,50,009,950500,1
"1567 TIM CARROLL BROOK RD AVERYS GORE, VT 05907 ",1567,TIM CARROLL BROOK RD,AVERYS GORE,VT,05907,-71.805537,44.889847,50,009,950100,1
"6309 VT ROUTE 102 LEMINGTON, VT 05905 ",6309,VT ROUTE 102,LEMINGTON,VT,05905,-71.508636,44.899129,50,009,950100,1
"1449 RIVER RD LUNENBURG, VT 05906 ",1449,RIVER RD,LUNENBURG,VT,05906,-71.679635,44.433513,50,009,950500,3
"1120 W MAIN ST CONCORD, VT 05824 ",1120,W   MAIN ST,CONCORD,VT,05824,-71.906332,44.435233,50,009,950500,2
"2488 VT ROUTE 105 BLOOMFIELD, VT 05905 ",2488,VT ROUTE 105,BLOOMFIELD,VT,05905,-71.656642,44.778709,50,009,950100,1
"164 MIDDLE ST BRIGHTON, VT 05846 ",164,MIDDLE ST,BRIGHTON,VT,05846,-71.883747,44.817869,50,009,950200,1
"2531 RIVER RD LUNENBURG, VT 05904 ",2531,RIVER RD,LUNENBURG,VT,05904,-71.706918,44.41473,50,009,950500,3
"1344 RIVER RD VICTORY, VT 05858 ",1344,RIVER RD,VICTORY,VT,05858,-71.786935,44.562189,50,009,950500,1
"2560 SHADOW LAKE RD CONCORD, VT 05824 ",2560,SHADOW LAKE RD,CONCORD,VT,05824,-71.870597,44.406253,50,009,950500,2
"1085 VT ROUTE 114 S NORTON, VT 05907 ",1085,VT ROUTE 114   S,NORTON,VT,05907,-71.804074,44.994615,50,009,950100,1
"1291 POND HILL RD LUNENBURG, VT 05906 ",1291,POND HILL RD,LUNENBURG,VT,05906,-71.708078,44.498413,50,009,950500,1
"335 RAILROAD ST BRIGHTON, VT 05846 ",335,RAILROAD ST,BRIGHTON,VT,05846,-71.886603,44.8174,50,009,950200,1
"445 VT ROUTE 114 S NORTON, VT 05907 ",445,VT ROUTE 114   S,NORTON,VT,05907,-71.799175,45.0032,50,009,950100,1
"3155 OREGON RD CONCORD, VT 05906 ",3155,OREGON RD,CONCORD,VT,05906,-71.7529,44.424402,50,009,950500,2
"458 HALL RD LUNENBURG, VT 05906 ",458,HALL RD,LUNENBURG,VT,05906,-71.707886,44.515869,50,009,950500,1
"280 FAY RD FERDINAND, VT 05846 ",280,FAY RD,FERDINAND,VT,05846,-71.775895,44.783628,50,009,950100,1
"951 KIRBY MOUNTAIN RD CONCORD, VT 05824 ",951,KIRBY MOUNTAIN RD,CONCORD,VT,05824,-71.904702,44.452451,50,009,950500,2
"35 W THOMAS RD CONCORD, VT 05906 ",35,W   THOMAS RD,CONCORD,VT,05906,-71.751163,44.426936,50,009,950500,2
"898 VT ROUTE 102 BLOOMFIELD, VT 05905 ",898,VT ROUTE 102,BLOOMFIELD,VT,05905,-71.620379,44.757689,50,009,950100,1
"3173 VT ROUTE 114 S NORTON, VT 05907 ",3173,VT ROUTE 114  S,NORTON,VT,05907,-71.816903,44.967749,50,009,950100,1
"1017 W MAIN ST CONCORD, VT 05824 ",1017,W   MAIN ST,CONCORD,VT,05824,-71.907135,44.437011,50,009,950500,2
"885 WALLACE RD LEMINGTON, VT 05903 ",885,WALLACE RD,LEMINGTON,VT,05903,-71.587055,44.875662,50,009,950100,1
"0 W MAIN ST LUNENBURG, VT 05906 ",0,W  MAIN ST,LUNENBURG,VT,05906,-71.694562,44.461638,50,009,950500,1
"1693 ROYALSTON CORNER RD CONCORD, VT 05824 ",1693,ROYALSTON CORNER RD,CONCORD,VT,05824,-71.853185,44.431416,50,009,950500,2
"1885 LOST NATION RD EAST HAVEN, VT 05837 ",1885,LOST NATION RD,EAST HAVEN,VT,05837,-71.853333,44.683901,50,009,950500,1
"106 JACKSON LODGE VLG CANAAN, VT 05903 ",106,JACKSON LODGE VLG,CANAAN,VT,05903,-71.612428,45.012659,50,009,950100,2
"26 BLUEBERRY LN BRIGHTON, VT 05846 ",26,BLUEBERRY LN,BRIGHTON,VT,05846,-71.87345,44.799004,50,009,950200,1
"2310 VT ROUTE 102 BRUNSWICK, VT 05905 ",2310,VT ROUTE 102,BRUNSWICK,VT,05905,-71.623716,44.722006,50,009,950100,1
"1989 PAUL STREAM RD MAIDSTONE, VT 05905 ",1989,PAUL STREAM RD,MAIDSTONE,VT,05905,-71.662177,44.666084,50,009,950100,1
"586 WALLACE RD LEMINGTON, VT 05903 ",586,WALLACE RD,LEMINGTON,VT,05903,-71.584857,44.871653,50,009,950100,1
"1588 CAMPERS LN CONCORD, VT 05824 ",1588,CAMPERS LN,CONCORD,VT,05824,-71.82234,44.447137,50,009,950500,2
"387 WESLEY RD CONCORD, VT 05858 ",387,WESLEY RD,CONCORD,VT,05858,-71.852028,44.46341,50,009,950500,2
"8841 GRANBY RD GRANBY, VT 05858 ",8841,GRANBY RD,GRANBY,VT,05858,-71.755904,44.570911,50,009,950500,1
"335 BREAULT RD GUILDHALL, VT 05905 ",335,BREAULT RD,GUILDHALL,VT,05905,-71.602654,44.565999,50,009,950500,1
"903 VT ROUTE 105 FERDINAND, VT 05846 ",903,VT ROUTE 105,FERDINAND,VT,05846,-71.786642,44.782056,50,009,950100,1
"716 S LUNENBURG RD LUNENBURG, VT 05906 ",716,S  LUNENBURG RD,LUNENBURG,VT,05906,-71.674727,44.445061,50,009,950500,3
"0 E MAIN ST LUNENBURG, VT 05906 ",0,E   MAIN ST,LUNENBURG,VT,05906,-71.6727,44.464334,50,009,950500,1
"0 TODD HILL RD CANAAN, VT 05903 ",0,TODD HILL RD,CANAAN,VT,05903,-71.539845,44.930928,50,009,950100,2
"749 MORROW TRL FERDINAND, VT 05905 ",749,MORROW TRL,FERDINAND,VT,05905,-71.702653,44.719415,50,009,950100,1
"700 WILLSON RD CONCORD, VT 05824 ",700,WILLSON RD,CONCORD,VT,05824,-71.867539,44.474649,50,009,950500,2
"6695 VT ROUTE 102 BLOOMFIELD, VT 05905 ",6695,VT ROUTE 102,BLOOMFIELD,VT,05905,-71.568618,44.825846,50,009,950100,1
"196 LOOP RD AVERILL, VT 05901 ",196,LOOP RD,AVERILL,VT,05901,-71.692865,44.964861,50,009,950100,1
"1095 HATCHERY BROOK RD AVERILL, VT 05901 ",1095,HATCHERY BROOK RD,AVERILL,VT,05901,-71.6857,44.966577,50,009,950100,1
"39 LEONARD HILL RD CONCORD, VT 05824 ",39,LEONARD HILL RD,CONCORD,VT,05824,-71.756062,44.425323,50,009,950500,2
"130 NORTON LAKE ACCESS RD WARRENS GORE, VT 05907 ",130,NORTON LAKE ACCESS RD,WARRENS GORE,VT,05907,-71.870982,44.925386,50,009,950100,1
"1237 VT ROUTE 102 CANAAN, VT 05903 ",1237,VT ROUTE 102,CANAAN,VT,05903,-71.522253,44.924868,50,009,950100,2
"786 OREGON RD CONCORD, VT 05906 ",786,OREGON RD,CONCORD,VT,05906,-71.770386,44.454124,50,009,950500,2
"1083 PLEASANT ST BRIGHTON, VT 05846 ",1083,PLEASANT ST,BRIGHTON,VT,05846,-71.87239,44.797505,50,009,950200,1
"471 DERBY ST BRIGHTON, VT 05846 ",471,DERBY ST,BRIGHTON,VT,05846,-71.886552,44.80761,50,009,950200,1
"1138 LAMOTTE RD GUILDHALL, VT 05905 ",1138,LAMOTTE RD,GUILDHALL,VT,05905,-71.653621,44.51985,50,009,950500,1
"0 PAUL STREAM POND RD BRUNSWICK, VT 05905 ",0,PAUL STREAM POND RD,BRUNSWICK,VT,05905,-71.640259,44.692725,50,009,950100,1
"226 E MAIN ST CONCORD, VT 05824 ",226,E  MAIN ST,CONCORD,VT,05824,-71.876736,44.443687,50,009,950500,2
"121 CANAAN MOBILE HOME PARK CANAAN, VT 05903 ",121,CANAAN MOBILE HOME PARK,CANAAN,VT,05903,-71.541857,44.995041,50,009,950100,2
"2967 VT ROUTE 114 WARRENS GORE, VT 05907 ",2967,VT ROUTE 114,WARRENS GORE,VT,05907,-71.87451,44.925214,50,009,950100,1
"173 LAKE ST BRIGHTON, VT 05846 ",173,LAKE ST,BRIGHTON,VT,05846,-71.866433,44.813577,50,009,950200,1
"1240 CAMPERS LN CONCORD, VT 05824 ",1240,CAMPERS LN,CONCORD,VT,05824,-71.817005,44.444155,50,009,950500,2
"5145 VT ROUTE 114 S NORTON, VT 05907 ",5145,VT ROUTE 114   S,NORTON,VT,05907,-71.845155,44.948492,50,009,950100,1
"0 BAPTIST HILL RD LUNENBURG, VT 05906 ",0,BAPTIST HILL RD,LUNENBURG,VT,05906,-71.718182,44.417853,50,009,950500,3
"46 BEACH RD AVERILL, VT 05901 ",46,BEACH RD,AVERILL,VT,05901,-71.683686,44.967493,50,009,950100,1
"0 SIMONDS RD LUNENBURG, VT 05906 ",0,SIMONDS RD,LUNENBURG,VT,05906,-71.649606,44.497954,50,009,950500,1
"5068 MAIDSTONE LAKE RD MAIDSTONE, VT 05905 ",5068,MAIDSTONE LAKE RD,MAIDSTONE,VT,05905,-71.64049,44.650271,50,009,950100,1
"3327 VT ROUTE 102 CANAAN, VT 05903 ",3327,VT ROUTE 102,CANAAN,VT,05903,-71.524041,44.953665,50,009,950100,2
"0 GALE ST CANAAN, VT 05903 ",0,GALE ST,CANAAN,VT,05903,-71.541334,44.997273,50,009,950100,2
"0 COLBY RD LUNENBURG, VT 05906 ",0,COLBY RD,LUNENBURG,VT,05906,-71.672195,44.513219,50,009,950500,1
"1850 MORIN RD GUILDHALL, VT 05905 ",1850,MORIN RD,GUILDHALL,VT,05905,-71.631533,44.508295,50,009,950500,1
"1570 CANAAN HILL RD AVERILL, VT 05901 ",1570,CANAAN HILL RD,AVERILL,VT,05901,-71.653409,44.979831,50,009,950100,1
"214 LEWIS LN LEMINGTON, VT 05903 ",214,LEWIS LN,LEMINGTON,VT,05903,-71.543857,44.923983,50,009,950100,1
"265 MICAH BAKER RD CONCORD, VT 05824 ",265,MICAH BAKER RD,CONCORD,VT,05824,-71.856192,44.39124,50,009,950500,2
"5314 VT ROUTE 114 CANAAN, VT 05903 ",5314,VT ROUTE 114,CANAAN,VT,05903,-71.643193,45.006688,50,009,950100,2
"290 LAKE RD LUNENBURG, VT 05906 ",290,LAKE RD,LUNENBURG,VT,05906,-71.688957,44.490211,50,009,950500,1
"110 SANDY LN CONCORD, VT 05858 ",110,SANDY LN,CONCORD,VT,05858,-71.806987,44.450044,50,009,950500,2
"2335 VT ROUTE 114 S NORTON, VT 05907 ",2335,VT ROUTE 114  S,NORTON,VT,05907,-71.81696,44.979256,50,009,950100,1
"288 RIVER RD EAST HAVEN, VT 05837 ",288,RIVER RD,EAST HAVEN,VT,05837,-71.887065,44.655336,50,009,950500,1
"2760 LECLAIR RD CONCORD, VT 05824 ",2760,LECLAIR RD,CONCORD,VT,05824,-71.847568,44.376196,50,009,950500,2
"2103 CROSS RD CONCORD, VT 05824 ",2103,CROSS RD,CONCORD,VT,05824,-71.901399,44.42682,50,009,950500,2
"397 WENTWORTH RD LUNENBURG, VT 05906 ",397,WENTWORTH RD,LUNENBURG,VT,05906,-71.721417,44.455111,50,009,950500,3
"904 COTTAGE RD AVERILL, VT 05901 ",904,COTTAGE RD,AVERILL,VT,05901,-71.697663,44.988624,50,009,950100,1
"7 BONA RD CONCORD, VT 05858 ",7,BONA RD,CONCORD,VT,05858,-71.855559,44.469315,50,009,950500,2
"0 SFH MAIDSTONE, VT 05905 ",0,SFH,MAIDSTONE,VT,05905,-71.644612,44.637542,50,009,950100,1
"2582 OREGON RD CONCORD, VT 05906 ",2582,OREGON RD,CONCORD,VT,05906,-71.754197,44.431379,50,009,950500,2
"1881 W LUNENBURG RD LUNENBURG, VT 05906 ",1881,W   LUNENBURG RD,LUNENBURG,VT,05906,-71.766452,44.46684,50,009,950500,3
"0 GILMAN FARM RD LUNENBURG, VT 05906 ",0,GILMAN FARM RD,LUNENBURG,VT,05906,-71.710185,44.427362,50,009,950500,3
"206 GREEN HILL RD CANAAN, VT 05903 ",206,GREEN HILL RD,CANAAN,VT,05903,-71.530044,45.002499,50,009,950100,2
"70 MCLAUGHLIN RD LUNENBURG, VT 05906 ",70,MCLAUGHLIN RD,LUNENBURG,VT,05906,-71.693407,44.484705,50,009,950500,1
"299 W MAIN ST LUNENBURG, VT 05906 ",299,W  MAIN ST,LUNENBURG,VT,05906,-71.694584,44.460729,50,009,950500,3
"0 DANCE HALL RD LUNENBURG, VT 05906 ",0,DANCE HALL RD,LUNENBURG,VT,05906,-71.766379,44.458322,50,009,950500,3
"0 BAPTIST HILL RD LUNENBURG, VT 05906 ",0,BAPTIST HILL RD,LUNENBURG,VT,05906,-71.710181,44.449581,50,009,950500,3
"1500 OREGON RD CONCORD, VT 05906 ",1500,OREGON RD,CONCORD,VT,05906,-71.765643,44.444876,50,009,950500,2
"79 ELM ST BRIGHTON, VT 05846 ",79,ELM ST,BRIGHTON,VT,05846,-71.880721,44.816929,50,009,950200,1
"176 BAREFOOT RD CONCORD, VT 05824 ",176,BAREFOOT RD,CONCORD,VT,05824,-71.873422,44.397207,50,009,950500,2
"470 ROSEBROOK HILL RD BRIGHTON, VT 05846 ",470,ROSEBROOK HILL RD,BRIGHTON,VT,05846,-71.916713,44.788876,50,009,950200,1
"2354 VT ROUTE 114 E NORTON, VT 05907 ",2354,VT ROUTE 114   E,NORTON,VT,05907,-71.750581,44.99933,50,009,950100,1
"1196 VT ROUTE 114 S NORTON, VT 05907 ",1196,VT ROUTE 114   S,NORTON,VT,05907,-71.806936,44.993369,50,009,950100,1
"1459 MAIN ST CONCORD, VT 05824 ",1459,MAIN ST,CONCORD,VT,05824,-71.879396,44.441431,50,009,950500,2
"695 FREEDOM WAY MAIDSTONE, VT 05905 ",695,FREEDOM WAY,MAIDSTONE,VT,05905,-71.626556,44.627218,50,009,950100,1
"325 LAKE VW CANAAN, VT 05903 ",325,LAKE VW,CANAAN,VT,05903,-71.6344,45.003455,50,009,950100,2
"4127 VICTORY RD VICTORY, VT 05858 ",4127,VICTORY RD,VICTORY,VT,05858,-71.786653,44.575811,50,009,950500,1
"74 STEVENS LOOP BRIGHTON, VT 05846 ",74,STEVENS LOOP,BRIGHTON,VT,05846,-71.906224,44.842506,50,009,950200,1
"3909 VT ROUTE 114 CANAAN, VT 05903 ",3909,VT ROUTE 114,CANAAN,VT,05903,-71.616368,45.008884,50,009,950100,2
"2297 VT ROUTE 114 S NORTON, VT 05907 ",2297,VT ROUTE 114  S,NORTON,VT,05907,-71.815457,44.980003,50,009,950100,1
"399 POND HILL RD LUNENBURG, VT 05906 ",399,POND HILL RD,LUNENBURG,VT,05906,-71.690827,44.479052,50,009,950500,1
"89 MORRISSEY PL EAST HAVEN, VT 05837 ",89,MORRISSEY PL,EAST HAVEN,VT,05837,-71.868117,44.633742,50,009,950500,1
"43 POWER HOUSE RD CANAAN, VT 05903 ",43,POWER HOUSE RD,CANAAN,VT,05903,-71.53491,44.996543,50,009,950100,2
"73 BUZZELL GAP GRANBY, VT 05858 ",73,BUZZELL GAP,GRANBY,VT,05858,-71.765893,44.577486,50,009,950500,1
"0 W MAIN ST LUNENBURG, VT 05906 ",0,W  MAIN ST,LUNENBURG,VT,05906,-71.686314,44.462591,50,009,950500,3
"0 LANCASTER RD LUNENBURG, VT 05906 ",0,LANCASTER RD,LUNENBURG,VT,05906,-71.624612,44.484622,50,009,950500,1
"405 VT ROUTE 102 BRUNSWICK, VT 05905 ",405,VT ROUTE 102,BRUNSWICK,VT,05905,-71.630868,44.744421,50,009,950100,1
"0 BOYS CAMP RD LUNENBURG, VT 05906 ",0,BOYS CAMP RD,LUNENBURG,VT,05906,-71.695989,44.491998,50,009,950500,1
"1224 WOODWARD RD CONCORD, VT 05824 ",1224,WOODWARD RD,CONCORD,VT,05824,-71.89293,44.447473,50,009,950500,2
"0 KINGSLEY RD CANAAN, VT 05903 ",0,KINGSLEY RD,CANAAN,VT,05903,-71.534764,44.996958,50,009,950100,2
"12 EAST ST CANAAN, VT 05902 ",12,EAST ST,CANAAN,VT,05902,-71.506834,45.009539,50,009,950100,2
"128 FULLER DR CANAAN, VT 05903 ",128,FULLER DR,CANAAN,VT,05903,-71.630851,45.008157,50,009,950100,2
"16 POST HORSE DR BRIGHTON, VT 05846 ",16,POST HORSE DR,BRIGHTON,VT,05846,-71.828642,44.78154,50,009,950200,1
"369 BASIL HILL RD BRIGHTON, VT 05846 ",369,BASIL HILL RD,BRIGHTON,VT,05846,-71.939218,44.806123,50,009,950200,1
"421 LAKE VIEW RD NORTON, VT 05907 ",421,LAKE VIEW RD,NORTON,VT,05907,-71.710912,44.996712,50,009,950100,1
"618 COTTAGE RD AVERILL, VT 05901 ",618,COTTAGE RD,AVERILL,VT,05901,-71.70125,44.991911,50,009,950100,1
"114 LAKE RD LUNENBURG, VT 05906 ",114,LAKE RD,LUNENBURG,VT,05906,-71.688972,44.494869,50,009,950500,1
"0 RIVER RD CANAAN, VT 05902 ",0,RIVER RD,CANAAN,VT,05902,-71.493203,45.004483,50,009,950100,2
"1748 VT ROUTE 114 S NORTON, VT 05907 ",1748,VT ROUTE 114   S,NORTON,VT,05907,-71.815567,44.987523,50,009,950100,1
"39 POST HORSE DR BRIGHTON, VT 05846 ",39,POST HORSE DR,BRIGHTON,VT,05846,-71.829222,44.781783,50,009,950200,1
"3461 VT ROUTE 114 E NORTON, VT 05907 ",3461,VT ROUTE 114   E,NORTON,VT,05907,-71.728723,44.996931,50,009,950100,1
"1322 MAIN ST CONCORD, VT 05824 ",1322,MAIN ST,CONCORD,VT,05824,-71.878541,44.438322,50,009,950500,2
"1487 TIN SHACK RD LEWIS, VT 05907 ",1487,TIN SHACK RD,LEWIS,VT,05907,-71.726851,44.848835,50,009,950100,1
"734 LADD RD CONCORD, VT 05824 ",734,LADD RD,CONCORD,VT,05824,-71.854042,44.459526,50,009,950500,2
"6669 GRANBY RD GRANBY, VT 05858 ",6669,GRANBY RD,GRANBY,VT,05858,-71.717424,44.576954,50,009,950500,1
"75 PERCY VW MAIDSTONE, VT 05905 ",75,PERCY VW,MAIDSTONE,VT,05905,-71.594807,44.659208,50,009,950100,1
"5223 VT ROUTE 102 CANAAN, VT 05903 ",5223,VT ROUTE 102,CANAAN,VT,05903,-71.537217,44.975363,50,009,950100,2
"2029 VT ROUTE 114 EAST HAVEN, VT 05837 ",2029,VT ROUTE 114,EAST HAVEN,VT,05837,-71.887463,44.667695,50,009,950500,1
"2757 STONE DAM RD BLOOMFIELD, VT 05905 ",2757,STONE DAM RD,BLOOMFIELD,VT,05905,-71.707689,44.802551,50,009,950100,1
"1326 CAMPERS LN CONCORD, VT 05824 ",1326,CAMPERS LN,CONCORD,VT,05824,-71.818204,44.444931,50,009,950500,2
"108 NORTH ST BRIGHTON, VT 05846 ",108,NORTH ST,BRIGHTON,VT,05846,-71.882775,44.81843,50,009,950200,1
"1022 MORIN RD GUILDHALL, VT 05905 ",1022,MORIN RD,GUILDHALL,VT,05905,-71.6195,44.49813,50,009,950500,1
"212 HASTINGS RD LUNENBURG, VT 05906 ",212,HASTINGS RD,LUNENBURG,VT,05906,-71.739463,44.458246,50,009,950500,3
"1125 POND HILL RD LUNENBURG, VT 05906 ",1125,POND HILL RD,LUNENBURG,VT,05906,-71.705,44.494587,50,009,950500,1
"2376 CROSS RD CONCORD, VT 05824 ",2376,CROSS RD,CONCORD,VT,05824,-71.896103,44.426767,50,009,950500,2
"407 TEN MILE SQUARE RD BRIGHTON, VT 05846 ",407,TEN MILE SQUARE RD,BRIGHTON,VT,05846,-71.909475,44.826711,50,009,950200,1
"241 BULLARD WOODS RD CONCORD, VT 05824 ",241,BULLARD WOODS RD,CONCORD,VT,05824,-71.914315,44.448759,50,009,950500,2
"0 RIVERSIDE AVE LUNENBURG, VT 05906 ",0,RIVERSIDE AVE,LUNENBURG,VT,05906,-71.723197,44.412487,50,009,950500,3
"974 VT ROUTE 114 WARRENS GORE, VT 05907 ",974,VT ROUTE 114,WARRENS GORE,VT,05907,-71.884768,44.899456,50,009,950100,1
"1358 W LUNENBURG RD LUNENBURG, VT 05906 ",1358,W  LUNENBURG RD,LUNENBURG,VT,05906,-71.746796,44.466462,50,009,950500,1
"150 W MAIN ST LUNENBURG, VT 05906 ",150,W  MAIN ST,LUNENBURG,VT,05906,-71.688352,44.462909,50,009,950500,1
"68 CLARK ST BRIGHTON, VT 05846 ",68,CLARK ST,BRIGHTON,VT,05846,-71.887955,44.817489,50,009,950200,1
"924 CHARLESTON RD BRIGHTON, VT 05846 ",924,CHARLESTON RD,BRIGHTON,VT,05846,-71.904255,44.799918,50,009,950200,1
"647 UNKNOWN RD GUILDHALL, VT 05905 ",647,UNKNOWN RD,GUILDHALL,VT,05905,-71.671168,44.568281,50,009,950500,1
"509 VT ROUTE 253 CANAAN, VT 05902 ",509,VT ROUTE 253,CANAAN,VT,05902,-71.517668,45.003962,50,009,950100,2
"46 PRIVATE WEST 1 MAIDSTONE, VT 05905 ",46,PRIVATE WEST 1,MAIDSTONE,VT,05905,-71.650079,44.659571,50,009,950100,1
"25 TOWN HWY 13 NORTON, VT 05907 ",25,TOWN HWY 13,NORTON,VT,05907,-71.782716,45.00765,50,009,950100,1
"3362 VT ROUTE 114 S NORTON, VT 05907 ",3362,VT ROUTE 114  S,NORTON,VT,05907,-71.819627,44.965658,50,009,950100,1
"687 HATCHERY BROOK RD AVERILL, VT 05901 ",687,HATCHERY BROOK RD,AVERILL,VT,05901,-71.692974,44.963412,50,009,950100,1
"170 ISLAND VIEW DR BRIGHTON, VT 05846 ",170,ISLAND VIEW DR,BRIGHTON,VT,05846,-71.860192,44.803663,50,009,950200,1
"92 MILES LN CONCORD, VT 05824 ",92,MILES LN,CONCORD,VT,05824,-71.812466,44.449839,50,009,950500,2
"1503 WESTSIDE LAKE RD MAIDSTONE, VT 05905 ",1503,WESTSIDE LAKE RD,MAIDSTONE,VT,05905,-71.651721,44.647711,50,009,950100,1
"60 THOMAS RD LUNENBURG, VT 05906 ",60,THOMAS RD,LUNENBURG,VT,05906,-71.726395,44.434851,50,009,950500,3
"711 PORRELL RD GRANBY, VT 05858 ",711,PORRELL RD,GRANBY,VT,05858,-71.763698,44.579013,50,009,950500,1
"80 FUND RD CANAAN, VT 05903 ",80,FUND RD,CANAAN,VT,05903,-71.565074,44.980845,50,009,950100,2
"309 CAPON BROOK RD CANAAN, VT 05903 ",309,CAPON BROOK RD,CANAAN,VT,05903,-71.529043,44.935712,50,009,950100,2
"161 PATRICK RD BRIGHTON, VT 05846 ",161,PATRICK RD,BRIGHTON,VT,05846,-71.882627,44.821663,50,009,950200,1
"397 NORTH RD GUILDHALL, VT 05905 ",397,NORTH RD,GUILDHALL,VT,05905,-71.591199,44.571486,50,009,950500,1
"182 HASTINGS RD LUNENBURG, VT 05906 ",182,HASTINGS RD,LUNENBURG,VT,05906,-71.738893,44.459886,50,009,950500,3
"277 BEACH RD AVERILL, VT 05901 ",277,BEACH RD,AVERILL,VT,05901,-71.686678,44.970331,50,009,950100,1
"1216 LAMOTTE RD GUILDHALL, VT 05905 ",1216,LAMOTTE RD,GUILDHALL,VT,05905,-71.654514,44.52086,50,009,950500,1
"58 COMMUNITY BUILDING RD EAST HAVEN, VT 05837 ",58,COMMUNITY BUILDING RD,EAST HAVEN,VT,05837,-71.891976,44.64018,50,009,950500,1
"1777 VT ROUTE 102 LEMINGTON, VT 05905 ",1777,VT ROUTE 102,LEMINGTON,VT,05905,-71.558518,44.849699,50,009,950100,1
"4491 VT ROUTE 114 E NORTON, VT 05907 ",4491,VT ROUTE 114   E,NORTON,VT,05907,-71.710549,44.998658,50,009,950100,1
"252 HALL STREAM RD CANAAN, VT 05902 ",252,HALL STREAM RD,CANAAN,VT,05902,-71.500254,45.010822,50,009,950100,2
"2630 OREGON RD CONCORD, VT 05906 ",2630,OREGON RD,CONCORD,VT,05906,-71.753859,44.430596,50,009,950500,2
"1163 BOBBIN MILL RD LUNENBURG, VT 05906 ",1163,BOBBIN MILL RD,LUNENBURG,VT,05906,-71.668423,44.492464,50,009,950500,1
"94 SPUR RD BLOOMFIELD, VT 05905 ",94,SPUR RD,BLOOMFIELD,VT,05905,-71.5764,44.811311,50,009,950100,1
"0 KIMBALL RD LUNENBURG, VT 05906 ",0,KIMBALL RD,LUNENBURG,VT,05906,-71.701763,44.471907,50,009,950500,1
"7042 VT ROUTE 102 GUILDHALL, VT 05905 ",7042,VT ROUTE 102,GUILDHALL,VT,05905,-71.563762,44.564603,50,009,950500,1
"2096 FELLOWS RD GUILDHALL, VT 05905 ",2096,FELLOWS RD,GUILDHALL,VT,05905,-71.623815,44.531464,50,009,950500,1
"16 E MAIN ST LUNENBURG, VT 05906 ",16,E   MAIN ST,LUNENBURG,VT,05906,-71.681879,44.463023,50,009,950500,3
"0 TUG MOUNTAIN RD LUNENBURG, VT 05906 ",0,TUG MOUNTAIN RD,LUNENBURG,VT,05906,-71.722573,44.513231,50,009,950500,1
"0 SIMONDS RD LUNENBURG, VT 05906 ",0,SIMONDS RD,LUNENBURG,VT,05906,-71.649025,44.495196,50,009,950500,1
"62 RIVER RD CANAAN, VT 05902 ",62,RIVER RD,CANAAN,VT,05902,-71.506586,45.008383,50,009,950100,2
"1 WHITE OAK LN LUNENBURG, VT 05906 ",1,WHITE OAK LN,LUNENBURG,VT,05906,-71.680846,44.459901,50,009,950500,3
"622 E MAIN ST LUNENBURG, VT 05906 ",622,E  MAIN ST,LUNENBURG,VT,05906,-71.658391,44.464388,50,009,950500,3
"0 VT ROUTE 102 CANAAN, VT 05903 ",0,VT ROUTE 102,CANAAN,VT,05903,-71.543031,44.979891,50,009,950100,2
"103 MOUNTAIN ST BRIGHTON, VT 05846 ",103,MOUNTAIN ST,BRIGHTON,VT,05846,-71.881471,44.817972,50,009,950200,1
"404 E BRIGHTON RD BRIGHTON, VT 05846 ",404,E  BRIGHTON RD,BRIGHTON,VT,05846,-71.875164,44.817488,50,009,950200,1
"1069 RIVER RD CANAAN, VT 05902 ",1069,RIVER RD,CANAAN,VT,05902,-71.488602,45.00482,50,009,950100,2
"3797 E BRANCH RD BLOOMFIELD, VT 05905 ",3797,E   BRANCH RD,BLOOMFIELD,VT,05905,-71.675347,44.82925,50,009,950100,1
"0 MIDDLE ST CANAAN, VT 05902 ",0,MIDDLE ST,CANAAN,VT,05902,-71.506392,45.009244,50,009,950100,2
"504 CAMPERS LN CONCORD, VT 05824 ",504,CAMPERS LN,CONCORD,VT,05824,-71.804129,44.445855,50,009,950500,2
"117 LOON LN CONCORD, VT 05824 ",117,LOON LN,CONCORD,VT,05824,-71.809944,44.449523,50,009,950500,2
"446 DANCE HALL RD LUNENBURG, VT 05906 ",446,DANCE HALL RD,LUNENBURG,VT,05906,-71.765569,44.459311,50,009,950500,3
"1279 TEN MILE SQUARE RD BRIGHTON, VT 05846 ",1279,TEN MILE SQUARE RD,BRIGHTON,VT,05846,-71.924672,44.832146,50,009,950200,1
"54 MOUNTAIN ST EXT BRIGHTON, VT 05846 ",54,MOUNTAIN ST EXT,BRIGHTON,VT,05846,-71.874127,44.827864,50,009,950200,1
"71 COMMERCIAL AVE LUNENBURG, VT 05904 ",71,COMMERCIAL AVE,LUNENBURG,VT,05904,-71.717581,44.413306,50,009,950500,3
"0 VT ROUTE 102 CANAAN, VT 05903 ",0,VT ROUTE 102,CANAAN,VT,05903,-71.508468,44.911543,50,009,950100,2
"0 RUSSELL FARM RD LUNENBURG, VT 05906 ",0,RUSSELL FARM RD,LUNENBURG,VT,05906,-71.732503,44.441647,50,009,950500,3
"6646 VT ROUTE 102 CANAAN, VT 05903 ",6646,VT ROUTE 102,CANAAN,VT,05903,-71.539761,44.993708,50,009,950100,2
"23 WILKE BROOK RD GRANBY, VT 05858 ",23,WILKE BROOK RD,GRANBY,VT,05858,-71.704038,44.621933,50,009,950500,1
"202 VT ROUTE 114 CANAAN, VT 05903 ",202,VT ROUTE 114,CANAAN,VT,05903,-71.547138,45.002622,50,009,950100,2
"1384 LANCASTER RD LUNENBURG, VT 05906 ",1384,LANCASTER RD,LUNENBURG,VT,05906,-71.614504,44.486135,50,009,950500,1
"1952 TODD HILL RD LEMINGTON, VT 05903 ",1952,TODD HILL RD,LEMINGTON,VT,05903,-71.579626,44.923873,50,009,950100,1
"42 FITZGERALD AVE BRIGHTON, VT 05846 ",42,FITZGERALD AVE,BRIGHTON,VT,05846,-71.883384,44.810409,50,009,950200,1
"7089 VT ROUTE 102 LEMINGTON, VT 05905 ",7089,VT ROUTE 102,LEMINGTON,VT,05905,-71.505191,44.907847,50,009,950100,1
"68 EASTERN AVE CONCORD, VT 05824 ",68,EASTERN AVE,CONCORD,VT,05824,-71.881648,44.428535,50,009,950500,2
"0 STEVENS RD BLOOMFIELD, VT 05905 ",0,STEVENS RD,BLOOMFIELD,VT,05905,-71.583704,44.806495,50,009,950100,1
"227 COTE DR CANAAN, VT 05903 ",227,COTE DR,CANAAN,VT,05903,-71.646,45.002322,50,009,950100,2
"387 DAVIS RD BRIGHTON, VT 05846 ",387,DAVIS RD,BRIGHTON,VT,05846,-71.916367,44.774147,50,009,950200,1
"6 MARKO RD CONCORD, VT 05824 ",6,MARKO RD,CONCORD,VT,05824,-71.90912,44.426187,50,009,950500,2
"1566 COTTAGE RD AVERILL, VT 05901 ",1566,COTTAGE RD,AVERILL,VT,05901,-71.689691,44.980934,50,009,950100,1
"0 S LUNENBURG RD LUNENBURG, VT 05906 ",0,S   LUNENBURG RD,LUNENBURG,VT,05906,-71.682782,44.460063,50,009,950500,3
"167 BURTS LN CONCORD, VT 05824 ",167,BURTS LN,CONCORD,VT,05824,-71.804124,44.449487,50,009,950500,2
"47 APPLEBEE RD BRIGHTON, VT 05846 ",47,APPLEBEE RD,BRIGHTON,VT,05846,-71.881878,44.811448,50,009,950200,1
"0 VT ROUTE 114 CANAAN, VT 05903 ",0,VT ROUTE 114,CANAAN,VT,05903,-71.605829,45.006934,50,009,950100,2
"1920 CANAAN HILL RD AVERILL, VT 05901 ",1920,CANAAN HILL RD,AVERILL,VT,05901,-71.647595,44.975115,50,009,950100,1
"839 PLEASANT ST BRIGHTON, VT 05846 ",839,PLEASANT ST,BRIGHTON,VT,05846,-71.874813,44.800826,50,009,950200,1
"865 OREGON RD CONCORD, VT 05906 ",865,OREGON RD,CONCORD,VT,05906,-71.769499,44.453338,50,009,950500,2
"152 COMMERCIAL AVE LUNENBURG, VT 05904 ",152,COMMERCIAL AVE,LUNENBURG,VT,05904,-71.720569,44.413492,50,009,950500,3
"102 RADAR RD VICTORY, VT 05858 ",102,RADAR RD,VICTORY,VT,05858,-71.784725,44.576215,50,009,950500,1
"2479 VT ROUTE 114 E NORTON, VT 05907 ",2479,VT ROUTE 114   E,NORTON,VT,05907,-71.748061,44.99879,50,009,950100,1
"82 MAPLE ST BRIGHTON, VT 05846 ",82,MAPLE ST,BRIGHTON,VT,05846,-71.884068,44.817254,50,009,950200,1
"375 LAKE VIEW RD NORTON, VT 05907 ",375,LAKE VIEW RD,NORTON,VT,05907,-71.711322,44.996197,50,009,950100,1
"2269 KEMP HILL RD CANAAN, VT 05903 ",2269,KEMP HILL RD,CANAAN,VT,05903,-71.561441,44.95645,50,009,950100,2
"1954 OREGON RD CONCORD, VT 05906 ",1954,OREGON RD,CONCORD,VT,05906,-71.760571,44.438975,50,009,950500,2
"0 POND HILL RD LUNENBURG, VT 05906 ",0,POND HILL RD,LUNENBURG,VT,05906,-71.696323,44.483971,50,009,950500,1
"4000 VT ROUTE 114 AVERYS GORE, VT 05907 ",4000,VT ROUTE 114,AVERYS GORE,VT,05907,-71.830341,44.928209,50,009,950100,1
"4006 VT ROUTE 114 CANAAN, VT 05903 ",4006,VT ROUTE 114,CANAAN,VT,05903,-71.618306,45.009728,50,009,950100,2
"899 LEONARD HILL RD CONCORD, VT 05824 ",899,LEONARD HILL RD,CONCORD,VT,05824,-71.772218,44.424337,50,009,950500,2
"0 JACKSON LODGE VLG CANAAN, VT 05903 ",0,JACKSON LODGE VLG,CANAAN,VT,05903,-71.611914,45.011829,50,009,950100,2
"0 HASTINGS RD LUNENBURG, VT 05906 ",0,HASTINGS RD,LUNENBURG,VT,05906,-71.736842,44.458209,50,009,950500,3
"24 COVEY RD LUNENBURG, VT 05906 ",24,COVEY RD,LUNENBURG,VT,05906,-71.688785,44.463935,50,009,950500,1
"0 PENN RD CANAAN, VT 05903 ",0,PENN RD,CANAAN,VT,05903,-71.597608,45.001592,50,009,950100,2
"211 WENTWORTH RD LUNENBURG, VT 05906 ",211,WENTWORTH RD,LUNENBURG,VT,05906,-71.712376,44.455418,50,009,950500,3
"0 WESTSIDE LAKE RD MAIDSTONE, VT 05905 ",0,WESTSIDE LAKE RD,MAIDSTONE,VT,05905,-71.651986,44.648724,50,009,950100,1
"5813 VT ROUTE 102 GUILDHALL, VT 05905 ",5813,VT ROUTE 102,GUILDHALL,VT,05905,-71.588431,44.566507,50,009,950500,1
"56 IRON BRIDGE LOOP RD BRIGHTON, VT 05846 ",56,IRON BRIDGE LOOP RD,BRIGHTON,VT,05846,-71.901273,44.826498,50,009,950200,1
"0 VICTORY HL VICTORY, VT 05858 ",0,VICTORY HL,VICTORY,VT,05858,-71.851712,44.534456,50,009,950500,1
"861 POND HILL RD LUNENBURG, VT 05906 ",861,POND HILL RD,LUNENBURG,VT,05906,-71.702127,44.487475,50,009,950500,1
"89 SPENCER HILL RD BLOOMFIELD, VT 05905 ",89,SPENCER HILL RD,BLOOMFIELD,VT,05905,-71.63462,44.755025,50,009,950100,1
"3212 E BRIGHTON RD BRIGHTON, VT 05846 ",3212,E  BRIGHTON RD,BRIGHTON,VT,05846,-71.834822,44.792473,50,009,950200,1
"0 ALL AMERICAN HWY CANAAN, VT 05903 ",0,ALL AMERICAN HWY,CANAAN,VT,05903,-71.586147,45.009663,50,009,950100,2
"297 LANCASTER RD LUNENBURG, VT 05906 ",297,LANCASTER RD,LUNENBURG,VT,05906,-71.648667,44.472386,50,009,950500,1
"0 RIVER RD LUNENBURG, VT 05906 ",0,RIVER RD,LUNENBURG,VT,05906,-71.680476,44.433856,50,009,950500,3
"301 DANCE HALL RD LUNENBURG, VT 05906 ",301,DANCE HALL RD,LUNENBURG,VT,05906,-71.760672,44.460972,50,009,950500,3
"1309 E BRIGHTON RD BRIGHTON, VT 05846 ",1309,E  BRIGHTON RD,BRIGHTON,VT,05846,-71.86064,44.811652,50,009,950200,1
"17 MAPLE ST EAST HAVEN, VT 05837 ",17,MAPLE ST,EAST HAVEN,VT,05837,-71.890501,44.642081,50,009,950500,1
"459 GALE ST CANAAN, VT 05903 ",459,GALE ST,CANAAN,VT,05903,-71.542846,44.99873,50,009,950100,2
"1673 RIVER RD VICTORY, VT 05858 ",1673,RIVER RD,VICTORY,VT,05858,-71.776669,44.562059,50,009,950500,1
"3419 PAUL STREAM RD FERDINAND, VT 05905 ",3419,PAUL STREAM RD,FERDINAND,VT,05905,-71.685411,44.649301,50,009,950100,1
"79 NORTHVIEW DR CANAAN, VT 05903 ",79,NORTHVIEW DR,CANAAN,VT,05903,-71.627474,45.008819,50,009,950100,2
"862 N CONCORD RD CONCORD, VT 05858 ",862,N   CONCORD RD,CONCORD,VT,05858,-71.859787,44.465786,50,009,950500,2
"6170 GRANBY RD GRANBY, VT 05905 ",6170,GRANBY RD,GRANBY,VT,05905,-71.70892,44.574821,50,009,950500,1
"48 BEECH ST LUNENBURG, VT 05904 ",48,BEECH ST,LUNENBURG,VT,05904,-71.719844,44.412207,50,009,950500,3
"242 LADD RD CONCORD, VT 05824 ",242,LADD RD,CONCORD,VT,05824,-71.86387,44.456212,50,009,950500,2
"1277 LAKESHORE DR BRIGHTON, VT 05846 ",1277,LAKESHORE DR,BRIGHTON,VT,05846,-71.858416,44.802641,50,009,950200,1
"0 CHRISTIAN HL CANAAN, VT 05903 ",0,CHRISTIAN HL,CANAAN,VT,05903,-71.53399,44.998593,50,009,950100,2
"2181 E BRIGHTON RD BRIGHTON, VT 05846 ",2181,E  BRIGHTON RD,BRIGHTON,VT,05846,-71.847439,44.804483,50,009,950200,1
"211 SE POND RD LUNENBURG, VT 05906 ",211,SE  POND RD,LUNENBURG,VT,05906,-71.689318,44.485118,50,009,950500,1
"95 LOON LN CONCORD, VT 05824 ",95,LOON LN,CONCORD,VT,05824,-71.80916,44.449587,50,009,950500,2
"167 WALLACE RD LEMINGTON, VT 05903 ",167,WALLACE RD,LEMINGTON,VT,05903,-71.582096,44.866137,50,009,950100,1
"730 FREEDOM WAY MAIDSTONE, VT 05905 ",730,FREEDOM WAY,MAIDSTONE,VT,05905,-71.627481,44.627593,50,009,950100,1
"527 LOOP RD AVERILL, VT 05901 ",527,LOOP RD,AVERILL,VT,05901,-71.691163,44.96662,50,009,950100,1
"431 MAIN ST CONCORD, VT 05824 ",431,MAIN ST,CONCORD,VT,05824,-71.887108,44.428933,50,009,950500,2
"142 ROD LN VICTORY, VT 05858 ",142,ROD LN,VICTORY,VT,05858,-71.780446,44.569089,50,009,950500,1
"37 PRIVATE WEST 2 MAIDSTONE, VT 05905 ",37,PRIVATE WEST 2,MAIDSTONE,VT,05905,-71.651746,44.658785,50,009,950100,1
"807 BEEDE RD CONCORD, VT 05824 ",807,BEEDE RD,CONCORD,VT,05824,-71.876428,44.395021,50,009,950500,2
"5816 VT ROUTE 102 GUILDHALL, VT 05905 ",5816,VT ROUTE 102,GUILDHALL,VT,05905,-71.587699,44.566154,50,009,950500,1
"1732 VT ROUTE 102 CANAAN, VT 05903 ",1732,VT ROUTE 102,CANAAN,VT,05903,-71.522057,44.93173,50,009,950100,2
"497 MILL RD LEMINGTON, VT 05903 ",497,MILL RD,LEMINGTON,VT,05903,-71.601314,44.888659,50,009,950100,1
"138 HANCOCK RD BRIGHTON, VT 05846 ",138,HANCOCK RD,BRIGHTON,VT,05846,-71.898721,44.759603,50,009,950200,1
"56 ALBERTS WAY AVERILL, VT 05901 ",56,ALBERTS WAY,AVERILL,VT,05901,-71.685179,44.985136,50,009,950100,1
"1565 BAPTIST HILL RD LUNENBURG, VT 05906 ",1565,BAPTIST HILL RD,LUNENBURG,VT,05906,-71.719563,44.427358,50,009,950500,3
"1735 CROSS RD CONCORD, VT 05824 ",1735,CROSS RD,CONCORD,VT,05824,-71.907449,44.42587,50,009,950500,2
"1382 HUDSON RD CANAAN, VT 05903 ",1382,HUDSON RD,CANAAN,VT,05903,-71.557969,44.942883,50,009,950100,2
"464 JACK BROOK RD EAST HAVEN, VT 05837 ",464,JACK BROOK RD,EAST HAVEN,VT,05837,-71.853784,44.699252,50,009,950500,1
"4262 VT ROUTE 114 CANAAN, VT 05903 ",4262,VT ROUTE 114,CANAAN,VT,05903,-71.62347,45.010467,50,009,950100,2
"958 HENSHAW RD BRIGHTON, VT 05846 ",958,HENSHAW RD,BRIGHTON,VT,05846,-71.84961,44.826189,50,009,950200,1
"550 RIVER RD LUNENBURG, VT 05906 ",550,RIVER RD,LUNENBURG,VT,05906,-71.657977,44.450991,50,009,950500,3
"333 MAIN ST CONCORD, VT 05824 ",333,MAIN ST,CONCORD,VT,05824,-71.889135,44.428998,50,009,950500,2
"533 DERBY ST BRIGHTON, VT 05846 ",533,DERBY ST,BRIGHTON,VT,05846,-71.88708,44.806747,50,009,950200,1
"171 JACKSON LODGE VLG CANAAN, VT 05903 ",171,JACKSON LODGE VLG,CANAAN,VT,05903,-71.612979,45.012192,50,009,950100,2
"451 MOCCASIN ML GRANBY, VT 05858 ",451,MOCCASIN ML,GRANBY,VT,05858,-71.787736,44.586622,50,009,950500,1
"0 VT ROUTE 102 CANAAN, VT 05903 ",0,VT ROUTE 102,CANAAN,VT,05903,-71.512621,44.916729,50,009,950100,2
"0 VT ROUTE 102 CANAAN, VT 05903 ",0,VT ROUTE 102,CANAAN,VT,05903,-71.524705,44.928929,50,009,950100,2
"3125 VT ROUTE 114 S NORTON, VT 05907 ",3125,VT ROUTE 114  S,NORTON,VT,05907,-71.815384,44.967542,50,009,950100,1
"0 VT ROUTE 114 CANAAN, VT 05903 ",0,VT ROUTE 114,CANAAN,VT,05903,-71.554511,45.006267,50,009,950100,2
"153 RAILROAD ST BRIGHTON, VT 05846 ",153,RAILROAD ST,BRIGHTON,VT,05846,-71.88398,44.815564,50,009,950200,1
"93 VT ROUTE 102 CANAAN, VT 05903 ",93,VT ROUTE 102,CANAAN,VT,05903,-71.50814,44.911733,50,009,950100,2
"0 JUDD RD CANAAN, VT 05903 ",0,JUDD RD,CANAAN,VT,05903,-71.555617,45.001861,50,009,950100,2
"0 BAPTIST HILL RD LUNENBURG, VT 05906 ",0,BAPTIST HILL RD,LUNENBURG,VT,05906,-71.706378,44.455846,50,009,950500,3
"2162 VT ROUTE 114 E NORTON, VT 05907 ",2162,VT ROUTE 114   E,NORTON,VT,05907,-71.754228,45.000333,50,009,950100,1
"37 MAPLE ST BRIGHTON, VT 05846 ",37,MAPLE ST,BRIGHTON,VT,05846,-71.88499,44.817259,50,009,950200,1
"3261 VT ROUTE 114 S NORTON, VT 05907 ",3261,VT ROUTE 114  S,NORTON,VT,05907,-71.817644,44.966456,50,009,950100,1
"93 SCENIC DR CANAAN, VT 05903 ",93,SCENIC DR,CANAAN,VT,05903,-71.61287,45.007328,50,009,950100,2
"0 VT ROUTE 141 CANAAN, VT 05903 ",0,VT ROUTE 141,CANAAN,VT,05903,-71.558094,45.008775,50,009,950100,2
"7427 VT ROUTE 102 GUILDHALL, VT 05905 ",7427,VT ROUTE 102,GUILDHALL,VT,05905,-71.563104,44.568342,50,009,950500,1
"797 COZY NOOK RD CONCORD, VT 05906 ",797,COZY NOOK RD,CONCORD,VT,05906,-71.759277,44.414113,50,009,950500,2
"64 COMMUNITY BUILDING RD EAST HAVEN, VT 05837 ",64,COMMUNITY BUILDING RD,EAST HAVEN,VT,05837,-71.891896,44.639851,50,009,950500,1
"1457 WESTSIDE LAKE RD MAIDSTONE, VT 05905 ",1457,WESTSIDE LAKE RD,MAIDSTONE,VT,05905,-71.651331,44.649216,50,009,950100,1
"1444 RIVER RD LUNENBURG, VT 05906 ",1444,RIVER RD,LUNENBURG,VT,05906,-71.680417,44.43409,50,009,950500,3
"88 ISLAND VIEW DR BRIGHTON, VT 05846 ",88,ISLAND VIEW DR,BRIGHTON,VT,05846,-71.859244,44.805189,50,009,950200,1
"579 MAIN ST CONCORD, VT 05824 ",579,MAIN ST,CONCORD,VT,05824,-71.884002,44.429064,50,009,950500,2
"2667 NORTH RD MAIDSTONE, VT 05905 ",2667,NORTH RD,MAIDSTONE,VT,05905,-71.591342,44.600647,50,009,950100,1
"1364 CAMPERS LN CONCORD, VT 05824 ",1364,CAMPERS LN,CONCORD,VT,05824,-71.819109,44.445152,50,009,950500,2
"6672 VT ROUTE 102 CANAAN, VT 05903 ",6672,VT ROUTE 102,CANAAN,VT,05903,-71.539476,44.99413,50,009,950100,2
"359 RAILROAD ST BRIGHTON, VT 05846 ",359,RAILROAD ST,BRIGHTON,VT,05846,-71.887023,44.817715,50,009,950200,1
"889 VT ROUTE 114 E NORTON, VT 05907 ",889,VT ROUTE 114  E,NORTON,VT,05907,-71.77796,45.007639,50,009,950100,1
"3734 CANAAN HILL RD CANAAN, VT 05903 ",3734,CANAAN HILL RD,CANAAN,VT,05903,-71.603116,44.979294,50,009,950100,2
"111 THOMAS RD LUNENBURG, VT 05906 ",111,THOMAS RD,LUNENBURG,VT,05906,-71.727013,44.43374,50,009,950500,3
"55 ETHAN ALLEN DR CANAAN, VT 05903 ",55,ETHAN ALLEN DR,CANAAN,VT,05903,-71.541027,44.998842,50,009,950100,2
"7 LAMOUREUX RD MAIDSTONE, VT 05905 ",7,LAMOUREUX RD,MAIDSTONE,VT,05905,-71.573964,44.648824,50,009,950100,1
"220 TREATMENT PLANT RD LUNENBURG, VT 05904 ",220,TREATMENT PLANT RD,LUNENBURG,VT,05904,-71.714459,44.412528,50,009,950500,3
"3177 VT ROUTE 102 BRUNSWICK, VT 05905 ",3177,VT ROUTE 102,BRUNSWICK,VT,05905,-71.611607,44.714555,50,009,950100,1
"144 HAGGARD HOLLOW RD LUNENBURG, VT 05906 ",144,HAGGARD HOLLOW RD,LUNENBURG,VT,05906,-71.710224,44.475462,50,009,950500,1
"642 VT ROUTE 105 BLOOMFIELD, VT 05905 ",642,VT ROUTE 105,BLOOMFIELD,VT,05905,-71.640451,44.75907,50,009,950100,1
"413 VT ROUTE 253 CANAAN, VT 05902 ",413,VT ROUTE 253,CANAAN,VT,05902,-71.519425,45.00348,50,009,950100,2
"1356 VT ROUTE 105 BLOOMFIELD, VT 05905 ",1356,VT ROUTE 105,BLOOMFIELD,VT,05905,-71.643028,44.767842,50,009,950100,1
"563 DERBY ST BRIGHTON, VT 05846 ",563,DERBY ST,BRIGHTON,VT,05846,-71.887439,44.806386,50,009,950200,1
"0 VT ROUTE 102 CANAAN, VT 05903 ",0,VT ROUTE 102,CANAAN,VT,05903,-71.526552,44.939688,50,009,950100,2
"0 COVEY RD LUNENBURG, VT 05906 ",0,COVEY RD,LUNENBURG,VT,05906,-71.688679,44.464071,50,009,950500,1
"3585 VT ROUTE 114 S NORTON, VT 05907 ",3585,VT ROUTE 114  S,NORTON,VT,05907,-71.823054,44.963416,50,009,950100,1
"3604 CANAAN HILL RD CANAAN, VT 05903 ",3604,CANAAN HILL RD,CANAAN,VT,05903,-71.5992,44.978958,50,009,950100,2
"49 DALE AVE BRIGHTON, VT 05846 ",49,DALE AVE,BRIGHTON,VT,05846,-71.881892,44.810502,50,009,950200,1
"6501 VT ROUTE 102 GUILDHALL, VT 05905 ",6501,VT ROUTE 102,GUILDHALL,VT,05905,-71.574794,44.56637,50,009,950500,1
"51 VT ROUTE 147 N NORTON, VT 05907 ",51,VT ROUTE 147   N,NORTON,VT,05907,-71.794991,45.009757,50,009,950100,1
"0 JUDD RD CANAAN, VT 05903 ",0,JUDD RD,CANAAN,VT,05903,-71.556592,45.001072,50,009,950100,2
"0 VT ROUTE 114 CANAAN, VT 05903 ",0,VT ROUTE 114,CANAAN,VT,05903,-71.591211,45.007041,50,009,950100,2
"1716 NORTH RD GUILDHALL, VT 05905 ",1716,NORTH RD,GUILDHALL,VT,05905,-71.59741,44.588178,50,009,950500,1
"0 VT ROUTE 114 CANAAN, VT 05903 ",0,VT ROUTE 114,CANAAN,VT,05903,-71.683211,45.007601,50,009,950100,2
"0 COUNTY RD BRIGHTON, VT 05846 ",0,COUNTY RD,BRIGHTON,VT,05846,-71.957602,44.802677,50,009,950200,1
"4371 VT ROUTE 114 S NORTON, VT 05907 ",4371,VT ROUTE 114  S,NORTON,VT,05907,-71.836279,44.957484,50,009,950100,1
"181 JUDD RD CANAAN, VT 05903 ",181,JUDD RD,CANAAN,VT,05903,-71.553372,45.00163,50,009,950100,2
"4915 VT ROUTE 114 CANAAN, VT 05903 ",4915,VT ROUTE 114,CANAAN,VT,05903,-71.635243,45.005764,50,009,950100,2
"125 HAGGARD HOLLOW RD LUNENBURG, VT 05906 ",125,HAGGARD HOLLOW RD,LUNENBURG,VT,05906,-71.709313,44.474982,50,009,950500,1
"356 PLEASANT ST BRIGHTON, VT 05846 ",356,PLEASANT ST,BRIGHTON,VT,05846,-71.881007,44.806335,50,009,950200,1
"392 PLEASANT ST BRIGHTON, VT 05846 ",392,PLEASANT ST,BRIGHTON,VT,05846,-71.880495,44.805802,50,009,950200,1
"280 TUG MOUNTAIN RD LUNENBURG, VT 05906 ",280,TUG MOUNTAIN RD,LUNENBURG,VT,05906,-71.725049,44.517775,50,009,950500,1
"146 CLAY BROOK RD CANAAN, VT 05903 ",146,CLAY BROOK RD,CANAAN,VT,05903,-71.586302,44.967631,50,009,950100,2
"514 E MAIN ST LUNENBURG, VT 05906 ",514,E  MAIN ST,LUNENBURG,VT,05906,-71.663234,44.463876,50,009,950500,3
"50 CLARK ST BRIGHTON, VT 05846 ",50,CLARK ST,BRIGHTON,VT,05846,-71.887673,44.817331,50,009,950200,1
"47 ROULEAU RD CANAAN, VT 05902 ",47,ROULEAU RD,CANAAN,VT,05902,-71.497276,45.005136,50,009,950100,2
"675 SHORES HL GRANBY, VT 05858 ",675,SHORES HL,GRANBY,VT,05858,-71.743368,44.56133,50,009,950500,1
"0 VT ROUTE 102 CANAAN, VT 05903 ",0,VT ROUTE 102,CANAAN,VT,05903,-71.52467,44.928389,50,009,950100,2
"65 CENTER RD CANAAN, VT 05903 ",65,CENTER RD,CANAAN,VT,05903,-71.539375,45.009173,50,009,950100,2
"2971 VT ROUTE 114 WARRENS GORE, VT 05907 ",2971,VT ROUTE 114,WARRENS GORE,VT,05907,-71.87786,44.92699,50,009,950100,1
"464 GALE ST CANAAN, VT 05903 ",464,GALE ST,CANAAN,VT,05903,-71.542612,44.999004,50,009,950100,2
"0 OREGON RD LUNENBURG, VT 05906 ",0,OREGON RD,LUNENBURG,VT,05906,-71.753966,44.433051,50,009,950500,3
"1141 DUBEAU RD CANAAN, VT 05903 ",1141,DUBEAU RD,CANAAN,VT,05903,-71.623187,44.994414,50,009,950100,2
"164 S LUNENBURG RD LUNENBURG, VT 05906 ",164,S  LUNENBURG RD,LUNENBURG,VT,05906,-71.684635,44.45851,50,009,950500,3
"67 PRIVATE WEST 2 MAIDSTONE, VT 05905 ",67,PRIVATE WEST 2,MAIDSTONE,VT,05905,-71.651485,44.658041,50,009,950100,1
"603 BAPTIST HILL RD LUNENBURG, VT 05906 ",603,BAPTIST HILL RD,LUNENBURG,VT,05906,-71.712565,44.447555,50,009,950500,3
"3101 EAST HAVEN RD BRIGHTON, VT 05846 ",3101,EAST HAVEN RD,BRIGHTON,VT,05846,-71.893369,44.758087,50,009,950200,1
"57 ALDER ST BRIGHTON, VT 05846 ",57,ALDER ST,BRIGHTON,VT,05846,-71.882441,44.813814,50,009,950200,1
"1525 NEWARK RD BRIGHTON, VT 05846 ",1525,NEWARK RD,BRIGHTON,VT,05846,-71.92844,44.7733,50,009,950200,1
"583 RAILROAD ST BRIGHTON, VT 05846 ",583,RAILROAD ST,BRIGHTON,VT,05846,-71.890049,44.81994,50,009,950200,1
"77 S LUNENBURG RD LUNENBURG, VT 05906 ",77,S   LUNENBURG RD,LUNENBURG,VT,05906,-71.681815,44.461302,50,009,950500,3
"0 GILMAN FARM RD LUNENBURG, VT 05906 ",0,GILMAN FARM RD,LUNENBURG,VT,05906,-71.710773,44.426915,50,009,950500,3
"494 GALE ST CANAAN, VT 05903 ",494,GALE ST,CANAAN,VT,05903,-71.543097,44.999376,50,009,950100,2
"810 CAPON BROOK RD CANAAN, VT 05903 ",810,CAPON BROOK RD,CANAAN,VT,05903,-71.538621,44.941695,50,009,950100,2
"23 BELLEVUE AVE BRIGHTON, VT 05846 ",23,BELLEVUE AVE,BRIGHTON,VT,05846,-71.881058,44.808275,50,009,950200,1
"2191 CANAAN HILL RD AVERILL, VT 05901 ",2191,CANAAN HILL RD,AVERILL,VT,05901,-71.642988,44.974827,50,009,950100,1
"0 COTE DR CANAAN, VT 05903 ",0,COTE DR,CANAAN,VT,05903,-71.646066,45.002209,50,009,950100,2
"0 VT ROUTE 114 CANAAN, VT 05903 ",0,VT ROUTE 114,CANAAN,VT,05903,-71.626898,45.009093,50,009,950100,2
"0 PARISEAU DR CANAAN, VT 05902 ",0,PARISEAU DR,CANAAN,VT,05902,-71.498092,45.005371,50,009,950100,2
"9 GRANBY RD VICTORY, VT 05858 ",9,GRANBY RD,VICTORY,VT,05858,-71.783823,44.574382,50,009,950500,1
"0 HUNTINGTON RD MAIDSTONE, VT 05905 ",0,HUNTINGTON RD,MAIDSTONE,VT,05905,-71.593362,44.603097,50,009,950100,1
"252 S LUNENBURG RD LUNENBURG, VT 05906 ",252,S  LUNENBURG RD,LUNENBURG,VT,05906,-71.68165,44.456609,50,009,950500,3
"55 E CONCORD RD LUNENBURG, VT 05906 ",55,E  CONCORD RD,LUNENBURG,VT,05906,-71.734377,44.411493,50,009,950500,3
"898 CLAY BROOK RD CANAAN, VT 05903 ",898,CLAY BROOK RD,CANAAN,VT,05903,-71.59276,44.959204,50,009,950100,2
"4173 VT ROUTE 102 MAIDSTONE, VT 05905 ",4173,VT ROUTE 102,MAIDSTONE,VT,05905,-71.570381,44.625144,50,009,950100,1
"5558 SHADOW LAKE RD CONCORD, VT 05824 ",5558,SHADOW LAKE RD,CONCORD,VT,05824,-71.856713,44.370973,50,009,950500,2
"233 RAILROAD ST BRIGHTON, VT 05846 ",233,RAILROAD ST,BRIGHTON,VT,05846,-71.885132,44.816365,50,009,950200,1
"125 DANCE HALL RD LUNENBURG, VT 05906 ",125,DANCE HALL RD,LUNENBURG,VT,05906,-71.757645,44.465515,50,009,950500,3
"6670 VT ROUTE 102 BRUNSWICK, VT 05905 ",6670,VT ROUTE 102,BRUNSWICK,VT,05905,-71.602597,44.674222,50,009,950100,1
"1890 CANAAN HILL RD AVERILL, VT 05901 ",1890,CANAAN HILL RD,AVERILL,VT,05901,-71.648798,44.976118,50,009,950100,1
"0 SFH MAIDSTONE, VT 05905 ",0,SFH,MAIDSTONE,VT,05905,-71.643513,44.637773,50,009,950100,1
"0 VT ROUTE 114 CANAAN, VT 05903 ",0,VT ROUTE 114,CANAAN,VT,05903,-71.589774,45.007684,50,009,950100,2
"111 WOODBURY DR CONCORD, VT 05824 ",111,WOODBURY DR,CONCORD,VT,05824,-71.756051,44.42452,50,009,950500,2
"5550 MAIDSTONE LAKE RD MAIDSTONE, VT 05905 ",5550,MAIDSTONE LAKE RD,MAIDSTONE,VT,05905,-71.641522,44.642901,50,009,950100,1
"287 JUDD RD CANAAN, VT 05903 ",287,JUDD RD,CANAAN,VT,05903,-71.552041,45.000183,50,009,950100,2
"3122 SIMS HILL RD LEMINGTON, VT 05903 ",3122,SIMS HILL RD,LEMINGTON,VT,05903,-71.600448,44.866204,50,009,950100,1
"0 KEMP HILL RD CANAAN, VT 05903 ",0,KEMP HILL RD,CANAAN,VT,05903,-71.548782,44.977189,50,009,950100,2
"1190 VICTORY RD CONCORD, VT 05858 ",1190,VICTORY RD,CONCORD,VT,05858,-71.863565,44.484206,50,009,950500,2
"147 MOUNTAIN ST EXT BRIGHTON, VT 05846 ",147,MOUNTAIN ST EXT,BRIGHTON,VT,05846,-71.874715,44.829143,50,009,950200,1
"475 KIRBY MOUNTAIN RD CONCORD, VT 05824 ",475,KIRBY MOUNTAIN RD,CONCORD,VT,05824,-71.908624,44.44703,50,009,950500,2
"0 KIMBALL RD LUNENBURG, VT 05906 ",0,KIMBALL RD,LUNENBURG,VT,05906,-71.694619,44.462165,50,009,950500,1
"1004 US ROUTE 2 GUILDHALL, VT 05905 ",1004,US ROUTE 2,GUILDHALL,VT,05905,-71.596171,44.495179,50,009,950500,1
"230 MARKO RD CONCORD, VT 05824 ",230,MARKO RD,CONCORD,VT,05824,-71.912683,44.428529,50,009,950500,2
"16 RIVER RD LUNENBURG, VT 05906 ",16,RIVER RD,LUNENBURG,VT,05906,-71.653116,44.464396,50,009,950500,3
"0 MARSHALL RD BLOOMFIELD, VT 05905 ",0,MARSHALL RD,BLOOMFIELD,VT,05905,-71.631208,44.756492,50,009,950100,1
"1509 TIN SHACK RD LEWIS, VT 05907 ",1509,TIN SHACK RD,LEWIS,VT,05907,-71.728265,44.84924,50,009,950100,1
"0 VT ROUTE 253 CANAAN, VT 05902 ",0,VT ROUTE 253,CANAAN,VT,05902,-71.519865,45.003386,50,009,950100,2
"2058 FOREST LAKE RD AVERILL, VT 05901 ",2058,FOREST LAKE RD,AVERILL,VT,05901,-71.684277,44.983481,50,009,950100,1
"6521 VT ROUTE 102 BLOOMFIELD, VT 05905 ",6521,VT ROUTE 102,BLOOMFIELD,VT,05905,-71.571133,44.824445,50,009,950100,1
"62 VT ROUTE 102 BLOOMFIELD, VT 05905 ",62,VT ROUTE 102,BLOOMFIELD,VT,05905,-71.633306,44.750978,50,009,950100,1
"1536 POND HILL RD LUNENBURG, VT 05906 ",1536,POND HILL RD,LUNENBURG,VT,05906,-71.710577,44.505508,50,009,950500,1
"0 VT ROUTE 102 CANAAN, VT 05903 ",0,VT ROUTE 102,CANAAN,VT,05903,-71.519878,44.920834,50,009,950100,2
"335 CUTTING RD CONCORD, VT 05824 ",335,CUTTING RD,CONCORD,VT,05824,-71.822607,44.394104,50,009,950500,2
"832 SHORES HL GRANBY, VT 05858 ",832,SHORES HL,GRANBY,VT,05858,-71.741496,44.5595,50,009,950500,1
"47 FITCH BROOK RD GRANBY, VT 05837 ",47,FITCH BROOK RD,GRANBY,VT,05837,-71.708827,44.625714,50,009,950500,1
"1150 TEN MILE SQUARE RD BRIGHTON, VT 05846 ",1150,TEN MILE SQUARE RD,BRIGHTON,VT,05846,-71.922441,44.8327,50,009,950200,1
"0 TOWN HWY 21 CANAAN, VT 05903 ",0,TOWN HWY 21,CANAAN,VT,05903,-71.548642,44.926797,50,009,950100,2
"153 COTTAGE DR BRIGHTON, VT 05846 ",153,COTTAGE DR,BRIGHTON,VT,05846,-71.873647,44.801139,50,009,950200,1
"36 CROSS ST BRIGHTON, VT 05846 ",36,CROSS ST,BRIGHTON,VT,05846,-71.881371,44.814534,50,009,950200,1
"1231 LAKESHORE DR BRIGHTON, VT 05846 ",1231,LAKESHORE DR,BRIGHTON,VT,05846,-71.857968,44.80156,50,009,950200,1
"308 MIDDLE ST BRIGHTON, VT 05846 ",308,MIDDLE ST,BRIGHTON,VT,05846,-71.886383,44.819248,50,009,950200,1
"1103 VT ROUTE 253 CANAAN, VT 05902 ",1103,VT ROUTE 253,CANAAN,VT,05902,-71.507825,45.008577,50,009,950100,2
"5075 VT ROUTE 102 BLOOMFIELD, VT 05905 ",5075,VT ROUTE 102,BLOOMFIELD,VT,05905,-71.574027,44.804873,50,009,950100,1
"115 BULLARD WOODS RD CONCORD, VT 05824 ",115,BULLARD WOODS RD,CONCORD,VT,05824,-71.91282,44.447069,50,009,950500,2
"6417 VT ROUTE 102 GUILDHALL, VT 05905 ",6417,VT ROUTE 102,GUILDHALL,VT,05905,-71.576392,44.566694,50,009,950500,1
"118 JUDD RD CANAAN, VT 05903 ",118,JUDD RD,CANAAN,VT,05903,-71.556008,45.001264,50,009,950100,2
"570 PENN RD CANAAN, VT 05903 ",570,PENN RD,CANAAN,VT,05903,-71.597377,45.001062,50,009,950100,2
"5071 VT ROUTE 102 MAIDSTONE, VT 05905 ",5071,VT ROUTE 102,MAIDSTONE,VT,05905,-71.560481,44.632475,50,009,950100,1
"133 MAPLE ST EAST HAVEN, VT 05837 ",133,MAPLE ST,EAST HAVEN,VT,05837,-71.891527,44.643683,50,009,950500,1
"0 HALL STREAM RD CANAAN, VT 05902 ",0,HALL STREAM RD,CANAAN,VT,05902,-71.50066,45.010572,50,009,950100,2
"0 VT ROUTE 102 BLOOMFIELD, VT 05905 ",0,VT ROUTE 102,BLOOMFIELD,VT,05905,-71.576302,44.809382,50,009,950100,1
"660 GREEN HILL RD CANAAN, VT 05903 ",660,GREEN HILL RD,CANAAN,VT,05903,-71.524901,45.007673,50,009,950100,2
"0 JEFFERSON AVE LUNENBURG, VT 05904 ",0,JEFFERSON AVE,LUNENBURG,VT,05904,-71.722109,44.414032,50,009,950500,3
"199 FORD RD MAIDSTONE, VT 05905 ",199,FORD RD,MAIDSTONE,VT,05905,-71.591217,44.605866,50,009,950100,1
"1448 MILES POND RD CONCORD, VT 05858 ",1448,MILES POND RD,CONCORD,VT,05858,-71.798478,44.448556,50,009,950500,2
"3042 VT ROUTE 102 BLOOMFIELD, VT 05905 ",3042,VT ROUTE 102,BLOOMFIELD,VT,05905,-71.594458,44.782048,50,009,950100,1
"1674 POND HILL RD LUNENBURG, VT 05906 ",1674,POND HILL RD,LUNENBURG,VT,05906,-71.71394,44.508411,50,009,950500,1
"203 RAILROAD ST BRIGHTON, VT 05846 ",203,RAILROAD ST,BRIGHTON,VT,05846,-71.88472,44.816063,50,009,950200,1
"123 LETNO LN CONCORD, VT 05824 ",123,LETNO LN,CONCORD,VT,05824,-71.815217,44.449777,50,009,950500,2
"27 VT ROUTE 105 FERDINAND, VT 05846 ",27,VT ROUTE 105,FERDINAND,VT,05846,-71.801608,44.786859,50,009,950100,1
"150 MOUNTAIN VIEW LN NORTON, VT 05907 ",150,MOUNTAIN VIEW LN,NORTON,VT,05907,-71.744861,44.999368,50,009,950100,1
"1449 VT ROUTE 102 CANAAN, VT 05903 ",1449,VT ROUTE 102,CANAAN,VT,05903,-71.52371,44.92784,50,009,950100,2
"1313 E BRIGHTON RD BRIGHTON, VT 05846 ",1313,E  BRIGHTON RD,BRIGHTON,VT,05846,-71.856396,44.812733,50,009,950200,1
"163 SPECTACLE POND RD BRIGHTON, VT 05846 ",163,SPECTACLE POND RD,BRIGHTON,VT,05846,-71.854506,44.800683,50,009,950200,1
"850 COTTAGE RD AVERILL, VT 05901 ",850,COTTAGE RD,AVERILL,VT,05901,-71.698319,44.989255,50,009,950100,1
"2859 VT ROUTE 114 E NORTON, VT 05907 ",2859,VT ROUTE 114   E,NORTON,VT,05907,-71.74113,44.996693,50,009,950100,1
"382 S LUNENBURG RD LUNENBURG, VT 05906 ",382,S   LUNENBURG RD,LUNENBURG,VT,05906,-71.679243,44.452969,50,009,950500,3
"110 IRON BRIDGE LOOP RD BRIGHTON, VT 05846 ",110,IRON BRIDGE LOOP RD,BRIGHTON,VT,05846,-71.902542,44.82669,50,009,950200,1
"713 VT ROUTE 253 CANAAN, VT 05902 ",713,VT ROUTE 253,CANAAN,VT,05902,-71.513986,45.005072,50,009,950100,2
"2094 FOREST LAKE RD AVERILL, VT 05901 ",2094,FOREST LAKE RD,AVERILL,VT,05901,-71.684561,44.983423,50,009,950100,1
"5926 VT ROUTE 102 CANAAN, VT 05903 ",5926,VT ROUTE 102,CANAAN,VT,05903,-71.542806,44.984269,50,009,950100,2
"1727 LADD RD CONCORD, VT 05858 ",1727,LADD RD,CONCORD,VT,05858,-71.837838,44.456274,50,009,950500,2
"654 E MAIN ST LUNENBURG, VT 05906 ",654,E  MAIN ST,LUNENBURG,VT,05906,-71.657323,44.464336,50,009,950500,3
"146 BOULDER BLUFF LN CONCORD, VT 05824 ",146,BOULDER BLUFF LN,CONCORD,VT,05824,-71.817379,44.449612,50,009,950500,2
"147 RIVERSIDE AVE LUNENBURG, VT 05906 ",147,RIVERSIDE AVE,LUNENBURG,VT,05906,-71.725425,44.412234,50,009,950500,3
"6291 VT ROUTE 102 LEMINGTON, VT 05905 ",6291,VT ROUTE 102,LEMINGTON,VT,05905,-71.508787,44.89882,50,009,950100,1
"0 DANCE HALL RD LUNENBURG, VT 05906 ",0,DANCE HALL RD,LUNENBURG,VT,05906,-71.766288,44.459196,50,009,950500,3
"164 PENN RD CANAAN, VT 05903 ",164,PENN RD,CANAAN,VT,05903,-71.603755,45.003221,50,009,950100,2
"2105 E BRIGHTON RD BRIGHTON, VT 05846 ",2105,E  BRIGHTON RD,BRIGHTON,VT,05846,-71.847952,44.80509,50,009,950200,1
"630 FULLER RD BLOOMFIELD, VT 05905 ",630,FULLER RD,BLOOMFIELD,VT,05905,-71.594408,44.790487,50,009,950100,1
"172 S LUNENBURG RD LUNENBURG, VT 05906 ",172,S  LUNENBURG RD,LUNENBURG,VT,05906,-71.681846,44.458531,50,009,950500,3
"2150 FIVE MILE SQUARE RD BRIGHTON, VT 05846 ",2150,FIVE MILE SQUARE RD,BRIGHTON,VT,05846,-71.914911,44.801596,50,009,950200,1
"0 VT ROUTE 102 CANAAN, VT 05903 ",0,VT ROUTE 102,CANAAN,VT,05903,-71.521962,44.922907,50,009,950100,2
"602 BAPTIST HILL RD LUNENBURG, VT 05906 ",602,BAPTIST HILL RD,LUNENBURG,VT,05906,-71.711913,44.448873,50,009,950500,3
"247 E MAIN ST LUNENBURG, VT 05906 ",247,E   MAIN ST,LUNENBURG,VT,05906,-71.673277,44.464184,50,009,950500,1
"0 E MAIN ST LUNENBURG, VT 05906 ",0,E   MAIN ST,LUNENBURG,VT,05906,-71.680604,44.461873,50,009,950500,3
"181 SE POND RD LUNENBURG, VT 05906 ",181,SE   POND RD,LUNENBURG,VT,05906,-71.689679,44.48413,50,009,950500,1
"0 W MCCONNELL POND RD BRIGHTON, VT 05846 ",0,W  MCCONNELL POND RD,BRIGHTON,VT,05846,-71.802843,44.816245,50,009,950200,1
"2183 RIVER RD LUNENBURG, VT 05904 ",2183,RIVER RD,LUNENBURG,VT,05904,-71.695641,44.419862,50,009,950500,3
"0 VT ROUTE 105 BLOOMFIELD, VT 05905 ",0,VT ROUTE 105,BLOOMFIELD,VT,05905,-71.643099,44.76288,50,009,950100,1
"532 COTTAGE RD AVERILL, VT 05901 ",532,COTTAGE RD,AVERILL,VT,05901,-71.702547,44.99252,50,009,950100,1
"57 PRIVATE WEST 8 MAIDSTONE, VT 05905 ",57,PRIVATE WEST 8,MAIDSTONE,VT,05905,-71.656616,44.64614,50,009,950100,1
"60 ELM ST BRIGHTON, VT 05846 ",60,ELM ST,BRIGHTON,VT,05846,-71.880383,44.817265,50,009,950200,1
"56 E CONCORD RD LUNENBURG, VT 05906 ",56,E  CONCORD RD,LUNENBURG,VT,05906,-71.733536,44.412384,50,009,950500,3
"1285 HEAD OF THE POND RD BRIGHTON, VT 05846 ",1285,HEAD OF THE POND RD,BRIGHTON,VT,05846,-71.853433,44.778009,50,009,950200,1
"1720 CRANK RD BLOOMFIELD, VT 05905 ",1720,CRANK RD,BLOOMFIELD,VT,05905,-71.602149,44.820807,50,009,950100,1
"629 VT ROUTE 102 CANAAN, VT 05903 ",629,VT ROUTE 102,CANAAN,VT,05903,-71.521836,44.916778,50,009,950100,2
"126 S LUNENBURG RD LUNENBURG, VT 05906 ",126,S   LUNENBURG RD,LUNENBURG,VT,05906,-71.683904,44.460877,50,009,950500,3
"945 SHADOW LAKE RD CONCORD, VT 05824 ",945,SHADOW LAKE RD,CONCORD,VT,05824,-71.887445,44.418073,50,009,950500,2
"698 FIVE MILE SQUARE RD BRIGHTON, VT 05846 ",698,FIVE MILE SQUARE RD,BRIGHTON,VT,05846,-71.904313,44.816217,50,009,950200,1
"108 LYDIA LN BRIGHTON, VT 05846 ",108,LYDIA LN,BRIGHTON,VT,05846,-71.83834,44.767144,50,009,950200,1
"472 DANCE HALL RD LUNENBURG, VT 05906 ",472,DANCE HALL RD,LUNENBURG,VT,05906,-71.766568,44.459152,50,009,950500,3
"366 BAPTIST HILL RD LUNENBURG, VT 05906 ",366,BAPTIST HILL RD,LUNENBURG,VT,05906,-71.705736,44.453811,50,009,950500,3
"0 W MAIN ST LUNENBURG, VT 05906 ",0,W  MAIN ST,LUNENBURG,VT,05906,-71.686089,44.463281,50,009,950500,1
"0 RIVER RD CANAAN, VT 05902 ",0,RIVER RD,CANAAN,VT,05902,-71.485559,45.004305,50,009,950100,2
"690 MOUNTAIN RD EAST HAVEN, VT 05837 ",690,MOUNTAIN RD,EAST HAVEN,VT,05837,-71.880769,44.643034,50,009,950500,1
"237 BEACH RD AVERILL, VT 05901 ",237,BEACH RD,AVERILL,VT,05901,-71.686415,44.96983,50,009,950100,1
"3060 CANAAN HILL RD CANAAN, VT 05903 ",3060,CANAAN HILL RD,CANAAN,VT,05903,-71.590942,44.976626,50,009,950100,2
"0 WESTSIDE LAKE RD MAIDSTONE, VT 05905 ",0,WESTSIDE LAKE RD,MAIDSTONE,VT,05905,-71.652874,44.653369,50,009,950100,1
"66 WILLSON RD LUNENBURG, VT 05906 ",66,WILLSON RD,LUNENBURG,VT,05906,-71.69257,44.483435,50,009,950500,1
"1668 FIVE MILE SQUARE RD BRIGHTON, VT 05846 ",1668,FIVE MILE SQUARE RD,BRIGHTON,VT,05846,-71.912357,44.80567,50,009,950200,1
"552 GRANBY RD GUILDHALL, VT 05905 ",552,GRANBY RD,GUILDHALL,VT,05905,-71.611451,44.557577,50,009,950500,1
"236 FISHING VILLAGE RD BRIGHTON, VT 05846 ",236,FISHING VILLAGE RD,BRIGHTON,VT,05846,-71.856215,44.802807,50,009,950200,1
"32 LAKE RD LUNENBURG, VT 05906 ",32,LAKE RD,LUNENBURG,VT,05906,-71.690915,44.496414,50,009,950500,1
"1737 VT ROUTE 105 BLOOMFIELD, VT 05905 ",1737,VT ROUTE 105,BLOOMFIELD,VT,05905,-71.644741,44.773164,50,009,950100,1
"550 CHARLESTON RD BRIGHTON, VT 05846 ",550,CHARLESTON RD,BRIGHTON,VT,05846,-71.897096,44.801013,50,009,950200,1
"88 NORTHVIEW DR CANAAN, VT 05903 ",88,NORTHVIEW DR,CANAAN,VT,05903,-71.627976,45.00875,50,009,950100,2
"0 CANAAN HILL RD CANAAN, VT 05903 ",0,CANAAN HILL RD,CANAAN,VT,05903,-71.599725,44.98228,50,009,950100,2
"47 TRANSFER STATION RD LUNENBURG, VT 05906 ",47,TRANSFER STATION RD,LUNENBURG,VT,05906,-71.663383,44.461257,50,009,950500,3
"0 MILL BROOK RD BLOOMFIELD, VT 05905 ",0,MILL BROOK RD,BLOOMFIELD,VT,05905,-71.601595,44.783819,50,009,950100,1
"0 COOK ST CANAAN, VT 05903 ",0,COOK ST,CANAAN,VT,05903,-71.548743,45.00157,50,009,950100,2
"471 MIDDLE ST BRIGHTON, VT 05846 ",471,MIDDLE ST,BRIGHTON,VT,05846,-71.889145,44.820366,50,009,950200,1
"285 WENTWORTH RD LUNENBURG, VT 05906 ",285,WENTWORTH RD,LUNENBURG,VT,05906,-71.714922,44.456568,50,009,950500,3
"0 CANAAN HILL RD CANAAN, VT 05903 ",0,CANAAN HILL RD,CANAAN,VT,05903,-71.59109,44.974311,50,009,950100,2
"4062 VT ROUTE 114 CANAAN, VT 05903 ",4062,VT ROUTE 114,CANAAN,VT,05903,-71.619425,45.009841,50,009,950100,2
"0 POND HILL RD LUNENBURG, VT 05906 ",0,POND HILL RD,LUNENBURG,VT,05906,-71.700918,44.487118,50,009,950500,1
"0 BAPTIST HILL RD LUNENBURG, VT 05906 ",0,BAPTIST HILL RD,LUNENBURG,VT,05906,-71.702303,44.457458,50,009,950500,3
"91 CHAPMAN RD CONCORD, VT 05824 ",91,CHAPMAN RD,CONCORD,VT,05824,-71.884962,44.424479,50,009,950500,2
"1899 JOHNSON RD CONCORD, VT 05824 ",1899,JOHNSON RD,CONCORD,VT,05824,-71.822711,44.398656,50,009,950500,2
"5396 VT ROUTE 105 BRUNSWICK, VT 05905 ",5396,VT ROUTE 105,BRUNSWICK,VT,05905,-71.702561,44.767393,50,009,950100,1
"346 HIGH RIDGE RD CONCORD, VT 05824 ",346,HIGH RIDGE RD,CONCORD,VT,05824,-71.865585,44.384242,50,009,950500,2
"59 COW MOUNTAIN POND FRST GRANBY, VT 05858 ",59,COW MOUNTAIN POND FRST,GRANBY,VT,05858,-71.702317,44.571062,50,009,950500,1
"433 VT ROUTE 141 CANAAN, VT 05903 ",433,VT ROUTE 141,CANAAN,VT,05903,-71.560376,45.0126,50,009,950100,2
"0 NORTHVIEW DR CANAAN, VT 05903 ",0,NORTHVIEW DR,CANAAN,VT,05903,-71.627843,45.009583,50,009,950100,2
"121 DALE AVE BRIGHTON, VT 05846 ",121,DALE AVE,BRIGHTON,VT,05846,-71.88106,44.809557,50,009,950200,1
"251 VT ROUTE 253 CANAAN, VT 05902 ",251,VT ROUTE 253,CANAAN,VT,05902,-71.522391,45.002578,50,009,950100,2
"0 SE POND RD LUNENBURG, VT 05906 ",0,SE   POND RD,LUNENBURG,VT,05906,-71.689456,44.485379,50,009,950500,1
"1788 VT ROUTE 102 BRUNSWICK, VT 05905 ",1788,VT ROUTE 102,BRUNSWICK,VT,05905,-71.633897,44.724843,50,009,950100,1
"702 CAMPERS LN CONCORD, VT 05824 ",702,CAMPERS LN,CONCORD,VT,05824,-71.807451,44.444262,50,009,950500,2
"0 TODD HILL RD LEMINGTON, VT 05903 ",0,TODD HILL RD,LEMINGTON,VT,05903,-71.562009,44.921385,50,009,950100,1
"2999 OREGON RD CONCORD, VT 05906 ",2999,OREGON RD,CONCORD,VT,05906,-71.752068,44.425779,50,009,950500,2
"0 JACKSON LODGE RD CANAAN, VT 05903 ",0,JACKSON LODGE RD,CANAAN,VT,05903,-71.60954,45.012356,50,009,950100,2
"25 NELSON RD NORTON, VT 05907 ",25,NELSON RD,NORTON,VT,05907,-71.794724,45.010068,50,009,950100,1
"1052 RIVER RD LUNENBURG, VT 05906 ",1052,RIVER RD,LUNENBURG,VT,05906,-71.66604,44.44201,50,009,950500,3
"0 RIVA VUE RD LUNENBURG, VT 05906 ",0,RIVA VUE RD,LUNENBURG,VT,05906,-71.670745,44.481429,50,009,950500,1
"0 BOBBIN MILL RD LUNENBURG, VT 05906 ",0,BOBBIN MILL RD,LUNENBURG,VT,05906,-71.657845,44.490243,50,009,950500,1
"0 POND HILL RD LUNENBURG, VT 05906 ",0,POND HILL RD,LUNENBURG,VT,05906,-71.691297,44.476478,50,009,950500,1
"238 MITCHELL RD CONCORD, VT 05824 ",238,MITCHELL RD,CONCORD,VT,05824,-71.858018,44.4006,50,009,950500,2
"4039 VT ROUTE 114 S NORTON, VT 05907 ",4039,VT ROUTE 114  S,NORTON,VT,05907,-71.830718,44.96015,50,009,950100,1
"716 GAUDETTE RD NORTON, VT 05907 ",716,GAUDETTE RD,NORTON,VT,05907,-71.750741,44.988474,50,009,950100,1
"1594 PORRELL RD GRANBY, VT 05858 ",1594,PORRELL RD,GRANBY,VT,05858,-71.751084,44.585138,50,009,950500,1
"60 WALNUT ST BRIGHTON, VT 05846 ",60,WALNUT ST,BRIGHTON,VT,05846,-71.882663,44.817376,50,009,950200,1
"664 LOST NATION RD EAST HAVEN, VT 05837 ",664,LOST NATION RD,EAST HAVEN,VT,05837,-71.87265,44.676768,50,009,950500,1
"600 RODIN RD AVERILL, VT 05901 ",600,RODIN RD,AVERILL,VT,05901,-71.709033,44.955106,50,009,950100,1
"0 POND HILL RD LUNENBURG, VT 05906 ",0,POND HILL RD,LUNENBURG,VT,05906,-71.709093,44.501833,50,009,950500,1
"0 VT ROUTE 114 CANAAN, VT 05903 ",0,VT ROUTE 114,CANAAN,VT,05903,-71.685593,45.005856,50,009,950100,2
"98 BOYS CAMP RD LUNENBURG, VT 05906 ",98,BOYS CAMP RD,LUNENBURG,VT,05906,-71.696612,44.489959,50,009,950500,1
"48 BILODEAU RD BRIGHTON, VT 05846 ",48,BILODEAU RD,BRIGHTON,VT,05846,-71.901583,44.818692,50,009,950200,1
"167 LAKE ST BRIGHTON, VT 05846 ",167,LAKE ST,BRIGHTON,VT,05846,-71.866176,44.814304,50,009,950200,1
"1789 VT ROUTE 102 GUILDHALL, VT 05905 ",1789,VT ROUTE 102,GUILDHALL,VT,05905,-71.595841,44.521238,50,009,950500,1
"1589 CANAAN HILL RD AVERILL, VT 05901 ",1589,CANAAN HILL RD,AVERILL,VT,05901,-71.65236,44.979754,50,009,950100,1
"449 DERBY ST BRIGHTON, VT 05846 ",449,DERBY ST,BRIGHTON,VT,05846,-71.886461,44.807741,50,009,950200,1
"1500 RADAR RD EAST HAVEN, VT 05837 ",1500,RADAR RD,EAST HAVEN,VT,05837,-71.849902,44.642754,50,009,950500,1
"0 RIVER RD LUNENBURG, VT 05904 ",0,RIVER RD,LUNENBURG,VT,05904,-71.692278,44.422391,50,009,950500,3
"0 VT ROUTE 102 CANAAN, VT 05903 ",0,VT ROUTE 102,CANAAN,VT,05903,-71.542576,44.992454,50,009,950100,2
"1342 HENSHAW RD BRIGHTON, VT 05846 ",1342,HENSHAW RD,BRIGHTON,VT,05846,-71.849053,44.829317,50,009,950200,1
"559 MAIN ST CONCORD, VT 05824 ",559,MAIN ST,CONCORD,VT,05824,-71.884553,44.428812,50,009,950500,2
"6270 GRANBY RD GRANBY, VT 05905 ",6270,GRANBY RD,GRANBY,VT,05905,-71.708563,44.577447,50,009,950500,1
"0 MILL BROOK RD BLOOMFIELD, VT 05905 ",0,MILL BROOK RD,BLOOMFIELD,VT,05905,-71.598906,44.779323,50,009,950100,1
"990 HURRICANE BROOK RD WARRENS GORE, VT 05907 ",990,HURRICANE BROOK RD,WARRENS GORE,VT,05907,-71.880558,44.92057,50,009,950100,1
"469 POND HILL RD LUNENBURG, VT 05906 ",469,POND HILL RD,LUNENBURG,VT,05906,-71.692606,44.479756,50,009,950500,1
"0 W MAIN ST LUNENBURG, VT 05906 ",0,W  MAIN ST,LUNENBURG,VT,05906,-71.684274,44.462348,50,009,950500,3
"166 GALE ST CANAAN, VT 05903 ",166,GALE ST,CANAAN,VT,05903,-71.53806,44.996457,50,009,950100,2
"0 VT ROUTE 114 WARRENS GORE, VT 05907 ",0,VT ROUTE 114,WARRENS GORE,VT,05907,-71.87414,44.929581,50,009,950100,1
"3941 VT ROUTE 114 CANAAN, VT 05903 ",3941,VT ROUTE 114,CANAAN,VT,05903,-71.617027,45.00925,50,009,950100,2
"0 BOBBIN MILL RD LUNENBURG, VT 05906 ",0,BOBBIN MILL RD,LUNENBURG,VT,05906,-71.679671,44.476024,50,009,950500,1
"524 VT ROUTE 114 EAST HAVEN, VT 05837 ",524,VT ROUTE 114,EAST HAVEN,VT,05837,-71.892831,44.646143,50,009,950500,1
"4593 VT ROUTE 102 GUILDHALL, VT 05905 ",4593,VT ROUTE 102,GUILDHALL,VT,05905,-71.596392,44.551898,50,009,950500,1
"0 E MAIN ST LUNENBURG, VT 05906 ",0,E   MAIN ST,LUNENBURG,VT,05906,-71.675575,44.463006,50,009,950500,3
"1515 VT ROUTE 114 EAST HAVEN, VT 05837 ",1515,VT ROUTE 114,EAST HAVEN,VT,05837,-71.891313,44.660474,50,009,950500,1
"2551 VT ROUTE 114 S NORTON, VT 05907 ",2551,VT ROUTE 114  S,NORTON,VT,05907,-71.816639,44.976274,50,009,950100,1
"6 WAVY LN CONCORD, VT 05824 ",6,WAVY LN,CONCORD,VT,05824,-71.871943,44.405491,50,009,950500,2
"31 KIMBALL RD LUNENBURG, VT 05906 ",31,KIMBALL RD,LUNENBURG,VT,05906,-71.694833,44.462846,50,009,950500,1
"432 MIDDLE ST BRIGHTON, VT 05846 ",432,MIDDLE ST,BRIGHTON,VT,05846,-71.887935,44.820901,50,009,950200,1
"74 W SIDE RD LUNENBURG, VT 05906 ",74,W  SIDE RD,LUNENBURG,VT,05906,-71.698265,44.485951,50,009,950500,1
"905 VT ROUTE 105 FERDINAND, VT 05846 ",905,VT ROUTE 105,FERDINAND,VT,05846,-71.785495,44.781726,50,009,950100,1
"110 THOMAS RD LUNENBURG, VT 05906 ",110,THOMAS RD,LUNENBURG,VT,05906,-71.728391,44.434058,50,009,950500,3
"495 MILL RD LEMINGTON, VT 05903 ",495,MILL RD,LEMINGTON,VT,05903,-71.562084,44.87176,50,009,950100,1
"475 JACK BROOK RD EAST HAVEN, VT 05837 ",475,JACK BROOK RD,EAST HAVEN,VT,05837,-71.855582,44.698167,50,009,950500,1
"115 VT ROUTE 141 CANAAN, VT 05903 ",115,VT ROUTE 141,CANAAN,VT,05903,-71.557251,45.00849,50,009,950100,2
"1506 VT ROUTE 114 E NORTON, VT 05907 ",1506,VT ROUTE 114   E,NORTON,VT,05907,-71.766763,45.003934,50,009,950100,1
"72 DERBY ST BRIGHTON, VT 05846 ",72,DERBY ST,BRIGHTON,VT,05846,-71.882613,44.812592,50,009,950200,1
"194 GLENSIDE LN CONCORD, VT 05858 ",194,GLENSIDE LN,CONCORD,VT,05858,-71.859511,44.469149,50,009,950500,2
"735 JACKSON RD AVERILL, VT 05901 ",735,JACKSON RD,AVERILL,VT,05901,-71.707421,44.979923,50,009,950100,1
"277 SPECTACLE POND RD BRIGHTON, VT 05846 ",277,SPECTACLE POND RD,BRIGHTON,VT,05846,-71.853218,44.801327,50,009,950200,1
"1687 VT ROUTE 114 EAST HAVEN, VT 05837 ",1687,VT ROUTE 114,EAST HAVEN,VT,05837,-71.889642,44.662813,50,009,950500,1
"540 COTTAGE RD AVERILL, VT 05901 ",540,COTTAGE RD,AVERILL,VT,05901,-71.702454,44.992491,50,009,950100,1
"1754 POND HILL RD LUNENBURG, VT 05906 ",1754,POND HILL RD,LUNENBURG,VT,05906,-71.716162,44.509356,50,009,950500,1
"271 SHADOW LAKE RD CONCORD, VT 05824 ",271,SHADOW LAKE RD,CONCORD,VT,05824,-71.886539,44.425913,50,009,950500,2
"142 RIVERSIDE AVE LUNENBURG, VT 05906 ",142,RIVERSIDE AVE,LUNENBURG,VT,05906,-71.725852,44.412494,50,009,950500,3
"924 LEONARD HILL RD CONCORD, VT 05824 ",924,LEONARD HILL RD,CONCORD,VT,05824,-71.771998,44.42818,50,009,950500,2
"66 CEDAR ST LUNENBURG, VT 05904 ",66,CEDAR ST,LUNENBURG,VT,05904,-71.720252,44.415113,50,009,950500,3
"536 EAST HAVEN RD BRIGHTON, VT 05846 ",536,EAST HAVEN RD,BRIGHTON,VT,05846,-71.909509,44.790247,50,009,950200,1
"8912 GRANBY RD GRANBY, VT 05858 ",8912,GRANBY RD,GRANBY,VT,05858,-71.757681,44.571529,50,009,950500,1
"964 GRANBY RD VICTORY, VT 05858 ",964,GRANBY RD,VICTORY,VT,05858,-71.768345,44.569109,50,009,950500,1
"122 SUNSET DR BRIGHTON, VT 05846 ",122,SUNSET DR,BRIGHTON,VT,05846,-71.859055,44.799096,50,009,950200,1
"46 ALDER ST BRIGHTON, VT 05846 ",46,ALDER ST,BRIGHTON,VT,05846,-71.881988,44.814022,50,009,950200,1
"0 VT ROUTE 102 CANAAN, VT 05903 ",0,VT ROUTE 102,CANAAN,VT,05903,-71.544391,44.981238,50,009,950100,2
"61 LYDIA LN BRIGHTON, VT 05846 ",61,LYDIA LN,BRIGHTON,VT,05846,-71.837683,44.767711,50,009,950200,1
"126 RIVER RD CANAAN, VT 05902 ",126,RIVER RD,CANAAN,VT,05902,-71.505111,45.008588,50,009,950100,2
"1493 VT ROUTE 102 CANAAN, VT 05903 ",1493,VT ROUTE 102,CANAAN,VT,05903,-71.524126,44.928473,50,009,950100,2
"531 VT ROUTE 105 BLOOMFIELD, VT 05905 ",531,VT ROUTE 105,BLOOMFIELD,VT,05905,-71.642745,44.756808,50,009,950100,1
"7025 VT ROUTE 102 MAIDSTONE, VT 05905 ",7025,VT ROUTE 102,MAIDSTONE,VT,05905,-71.583558,44.652242,50,009,950100,1
"0 BAPTIST HILL RD LUNENBURG, VT 05906 ",0,BAPTIST HILL RD,LUNENBURG,VT,05906,-71.706666,44.454654,50,009,950500,3
"38 BLUE HERON LN CONCORD, VT 05824 ",38,BLUE HERON LN,CONCORD,VT,05824,-71.803027,44.446548,50,009,950500,2
"0 RIVER RD LUNENBURG, VT 05904 ",0,RIVER RD,LUNENBURG,VT,05904,-71.69141,44.422596,50,009,950500,3
"3589 E BRIGHTON RD BRIGHTON, VT 05846 ",3589,E  BRIGHTON RD,BRIGHTON,VT,05846,-71.828105,44.78991,50,009,950200,1
"2234 CROSS RD CONCORD, VT 05824 ",2234,CROSS RD,CONCORD,VT,05824,-71.899273,44.426601,50,009,950500,2
"925 EAST HAVEN RD BRIGHTON, VT 05846 ",925,EAST HAVEN RD,BRIGHTON,VT,05846,-71.91117,44.786214,50,009,950200,1
"179 RAILROAD ST BRIGHTON, VT 05846 ",179,RAILROAD ST,BRIGHTON,VT,05846,-71.884308,44.815835,50,009,950200,1
"877 MOUNTAIN RD EAST HAVEN, VT 05837 ",877,MOUNTAIN RD,EAST HAVEN,VT,05837,-71.876929,44.643463,50,009,950500,1
"4285 VT ROUTE 114 CANAAN, VT 05903 ",4285,VT ROUTE 114,CANAAN,VT,05903,-71.624013,45.010128,50,009,950100,2
"743 SAWMILL RD CONCORD, VT 05824 ",743,SAWMILL RD,CONCORD,VT,05824,-71.897514,44.442808,50,009,950500,2
"327 POLLARD HL CANAAN, VT 05903 ",327,POLLARD HL,CANAAN,VT,05903,-71.599748,44.958856,50,009,950100,2
"36 MIDDLE ST CANAAN, VT 05902 ",36,MIDDLE ST,CANAAN,VT,05902,-71.506403,45.009124,50,009,950100,2
"2541 E BRIGHTON RD BRIGHTON, VT 05846 ",2541,E  BRIGHTON RD,BRIGHTON,VT,05846,-71.840623,44.80116,50,009,950200,1
"0 BAPTIST HILL RD LUNENBURG, VT 05906 ",0,BAPTIST HILL RD,LUNENBURG,VT,05906,-71.717806,44.417971,50,009,950500,3
"75 W MAIN ST LUNENBURG, VT 05906 ",75,W  MAIN ST,LUNENBURG,VT,05906,-71.685616,44.462866,50,009,950500,3
"144 ROULEAU RD CANAAN, VT 05902 ",144,ROULEAU RD,CANAAN,VT,05902,-71.497756,45.004212,50,009,950100,2
"10 MITCHELL RD CONCORD, VT 05824 ",10,MITCHELL RD,CONCORD,VT,05824,-71.861089,44.401669,50,009,950500,2
"384 DERBY ST BRIGHTON, VT 05846 ",384,DERBY ST,BRIGHTON,VT,05846,-71.886281,44.808872,50,009,950200,1
"138 LAKE RD LUNENBURG, VT 05906 ",138,LAKE RD,LUNENBURG,VT,05906,-71.689012,44.494275,50,009,950500,1
"0 SPENCER HILL RD BLOOMFIELD, VT 05905 ",0,SPENCER HILL RD,BLOOMFIELD,VT,05905,-71.634517,44.755464,50,009,950100,1
"66 CEDAR ST CONCORD, VT 05824 ",66,CEDAR ST,CONCORD,VT,05824,-71.754549,44.425488,50,009,950500,2
"1034 PORRELL RD GRANBY, VT 05858 ",1034,PORRELL RD,GRANBY,VT,05858,-71.757882,44.581264,50,009,950500,1
"101 POST HORSE DR BRIGHTON, VT 05846 ",101,POST HORSE DR,BRIGHTON,VT,05846,-71.82864,44.782702,50,009,950200,1
"100 SOUTH ST BRIGHTON, VT 05846 ",100,SOUTH ST,BRIGHTON,VT,05846,-71.880168,44.816602,50,009,950200,1
"61 AVERILL LAKE RD NORTON, VT 05907 ",61,AVERILL LAKE RD,NORTON,VT,05907,-71.727922,44.996068,50,009,950100,1
"332 VT ROUTE 105 BLOOMFIELD, VT 05905 ",332,VT ROUTE 105,BLOOMFIELD,VT,05905,-71.636316,44.756383,50,009,950100,1
"2952 VT ROUTE 105 BLOOMFIELD, VT 05905 ",2952,VT ROUTE 105,BLOOMFIELD,VT,05905,-71.66532,44.778645,50,009,950100,1
"7704 RIVER RD VICTORY, VT 05858 ",7704,RIVER RD,VICTORY,VT,05858,-71.852944,44.50068,50,009,950500,1
"90 HOLMES ST CANAAN, VT 05903 ",90,HOLMES ST,CANAAN,VT,05903,-71.533492,45.000221,50,009,950100,2
"3944 HURRICANE BROOK RD WARRENS GORE, VT 05907 ",3944,HURRICANE BROOK RD,WARRENS GORE,VT,05907,-71.867006,44.938574,50,009,950100,1
"90 RIVERSIDE AVE LUNENBURG, VT 05906 ",90,RIVERSIDE AVE,LUNENBURG,VT,05906,-71.723308,44.412359,50,009,950500,3
"49 MAILLETT RD LUNENBURG, VT 05906 ",49,MAILLETT RD,LUNENBURG,VT,05906,-71.690413,44.461043,50,009,950500,3
"15 CEDAR ST LUNENBURG, VT 05904 ",15,CEDAR ST,LUNENBURG,VT,05904,-71.720205,44.413867,50,009,950500,3
"1079 OREGON RD CONCORD, VT 05906 ",1079,OREGON RD,CONCORD,VT,05906,-71.767597,44.450726,50,009,950500,2
"2060 RIVER RD LUNENBURG, VT 05904 ",2060,RIVER RD,LUNENBURG,VT,05904,-71.692143,44.422361,50,009,950500,3
"337 WENTWORTH RD LUNENBURG, VT 05906 ",337,WENTWORTH RD,LUNENBURG,VT,05906,-71.716947,44.456651,50,009,950500,3
"0 FOURNIER RD LUNENBURG, VT 05906 ",0,FOURNIER RD,LUNENBURG,VT,05906,-71.724479,44.469337,50,009,950500,1
"6001 VT ROUTE 102 BLOOMFIELD, VT 05905 ",6001,VT ROUTE 102,BLOOMFIELD,VT,05905,-71.576462,44.817303,50,009,950100,1
"1843 POND HILL RD LUNENBURG, VT 05906 ",1843,POND HILL RD,LUNENBURG,VT,05906,-71.719204,44.510234,50,009,950500,1
"1280 COTTAGE RD AVERILL, VT 05901 ",1280,COTTAGE RD,AVERILL,VT,05901,-71.693068,44.984414,50,009,950100,1
"401 VT ROUTE 114 S NORTON, VT 05907 ",401,VT ROUTE 114   S,NORTON,VT,05907,-71.799024,45.003927,50,009,950100,1
"3962 S AMERICA POND RD FERDINAND, VT 05846 ",3962,S   AMERICA POND RD,FERDINAND,VT,05846,-71.750146,44.719438,50,009,950100,1
"2414 VT ROUTE 102 BLOOMFIELD, VT 05905 ",2414,VT ROUTE 102,BLOOMFIELD,VT,05905,-71.598164,44.774921,50,009,950100,1
"1082 VT ROUTE 102 BRUNSWICK, VT 05905 ",1082,VT ROUTE 102,BRUNSWICK,VT,05905,-71.636288,44.734764,50,009,950100,1
"852 WILLSON RD CONCORD, VT 05824 ",852,WILLSON RD,CONCORD,VT,05824,-71.86564,44.472433,50,009,950500,2
"228 BLUEBERRY LN BRIGHTON, VT 05846 ",228,BLUEBERRY LN,BRIGHTON,VT,05846,-71.871683,44.797348,50,009,950200,1
"189 RANNEY RD CONCORD, VT 05858 ",189,RANNEY RD,CONCORD,VT,05858,-71.862001,44.469994,50,009,950500,2
"0 POLLARD HL CANAAN, VT 05903 ",0,POLLARD HL,CANAAN,VT,05903,-71.600933,44.965045,50,009,950100,2
"112 BILODEAU RD BRIGHTON, VT 05846 ",112,BILODEAU RD,BRIGHTON,VT,05846,-71.900808,44.818147,50,009,950200,1
"222 BOBBIN MILL RD LUNENBURG, VT 05906 ",222,BOBBIN MILL RD,LUNENBURG,VT,05906,-71.68123,44.469225,50,009,950500,1
"160 VT ROUTE 102 BRUNSWICK, VT 05905 ",160,VT ROUTE 102,BRUNSWICK,VT,05905,-71.632355,44.747712,50,009,950100,1
"60 ALBERTS WAY AVERILL, VT 05901 ",60,ALBERTS WAY,AVERILL,VT,05901,-71.685348,44.985027,50,009,950100,1
"592 TIM CARROLL BROOK RD LEWIS, VT 05907 ",592,TIM CARROLL BROOK RD,LEWIS,VT,05907,-71.797407,44.882078,50,009,950100,1
"0 LAKE RD LUNENBURG, VT 05906 ",0,LAKE RD,LUNENBURG,VT,05906,-71.688669,44.492155,50,009,950500,1
"156 CURRAN AVE BRIGHTON, VT 05846 ",156,CURRAN AVE,BRIGHTON,VT,05846,-71.877787,44.818038,50,009,950200,1
"53 PARK AVE LUNENBURG, VT 05906 ",53,PARK AVE,LUNENBURG,VT,05906,-71.682523,44.46437,50,009,950500,1
"6255 VT ROUTE 102 LEMINGTON, VT 05905 ",6255,VT ROUTE 102,LEMINGTON,VT,05905,-71.509258,44.898589,50,009,950100,1
"1165 VT ROUTE 253 CANAAN, VT 05902 ",1165,VT ROUTE 253,CANAAN,VT,05902,-71.507405,45.009,50,009,950100,2
"0 HIGH RIDGE RD CONCORD, VT 05824 ",0,HIGH RIDGE RD,CONCORD,VT,05824,-71.864775,44.376458,50,009,950500,2
"823 MITCHELL RD CONCORD, VT 05824 ",823,MITCHELL RD,CONCORD,VT,05824,-71.851098,44.393678,50,009,950500,2
"117 MARSH RD NORTON, VT 05907 ",117,MARSH RD,NORTON,VT,05907,-71.790803,45.010542,50,009,950100,1
"326 BAPTIST HILL RD LUNENBURG, VT 05906 ",326,BAPTIST HILL RD,LUNENBURG,VT,05906,-71.706611,44.455162,50,009,950500,3
"47 VT ROUTE 105 BLOOMFIELD, VT 05905 ",47,VT ROUTE 105,BLOOMFIELD,VT,05905,-71.632423,44.753259,50,009,950100,1
"150 SLADYK TRL WARRENS GORE, VT 05907 ",150,SLADYK TRL,WARRENS GORE,VT,05907,-71.870084,44.935183,50,009,950100,1
"25 BONA RD CONCORD, VT 05858 ",25,BONA RD,CONCORD,VT,05858,-71.85551,44.469727,50,009,950500,2
"0 SFH MAIDSTONE, VT 05905 ",0,SFH,MAIDSTONE,VT,05905,-71.643967,44.636187,50,009,950100,1
"6403 VT ROUTE 102 LEMINGTON, VT 05905 ",6403,VT ROUTE 102,LEMINGTON,VT,05905,-71.507788,44.900342,50,009,950100,1
"343 W LUNENBURG RD LUNENBURG, VT 05906 ",343,W   LUNENBURG RD,LUNENBURG,VT,05906,-71.709739,44.463436,50,009,950500,3
"62 WOODBURY DR CONCORD, VT 05824 ",62,WOODBURY DR,CONCORD,VT,05824,-71.755045,44.424357,50,009,950500,2
"891 VT ROUTE 105 BLOOMFIELD, VT 05905 ",891,VT ROUTE 105,BLOOMFIELD,VT,05905,-71.647945,44.762798,50,009,950100,1
"236 TEMPLE BARWAY RD LUNENBURG, VT 05906 ",236,TEMPLE BARWAY RD,LUNENBURG,VT,05906,-71.734394,44.522295,50,009,950500,1
"324 MOISE WOOD RD BRIGHTON, VT 05846 ",324,MOISE WOOD RD,BRIGHTON,VT,05846,-71.86811,44.77866,50,009,950200,1
"378 RESERVOIR RD CANAAN, VT 05903 ",378,RESERVOIR RD,CANAAN,VT,05903,-71.539749,45.003501,50,009,950100,2
"116 RANDOM VALE BRIGHTON, VT 05846 ",116,RANDOM VALE,BRIGHTON,VT,05846,-71.869728,44.792939,50,009,950200,1
"97 WALNUT ST BRIGHTON, VT 05846 ",97,WALNUT ST,BRIGHTON,VT,05846,-71.88279,44.818054,50,009,950200,1
"1157 VT ROUTE 114 E NORTON, VT 05907 ",1157,VT ROUTE 114  E,NORTON,VT,05907,-71.793266,45.007793,50,009,950100,1
"6831 VT ROUTE 102 BLOOMFIELD, VT 05905 ",6831,VT ROUTE 102,BLOOMFIELD,VT,05905,-71.565631,44.826423,50,009,950100,1
"188 JACK BROOK RD EAST HAVEN, VT 05837 ",188,JACK BROOK RD,EAST HAVEN,VT,05837,-71.849841,44.697775,50,009,950500,1
"0 BOUCHER RD GUILDHALL, VT 05905 ",0,BOUCHER RD,GUILDHALL,VT,05905,-71.634119,44.52588,50,009,950500,1
"2373 CROSS RD CONCORD, VT 05824 ",2373,CROSS RD,CONCORD,VT,05824,-71.896372,44.427735,50,009,950500,2
"3 RIVER DR BLOOMFIELD, VT 05905 ",3,RIVER DR,BLOOMFIELD,VT,05905,-71.63257,44.752502,50,009,950100,1
"213 W MAIN ST LUNENBURG, VT 05906 ",213,W  MAIN ST,LUNENBURG,VT,05906,-71.690388,44.462085,50,009,950500,3
"543 MOUNTAIN RD EAST HAVEN, VT 05837 ",543,MOUNTAIN RD,EAST HAVEN,VT,05837,-71.882297,44.643992,50,009,950500,1
"0 RIVER RD LUNENBURG, VT 05906 ",0,RIVER RD,LUNENBURG,VT,05906,-71.679573,44.430974,50,009,950500,3
"508 E BRANCH RD BLOOMFIELD, VT 05905 ",508,E   BRANCH RD,BLOOMFIELD,VT,05905,-71.660374,44.785746,50,009,950100,1
"351 RAILROAD ST BRIGHTON, VT 05846 ",351,RAILROAD ST,BRIGHTON,VT,05846,-71.886927,44.817574,50,009,950200,1
"741 LOST NATION RD EAST HAVEN, VT 05837 ",741,LOST NATION RD,EAST HAVEN,VT,05837,-71.8714,44.678048,50,009,950500,1
"4522 VT ROUTE 102 BRUNSWICK, VT 05905 ",4522,VT ROUTE 102,BRUNSWICK,VT,05905,-71.605155,44.696935,50,009,950100,1
"1038 MOULTHROP RD EAST HAVEN, VT 05837 ",1038,MOULTHROP RD,EAST HAVEN,VT,05837,-71.873246,44.658998,50,009,950500,1
"0 TRANSFER STATION RD LUNENBURG, VT 05906 ",0,TRANSFER STATION RD,LUNENBURG,VT,05906,-71.665522,44.46403,50,009,950500,3
"974 MAILLETT RD LUNENBURG, VT 05906 ",974,MAILLETT RD,LUNENBURG,VT,05906,-71.691206,44.43939,50,009,950500,3
"0 POND HILL RD LUNENBURG, VT 05906 ",0,POND HILL RD,LUNENBURG,VT,05906,-71.706202,44.496607,50,009,950500,1
"2458 W LUNENBURG RD LUNENBURG, VT 05906 ",2458,W   LUNENBURG RD,LUNENBURG,VT,05906,-71.769793,44.479026,50,009,950500,1
"1744 BOBBIN MILL RD LUNENBURG, VT 05906 ",1744,BOBBIN MILL RD,LUNENBURG,VT,05906,-71.658425,44.489893,50,009,950500,1
"135 COTTAGE DR BRIGHTON, VT 05846 ",135,COTTAGE DR,BRIGHTON,VT,05846,-71.873891,44.801385,50,009,950200,1
"8016 GRANBY RD GRANBY, VT 05858 ",8016,GRANBY RD,GRANBY,VT,05858,-71.74241,44.573358,50,009,950500,1
"0 VT ROUTE 105 BLOOMFIELD, VT 05905 ",0,VT ROUTE 105,BLOOMFIELD,VT,05905,-71.652719,44.775144,50,009,950100,1
"84 MILES LN CONCORD, VT 05824 ",84,MILES LN,CONCORD,VT,05824,-71.812868,44.449872,50,009,950500,2
"1679 VT ROUTE 102 CANAAN, VT 05903 ",1679,VT ROUTE 102,CANAAN,VT,05903,-71.524201,44.931244,50,009,950100,2
"142 JACKSON LODGE VLG CANAAN, VT 05903 ",142,JACKSON LODGE VLG,CANAAN,VT,05903,-71.613213,45.012656,50,009,950100,2
"2902 VT ROUTE 102 BLOOMFIELD, VT 05905 ",2902,VT ROUTE 102,BLOOMFIELD,VT,05905,-71.595768,44.780871,50,009,950100,1
"1143 LAKESHORE DR BRIGHTON, VT 05846 ",1143,LAKESHORE DR,BRIGHTON,VT,05846,-71.858476,44.800742,50,009,950200,1
"326 NELSON RD NORTON, VT 05907 ",326,NELSON RD,NORTON,VT,05907,-71.798003,45.010381,50,009,950100,1
"0 JUDD RD CANAAN, VT 05903 ",0,JUDD RD,CANAAN,VT,05903,-71.555891,45.001143,50,009,950100,2
"655 PINE BROOK RD WARRENS GORE, VT 05907 ",655,PINE BROOK RD,WARRENS GORE,VT,05907,-71.859227,44.906467,50,009,950100,1
"3790 VT ROUTE 102 BLOOMFIELD, VT 05905 ",3790,VT ROUTE 102,BLOOMFIELD,VT,05905,-71.58144,44.787898,50,009,950100,1
"560 DERBY ST BRIGHTON, VT 05846 ",560,DERBY ST,BRIGHTON,VT,05846,-71.887902,44.806648,50,009,950200,1
"1496 TODD HILL RD CANAAN, VT 05903 ",1496,TODD HILL RD,CANAAN,VT,05903,-71.547903,44.926516,50,009,950100,2
"275 LAKE ST BRIGHTON, VT 05846 ",275,LAKE ST,BRIGHTON,VT,05846,-71.86538,44.813043,50,009,950200,1
"2509 PINE BROOK RD WARRENS GORE, VT 05907 ",2509,PINE BROOK RD,WARRENS GORE,VT,05907,-71.858818,44.883693,50,009,950100,1
"25 GOODNESS LN CONCORD, VT 05906 ",25,GOODNESS LN,CONCORD,VT,05906,-71.772244,44.459167,50,009,950500,2
"977 MILES POND RD CONCORD, VT 05858 ",977,MILES POND RD,CONCORD,VT,05858,-71.806535,44.452199,50,009,950500,2
"2068 CROSS RD CONCORD, VT 05824 ",2068,CROSS RD,CONCORD,VT,05824,-71.902246,44.425569,50,009,950500,2
"4948 VT ROUTE 102 BLOOMFIELD, VT 05905 ",4948,VT ROUTE 102,BLOOMFIELD,VT,05905,-71.572002,44.803618,50,009,950100,1
"2954 VT ROUTE 102 GUILDHALL, VT 05905 ",2954,VT ROUTE 102,GUILDHALL,VT,05905,-71.584775,44.535328,50,009,950500,1
"718 WOODWARD RD CONCORD, VT 05824 ",718,WOODWARD RD,CONCORD,VT,05824,-71.8905,44.440547,50,009,950500,2
"41 FOLSOM AVE CONCORD, VT 05824 ",41,FOLSOM AVE,CONCORD,VT,05824,-71.886476,44.429254,50,009,950500,2
"1814 MASTEN RD VICTORY, VT 05858 ",1814,MASTEN RD,VICTORY,VT,05858,-71.871961,44.54338,50,009,950500,1
"463 VT ROUTE 105 FERDINAND, VT 05846 ",463,VT ROUTE 105,FERDINAND,VT,05846,-71.793957,44.784087,50,009,950100,1
"126 RICHARD BLVD EAST HAVEN, VT 05837 ",126,RICHARD BLVD,EAST HAVEN,VT,05837,-71.87646,44.635547,50,009,950500,1
"0 VT ROUTE 114 CANAAN, VT 05903 ",0,VT ROUTE 114,CANAAN,VT,05903,-71.650325,45.006296,50,009,950100,2
"219 COTTAGE DR BRIGHTON, VT 05846 ",219,COTTAGE DR,BRIGHTON,VT,05846,-71.873094,44.800359,50,009,950200,1
"1265 COUNTY RD BRIGHTON, VT 05846 ",1265,COUNTY RD,BRIGHTON,VT,05846,-71.950938,44.800987,50,009,950200,1
"221 STANLEY RD VICTORY, VT 05858 ",221,STANLEY RD,VICTORY,VT,05858,-71.855897,44.503004,50,009,950500,1
"785 BAPTIST HILL RD LUNENBURG, VT 05906 ",785,BAPTIST HILL RD,LUNENBURG,VT,05906,-71.71628,44.44452,50,009,950500,3
"879 MAIN ST CONCORD, VT 05824 ",879,MAIN ST,CONCORD,VT,05824,-71.881105,44.431722,50,009,950500,2
"548 E MAIN ST CONCORD, VT 05824 ",548,E   MAIN ST,CONCORD,VT,05824,-71.872693,44.448261,50,009,950500,2
"0 FRECHETTE DR CANAAN, VT 05903 ",0,FRECHETTE DR,CANAAN,VT,05903,-71.541557,44.991733,50,009,950100,2
"0 PARK AVE LUNENBURG, VT 05906 ",0,PARK AVE,LUNENBURG,VT,05906,-71.683841,44.463705,50,009,950500,1
"212 LAKE RD LUNENBURG, VT 05906 ",212,LAKE RD,LUNENBURG,VT,05906,-71.689167,44.492333,50,009,950500,1
"303 SOUTH ST BRIGHTON, VT 05846 ",303,SOUTH ST,BRIGHTON,VT,05846,-71.884251,44.816879,50,009,950200,1
"4043 VT ROUTE 102 CANAAN, VT 05903 ",4043,VT ROUTE 102,CANAAN,VT,05903,-71.529262,44.96597,50,009,950100,2
"2300 OREGON RD CONCORD, VT 05906 ",2300,OREGON RD,CONCORD,VT,05906,-71.757103,44.434936,50,009,950500,2
"0 VT ROUTE 105 BLOOMFIELD, VT 05905 ",0,VT ROUTE 105,BLOOMFIELD,VT,05905,-71.660853,44.777901,50,009,950100,1
"0 HALL STREAM RD CANAAN, VT 05902 ",0,HALL STREAM RD,CANAAN,VT,05902,-71.501108,45.009853,50,009,950100,2
"447 COWAN RD AVERILL, VT 05901 ",447,COWAN RD,AVERILL,VT,05901,-71.706381,44.958734,50,009,950100,1
"1348 E BRIGHTON RD BRIGHTON, VT 05846 ",1348,E  BRIGHTON RD,BRIGHTON,VT,05846,-71.861344,44.809919,50,009,950200,1
"5788 MAIDSTONE LAKE RD MAIDSTONE, VT 05905 ",5788,MAIDSTONE LAKE RD,MAIDSTONE,VT,05905,-71.64206,44.640098,50,009,950100,1
"0 MAIDSTONE LAKE RD MAIDSTONE, VT 05905 ",0,MAIDSTONE LAKE RD,MAIDSTONE,VT,05905,-71.641229,44.643814,50,009,950100,1
"6794 VT ROUTE 102 CANAAN, VT 05903 ",6794,VT ROUTE 102,CANAAN,VT,05903,-71.538495,44.995682,50,009,950100,2
"10 CLARK ST BRIGHTON, VT 05846 ",10,CLARK ST,BRIGHTON,VT,05846,-71.887199,44.816803,50,009,950200,1
"961 RIVER RD VICTORY, VT 05858 ",961,RIVER RD,VICTORY,VT,05858,-71.788812,44.567445,50,009,950500,1
"78 CHARLESTON RD BRIGHTON, VT 05846 ",78,CHARLESTON RD,BRIGHTON,VT,05846,-71.890645,44.804773,50,009,950200,1
"355 LLOYD POTTER RD LEWIS, VT 05907 ",355,LLOYD POTTER RD,LEWIS,VT,05907,-71.777754,44.884401,50,009,950100,1
"95 LANCASTER RD LUNENBURG, VT 05906 ",95,LANCASTER RD,LUNENBURG,VT,05906,-71.654488,44.469059,50,009,950500,1
"1246 FIVE MILE SQUARE RD BRIGHTON, VT 05846 ",1246,FIVE MILE SQUARE RD,BRIGHTON,VT,05846,-71.908731,44.81088,50,009,950200,1
"34 LAKE RD LUNENBURG, VT 05906 ",34,LAKE RD,LUNENBURG,VT,05906,-71.690688,44.496041,50,009,950500,1
"2091 FOREST LAKE RD AVERILL, VT 05901 ",2091,FOREST LAKE RD,AVERILL,VT,05901,-71.684496,44.98321,50,009,950100,1
"1768 LOST NATION RD EAST HAVEN, VT 05837 ",1768,LOST NATION RD,EAST HAVEN,VT,05837,-71.853335,44.680676,50,009,950500,1
"125 MOUNTAIN VIEW LN NORTON, VT 05907 ",125,MOUNTAIN VIEW LN,NORTON,VT,05907,-71.745741,44.998555,50,009,950100,1
"49 BEACH RD AVERILL, VT 05901 ",49,BEACH RD,AVERILL,VT,05901,-71.684294,44.967207,50,009,950100,1
"0 MAILLETT RD LUNENBURG, VT 05906 ",0,MAILLETT RD,LUNENBURG,VT,05906,-71.692026,44.460958,50,009,950500,3
"412 VT ROUTE 114 S NORTON, VT 05907 ",412,VT ROUTE 114   S,NORTON,VT,05907,-71.799446,45.003928,50,009,950100,1
"1369 PARADIS MOUNTAIN RD BRIGHTON, VT 05846 ",1369,PARADIS MOUNTAIN RD,BRIGHTON,VT,05846,-71.88703,44.78837,50,009,950200,1
"275 MAPLEWOOD FARM RD GUILDHALL, VT 05905 ",275,MAPLEWOOD FARM RD,GUILDHALL,VT,05905,-71.607119,44.549854,50,009,950500,1
"253 GALE ST CANAAN, VT 05903 ",253,GALE ST,CANAAN,VT,05903,-71.539975,44.99658,50,009,950100,2
"216 WILDERNESS RD LUNENBURG, VT 05906 ",216,WILDERNESS RD,LUNENBURG,VT,05906,-71.763044,44.475409,50,009,950500,1
"190 LAKE RD LUNENBURG, VT 05906 ",190,LAKE RD,LUNENBURG,VT,05906,-71.688985,44.492812,50,009,950500,1
"35 ROCKY RD EAST HAVEN, VT 05837 ",35,ROCKY RD,EAST HAVEN,VT,05837,-71.888753,44.641947,50,009,950500,1
"4241 FELLOWS RD GUILDHALL, VT 05905 ",4241,FELLOWS RD,GUILDHALL,VT,05905,-71.656882,44.559309,50,009,950500,1
"5145 SHADOW LAKE RD CONCORD, VT 05824 ",5145,SHADOW LAKE RD,CONCORD,VT,05824,-71.851635,44.374761,50,009,950500,2
"351 CEDARWOOD DR BRIGHTON, VT 05846 ",351,CEDARWOOD DR,BRIGHTON,VT,05846,-71.895416,44.795669,50,009,950200,1
"0 COTTAGE RD AVERILL, VT 05901 ",0,COTTAGE RD,AVERILL,VT,05901,-71.703425,44.993308,50,009,950100,1
"338 CAMPERS LN CONCORD, VT 05824 ",338,CAMPERS LN,CONCORD,VT,05824,-71.800276,44.446589,50,009,950500,2
"3190 GRANBY RD GUILDHALL, VT 05905 ",3190,GRANBY RD,GUILDHALL,VT,05905,-71.655306,44.572905,50,009,950500,1
"218 MIDDLE ST BRIGHTON, VT 05846 ",218,MIDDLE ST,BRIGHTON,VT,05846,-71.884606,44.818447,50,009,950200,1
"92 LOOP RD AVERILL, VT 05901 ",92,LOOP RD,AVERILL,VT,05901,-71.694603,44.963021,50,009,950100,1
"0 VT ROUTE 102 CANAAN, VT 05903 ",0,VT ROUTE 102,CANAAN,VT,05903,-71.540927,44.993375,50,009,950100,2
"1043 VT ROUTE 114 E NORTON, VT 05907 ",1043,VT ROUTE 114   E,NORTON,VT,05907,-71.774336,45.007708,50,009,950100,1
"392 CODERRE RD CANAAN, VT 05903 ",392,CODERRE RD,CANAAN,VT,05903,-71.53989,44.954575,50,009,950100,2
"71 BLUEBERRY LN BRIGHTON, VT 05846 ",71,BLUEBERRY LN,BRIGHTON,VT,05846,-71.873071,44.799665,50,009,950200,1
"0 JOHNNY CAKE AVE LUNENBURG, VT 05906 ",0,JOHNNY CAKE AVE,LUNENBURG,VT,05906,-71.688016,44.461872,50,009,950500,3
"550 MOUNT TUG RD VICTORY, VT 05858 ",550,MOUNT TUG RD,VICTORY,VT,05858,-71.740514,44.551488,50,009,950500,1
"805 VT ROUTE 105 FERDINAND, VT 05846 ",805,VT ROUTE 105,FERDINAND,VT,05846,-71.787672,44.782018,50,009,950100,1
"2 NOTCH POND RD FERDINAND, VT 05905 ",2,NOTCH POND RD,FERDINAND,VT,05905,-71.715249,44.740869,50,009,950100,1
"320 SIMONDS RD LUNENBURG, VT 05906 ",320,SIMONDS RD,LUNENBURG,VT,05906,-71.649207,44.495168,50,009,950500,1
"1351 GEORGES BLVD EAST HAVEN, VT 05837 ",1351,GEORGES BLVD,EAST HAVEN,VT,05837,-71.853078,44.625722,50,009,950500,1
"1040 PARADIS MOUNTAIN RD BRIGHTON, VT 05846 ",1040,PARADIS MOUNTAIN RD,BRIGHTON,VT,05846,-71.884716,44.791722,50,009,950200,1
"950 VT ROUTE 102 BRUNSWICK, VT 05905 ",950,VT ROUTE 102,BRUNSWICK,VT,05905,-71.633034,44.736886,50,009,950100,1
"35 LOOP RD EXT AVERILL, VT 05901 ",35,LOOP RD EXT,AVERILL,VT,05901,-71.691041,44.967316,50,009,950100,1
"4238 MAIDSTONE LAKE RD MAIDSTONE, VT 05905 ",4238,MAIDSTONE LAKE RD,MAIDSTONE,VT,05905,-71.642186,44.660966,50,009,950100,1
"5029 VT ROUTE 102 BLOOMFIELD, VT 05905 ",5029,VT ROUTE 102,BLOOMFIELD,VT,05905,-71.574413,44.804283,50,009,950100,1
"0 VT ROUTE 102 BLOOMFIELD, VT 05905 ",0,VT ROUTE 102,BLOOMFIELD,VT,05905,-71.590179,44.78641,50,009,950100,1
"580 COTTAGE RD AVERILL, VT 05901 ",580,COTTAGE RD,AVERILL,VT,05901,-71.701828,44.992432,50,009,950100,1
"233 VT ROUTE 105 FERDINAND, VT 05846 ",233,VT ROUTE 105,FERDINAND,VT,05846,-71.796736,44.785903,50,009,950100,1
"735 LEONARD HILL RD CONCORD, VT 05824 ",735,LEONARD HILL RD,CONCORD,VT,05824,-71.7696,44.422877,50,009,950500,2
"1960 VT ROUTE 102 GUILDHALL, VT 05905 ",1960,VT ROUTE 102,GUILDHALL,VT,05905,-71.593997,44.523223,50,009,950500,1
"0 VT ROUTE 102 BLOOMFIELD, VT 05905 ",0,VT ROUTE 102,BLOOMFIELD,VT,05905,-71.57815,44.814667,50,009,950100,1
"374 MAIN ST CONCORD, VT 05824 ",374,MAIN ST,CONCORD,VT,05824,-71.888042,44.428607,50,009,950500,2
"251 MAIN ST CONCORD, VT 05824 ",251,MAIN ST,CONCORD,VT,05824,-71.89054,44.429144,50,009,950500,2
"437 GALE ST CANAAN, VT 05903 ",437,GALE ST,CANAAN,VT,05903,-71.542602,44.998491,50,009,950100,2
"0 GALE ST CANAAN, VT 05903 ",0,GALE ST,CANAAN,VT,05903,-71.543682,44.999045,50,009,950100,2
"0 VT ROUTE 102 BLOOMFIELD, VT 05905 ",0,VT ROUTE 102,BLOOMFIELD,VT,05905,-71.620257,44.757546,50,009,950100,1
"0 GUILDHALL HILL RD LUNENBURG, VT 05906 ",0,GUILDHALL HILL RD,LUNENBURG,VT,05906,-71.658596,44.502964,50,009,950500,1
"0 GALE ST CANAAN, VT 05903 ",0,GALE ST,CANAAN,VT,05903,-71.542974,44.998555,50,009,950100,2
"2070 OREGON RD CONCORD, VT 05906 ",2070,OREGON RD,CONCORD,VT,05906,-71.759681,44.437777,50,009,950500,2
"873 PLEASANT ST BRIGHTON, VT 05846 ",873,PLEASANT ST,BRIGHTON,VT,05846,-71.87412,44.800485,50,009,950200,1
"135 VT ROUTE 114 AVERILL, VT 05901 ",135,VT ROUTE 114,AVERILL,VT,05901,-71.706203,45.001271,50,009,950100,1
"77 WILLSON RD LUNENBURG, VT 05906 ",77,WILLSON RD,LUNENBURG,VT,05906,-71.692532,44.483738,50,009,950500,1
"455 CHRISTIAN HL CANAAN, VT 05903 ",455,CHRISTIAN HL,CANAAN,VT,05903,-71.531367,45.000496,50,009,950100,2
"2298 VT ROUTE 114 E NORTON, VT 05907 ",2298,VT ROUTE 114   E,NORTON,VT,05907,-71.751618,44.999563,50,009,950100,1
"316 DERBY ST BRIGHTON, VT 05846 ",316,DERBY ST,BRIGHTON,VT,05846,-71.885692,44.80974,50,009,950200,1
"219 W SIDE RD LUNENBURG, VT 05906 ",219,W  SIDE RD,LUNENBURG,VT,05906,-71.693991,44.485201,50,009,950500,1
"454 COLBY RD LUNENBURG, VT 05906 ",454,COLBY RD,LUNENBURG,VT,05906,-71.676201,44.490634,50,009,950500,1
"737 VT ROUTE 253 CANAAN, VT 05902 ",737,VT ROUTE 253,CANAAN,VT,05902,-71.513605,45.005241,50,009,950100,2
"245 HIGH RIDGE RD CONCORD, VT 05824 ",245,HIGH RIDGE RD,CONCORD,VT,05824,-71.862257,44.387762,50,009,950500,2
"0 CLAY BROOK RD LEMINGTON, VT 05903 ",0,CLAY BROOK RD,LEMINGTON,VT,05903,-71.598604,44.95146,50,009,950100,1
"5496 MAIDSTONE LAKE RD MAIDSTONE, VT 05905 ",5496,MAIDSTONE LAKE RD,MAIDSTONE,VT,05905,-71.641505,44.644017,50,009,950100,1
"0 CHRISTIAN HL CANAAN, VT 05903 ",0,CHRISTIAN HL,CANAAN,VT,05903,-71.531544,45.000479,50,009,950100,2
"0 VT ROUTE 253 CANAAN, VT 05902 ",0,VT ROUTE 253,CANAAN,VT,05902,-71.506642,45.009322,50,009,950100,2
"0 BAPTIST HILL RD LUNENBURG, VT 05906 ",0,BAPTIST HILL RD,LUNENBURG,VT,05906,-71.697789,44.460833,50,009,950500,3
"250 PAUL BUNYAN RD BRIGHTON, VT 05846 ",250,PAUL BUNYAN RD,BRIGHTON,VT,05846,-71.914933,44.78186,50,009,950200,1
"4256 MAIDSTONE LAKE RD MAIDSTONE, VT 05905 ",4256,MAIDSTONE LAKE RD,MAIDSTONE,VT,05905,-71.641641,44.660431,50,009,950100,1
"4072 VT ROUTE 114 CANAAN, VT 05903 ",4072,VT ROUTE 114,CANAAN,VT,05903,-71.620246,45.00988,50,009,950100,2
"194 DALEY BROOK LN BLOOMFIELD, VT 05905 ",194,DALEY BROOK LN,BLOOMFIELD,VT,05905,-71.612691,44.765826,50,009,950100,1
"6811 GRANBY RD GRANBY, VT 05858 ",6811,GRANBY RD,GRANBY,VT,05858,-71.72022,44.578075,50,009,950500,1
"502 DERBY ST BRIGHTON, VT 05846 ",502,DERBY ST,BRIGHTON,VT,05846,-71.887323,44.807412,50,009,950200,1
"99 MOUNTAIN ST BRIGHTON, VT 05846 ",99,MOUNTAIN ST,BRIGHTON,VT,05846,-71.881234,44.817731,50,009,950200,1
"574 BEACH DR CONCORD, VT 05858 ",574,BEACH DR,CONCORD,VT,05858,-71.794506,44.447612,50,009,950500,2
"1019 PLEASANT ST BRIGHTON, VT 05846 ",1019,PLEASANT ST,BRIGHTON,VT,05846,-71.873113,44.798404,50,009,950200,1
"252 COTTAGE RD AVERILL, VT 05901 ",252,COTTAGE RD,AVERILL,VT,05901,-71.706309,44.995777,50,009,950100,1
"0 RIVER RD LUNENBURG, VT 05904 ",0,RIVER RD,LUNENBURG,VT,05904,-71.697357,44.420016,50,009,950500,3
"1052 BAPTIST HILL RD LUNENBURG, VT 05906 ",1052,BAPTIST HILL RD,LUNENBURG,VT,05906,-71.724759,44.440949,50,009,950500,3
"49 RAILROAD AVE NORTON, VT 05907 ",49,RAILROAD AVE,NORTON,VT,05907,-71.800052,45.004438,50,009,950100,1
"263 DANA MOORE RD AVERILL, VT 05901 ",263,DANA MOORE RD,AVERILL,VT,05901,-71.724266,44.953785,50,009,950100,1
"3124 CHARLESTON RD BRIGHTON, VT 05846 ",3124,CHARLESTON RD,BRIGHTON,VT,05846,-71.940488,44.811065,50,009,950200,1
"5908 VT ROUTE 102 GUILDHALL, VT 05905 ",5908,VT ROUTE 102,GUILDHALL,VT,05905,-71.586297,44.566205,50,009,950500,1
"127 CEDARWOOD DR BRIGHTON, VT 05846 ",127,CEDARWOOD DR,BRIGHTON,VT,05846,-71.895013,44.798818,50,009,950200,1
"418 RIVER RD CANAAN, VT 05902 ",418,RIVER RD,CANAAN,VT,05902,-71.500315,45.006495,50,009,950100,2
"0 MAILLETT RD LUNENBURG, VT 05906 ",0,MAILLETT RD,LUNENBURG,VT,05906,-71.681355,44.430107,50,009,950500,3
"94 SLADYK TRL WARRENS GORE, VT 05907 ",94,SLADYK TRL,WARRENS GORE,VT,05907,-71.870961,44.934564,50,009,950100,1
"153 PLEASANT ST BRIGHTON, VT 05846 ",153,PLEASANT ST,BRIGHTON,VT,05846,-71.882636,44.809033,50,009,950200,1
"56 SIMPSON RD EAST HAVEN, VT 05837 ",56,SIMPSON RD,EAST HAVEN,VT,05837,-71.878638,44.668281,50,009,950500,1
"824 CAMPERS LN CONCORD, VT 05824 ",824,CAMPERS LN,CONCORD,VT,05824,-71.809139,44.443691,50,009,950500,2
"490 SCHOOL ST EAST HAVEN, VT 05837 ",490,SCHOOL ST,EAST HAVEN,VT,05837,-71.890827,44.645215,50,009,950500,1
"2380 VICTORY HL VICTORY, VT 05858 ",2380,VICTORY HL,VICTORY,VT,05858,-71.84504,44.549032,50,009,950500,1
"5651 SHADOW LAKE RD CONCORD, VT 05824 ",5651,SHADOW LAKE RD,CONCORD,VT,05824,-71.85617,44.369418,50,009,950500,2
"1640 JACKSON RD AVERILL, VT 05901 ",1640,JACKSON RD,AVERILL,VT,05901,-71.698449,44.969366,50,009,950100,1
"0 COMMERCIAL AVE LUNENBURG, VT 05904 ",0,COMMERCIAL AVE,LUNENBURG,VT,05904,-71.723143,44.413561,50,009,950500,3
"15 OREGON RD CONCORD, VT 05906 ",15,OREGON RD,CONCORD,VT,05906,-71.775009,44.464906,50,009,950500,2
"3611 SHADOW LAKE RD CONCORD, VT 05824 ",3611,SHADOW LAKE RD,CONCORD,VT,05824,-71.863336,44.394754,50,009,950500,2
"97 THORN APPLE DR CONCORD, VT 05858 ",97,THORN APPLE DR,CONCORD,VT,05858,-71.860429,44.472097,50,009,950500,2
"2071 FOREST LAKE RD AVERILL, VT 05901 ",2071,FOREST LAKE RD,AVERILL,VT,05901,-71.683945,44.983323,50,009,950100,1
"970 ROSEBROOK HILL RD BRIGHTON, VT 05846 ",970,ROSEBROOK HILL RD,BRIGHTON,VT,05846,-71.921642,44.794516,50,009,950200,1
"113 DUVAL RD BLOOMFIELD, VT 05905 ",113,DUVAL RD,BLOOMFIELD,VT,05905,-71.634371,44.753652,50,009,950100,1
"0 SFH MAIDSTONE, VT 05905 ",0,SFH,MAIDSTONE,VT,05905,-71.644328,44.63609,50,009,950100,1
"920 OREGON RD CONCORD, VT 05906 ",920,OREGON RD,CONCORD,VT,05906,-71.769706,44.452297,50,009,950500,2
"129 POWER HOUSE RD CANAAN, VT 05903 ",129,POWER HOUSE RD,CANAAN,VT,05903,-71.533691,44.997377,50,009,950100,2
"4981 SHADOW LAKE RD CONCORD, VT 05824 ",4981,SHADOW LAKE RD,CONCORD,VT,05824,-71.852521,44.378439,50,009,950500,2
"0 BAPTIST HILL RD LUNENBURG, VT 05906 ",0,BAPTIST HILL RD,LUNENBURG,VT,05906,-71.715893,44.444786,50,009,950500,3
"1086 US ROUTE 2 GUILDHALL, VT 05905 ",1086,US ROUTE 2,GUILDHALL,VT,05905,-71.595437,44.495717,50,009,950500,1
"92 JACKSON LODGE VLG CANAAN, VT 05903 ",92,JACKSON LODGE VLG,CANAAN,VT,05903,-71.610978,45.012453,50,009,950100,2
"99 FISHING VILLAGE RD BRIGHTON, VT 05846 ",99,FISHING VILLAGE RD,BRIGHTON,VT,05846,-71.855339,44.80473,50,009,950200,1
"0 MAIDSTONE LAKE RD MAIDSTONE, VT 05905 ",0,MAIDSTONE LAKE RD,MAIDSTONE,VT,05905,-71.640603,44.65064,50,009,950100,1
"1239 PLEASANT ST BRIGHTON, VT 05846 ",1239,PLEASANT ST,BRIGHTON,VT,05846,-71.871355,44.795702,50,009,950200,1
"2418 VICTORY RD VICTORY, VT 05858 ",2418,VICTORY RD,VICTORY,VT,05858,-71.816048,44.58533,50,009,950500,1
"759 S LUNENBURG RD LUNENBURG, VT 05906 ",759,S  LUNENBURG RD,LUNENBURG,VT,05906,-71.672383,44.443784,50,009,950500,3
"146 WESLEY RD CONCORD, VT 05824 ",146,WESLEY RD,CONCORD,VT,05824,-71.856896,44.466692,50,009,950500,2
"350 WALKER PIT RD CONCORD, VT 05824 ",350,WALKER PIT RD,CONCORD,VT,05824,-71.742097,44.405656,50,009,950500,2
"115 LOON LN CONCORD, VT 05824 ",115,LOON LN,CONCORD,VT,05824,-71.81035,44.449497,50,009,950500,2
"367 MIDDLE ST BRIGHTON, VT 05846 ",367,MIDDLE ST,BRIGHTON,VT,05846,-71.887151,44.819355,50,009,950200,1
"1342 VT ROUTE 102 MAIDSTONE, VT 05905 ",1342,VT ROUTE 102,MAIDSTONE,VT,05905,-71.54805,44.587361,50,009,950100,1
"1120 WILLSON RD CONCORD, VT 05824 ",1120,WILLSON RD,CONCORD,VT,05824,-71.864896,44.469458,50,009,950500,2
"0 COMMERCIAL AVE LUNENBURG, VT 05904 ",0,COMMERCIAL AVE,LUNENBURG,VT,05904,-71.722895,44.413605,50,009,950500,3
"283 PLEASANT ST BRIGHTON, VT 05846 ",283,PLEASANT ST,BRIGHTON,VT,05846,-71.881191,44.80738,50,009,950200,1
"2812 EAST HAVEN RD BRIGHTON, VT 05846 ",2812,EAST HAVEN RD,BRIGHTON,VT,05846,-71.897059,44.761346,50,009,950200,1
"1430 RIVER RD LUNENBURG, VT 05906 ",1430,RIVER RD,LUNENBURG,VT,05906,-71.680602,44.434602,50,009,950500,3
"172 MAIN ST CONCORD, VT 05824 ",172,MAIN ST,CONCORD,VT,05824,-71.892066,44.429363,50,009,950500,2
"0 VT ROUTE 102 CANAAN, VT 05903 ",0,VT ROUTE 102,CANAAN,VT,05903,-71.526611,44.943275,50,009,950100,2
"6002 VT ROUTE 102 LEMINGTON, VT 05905 ",6002,VT ROUTE 102,LEMINGTON,VT,05905,-71.512168,44.895593,50,009,950100,1
"318 CHRISTIAN HL CANAAN, VT 05903 ",318,CHRISTIAN HL,CANAAN,VT,05903,-71.533352,44.998804,50,009,950100,2
"281 W MAIN ST LUNENBURG, VT 05906 ",281,W  MAIN ST,LUNENBURG,VT,05906,-71.692833,44.461461,50,009,950500,3
"457 WESTSIDE LAKE RD MAIDSTONE, VT 05905 ",457,WESTSIDE LAKE RD,MAIDSTONE,VT,05905,-71.649054,44.661833,50,009,950100,1
"0 BOBBIN MILL RD LUNENBURG, VT 05906 ",0,BOBBIN MILL RD,LUNENBURG,VT,05906,-71.677842,44.477262,50,009,950500,1
"5342 MAIDSTONE LAKE RD MAIDSTONE, VT 05905 ",5342,MAIDSTONE LAKE RD,MAIDSTONE,VT,05905,-71.64103,44.645873,50,009,950100,1
"826 BAPTIST HILL RD LUNENBURG, VT 05906 ",826,BAPTIST HILL RD,LUNENBURG,VT,05906,-71.718331,44.444937,50,009,950500,3
"101 SUNRISE RD WARRENS GORE, VT 05907 ",101,SUNRISE RD,WARRENS GORE,VT,05907,-71.880492,44.925279,50,009,950100,1
"1564 TIM CARROLL BROOK RD AVERYS GORE, VT 05907 ",1564,TIM CARROLL BROOK RD,AVERYS GORE,VT,05907,-71.80368,44.893436,50,009,950100,1
"387 VT ROUTE 141 CANAAN, VT 05903 ",387,VT ROUTE 141,CANAAN,VT,05903,-71.559893,45.011919,50,009,950100,2
"804 SPENCER HILL RD BLOOMFIELD, VT 05905 ",804,SPENCER HILL RD,BLOOMFIELD,VT,05905,-71.627051,44.763004,50,009,950100,1
"108 FULLER DR CANAAN, VT 05903 ",108,FULLER DR,CANAAN,VT,05903,-71.630311,45.008331,50,009,950100,2
"513 VT ROUTE 114 E NORTON, VT 05907 ",513,VT ROUTE 114   E,NORTON,VT,05907,-71.785407,45.008536,50,009,950100,1
"0 SFH MAIDSTONE, VT 05905 ",0,SFH,MAIDSTONE,VT,05905,-71.65523,44.635602,50,009,950100,1
"170 COZY NOOK RD CONCORD, VT 05824 ",170,COZY NOOK RD,CONCORD,VT,05824,-71.753264,44.420591,50,009,950500,2
"24 BAPTIST HILL RD LUNENBURG, VT 05906 ",24,BAPTIST HILL RD,LUNENBURG,VT,05906,-71.697736,44.461158,50,009,950500,3
"66 MAPLE ST EAST HAVEN, VT 05837 ",66,MAPLE ST,EAST HAVEN,VT,05837,-71.890487,44.642682,50,009,950500,1
"1156 RIVER RD CANAAN, VT 05902 ",1156,RIVER RD,CANAAN,VT,05902,-71.485665,45.004486,50,009,950100,2
"507 MITCHELL RD CONCORD, VT 05824 ",507,MITCHELL RD,CONCORD,VT,05824,-71.8502,44.396974,50,009,950500,2
"183 CHARLOTTE LN CONCORD, VT 05824 ",183,CHARLOTTE LN,CONCORD,VT,05824,-71.872834,44.40429,50,009,950500,2
"738 CEDARWOOD DR BRIGHTON, VT 05846 ",738,CEDARWOOD DR,BRIGHTON,VT,05846,-71.902391,44.792463,50,009,950200,1
"3940 VT ROUTE 102 BRUNSWICK, VT 05905 ",3940,VT ROUTE 102,BRUNSWICK,VT,05905,-71.605934,44.704997,50,009,950100,1
"309 SE POND RD LUNENBURG, VT 05906 ",309,SE   POND RD,LUNENBURG,VT,05906,-71.688393,44.487706,50,009,950500,1
"1090 LAKESHORE DR BRIGHTON, VT 05846 ",1090,LAKESHORE DR,BRIGHTON,VT,05846,-71.857287,44.799884,50,009,950200,1
"88 BREAULT DR BRIGHTON, VT 05846 ",88,BREAULT DR,BRIGHTON,VT,05846,-71.855401,44.805864,50,009,950200,1
"0 MAIDSTONE LAKE RD MAIDSTONE, VT 05905 ",0,MAIDSTONE LAKE RD,MAIDSTONE,VT,05905,-71.640845,44.644738,50,009,950100,1
"445 HATCHERY BROOK RD AVERILL, VT 05901 ",445,HATCHERY BROOK RD,AVERILL,VT,05901,-71.696136,44.962564,50,009,950100,1
"433 LAKE ST BRIGHTON, VT 05846 ",433,LAKE ST,BRIGHTON,VT,05846,-71.862648,44.812075,50,009,950200,1
"1180 GRANBY RD GUILDHALL, VT 05905 ",1180,GRANBY RD,GUILDHALL,VT,05905,-71.621652,44.557915,50,009,950500,1
"4674 VT ROUTE 114 CANAAN, VT 05903 ",4674,VT ROUTE 114,CANAAN,VT,05903,-71.631761,45.009512,50,009,950100,2
"0 VT ROUTE 102 BLOOMFIELD, VT 05905 ",0,VT ROUTE 102,BLOOMFIELD,VT,05905,-71.586382,44.784914,50,009,950100,1
"1298 COUNTY RD BRIGHTON, VT 05846 ",1298,COUNTY RD,BRIGHTON,VT,05846,-71.952609,44.802787,50,009,950200,1
"5740 MAIDSTONE LAKE RD MAIDSTONE, VT 05905 ",5740,MAIDSTONE LAKE RD,MAIDSTONE,VT,05905,-71.641173,44.640656,50,009,950100,1
"0 W LUNENBURG RD LUNENBURG, VT 05906 ",0,W   LUNENBURG RD,LUNENBURG,VT,05906,-71.765976,44.466949,50,009,950500,3
"1205 SHADOW LAKE RD CONCORD, VT 05824 ",1205,SHADOW LAKE RD,CONCORD,VT,05824,-71.889218,44.414262,50,009,950500,2
"973 SHORES HL GRANBY, VT 05858 ",973,SHORES HL,GRANBY,VT,05858,-71.738916,44.559317,50,009,950500,1
"79 JACKSON LODGE RD CANAAN, VT 05903 ",79,JACKSON LODGE RD,CANAAN,VT,05903,-71.614634,45.010416,50,009,950100,2
"1383 LANCASTER RD LUNENBURG, VT 05906 ",1383,LANCASTER RD,LUNENBURG,VT,05906,-71.6167,44.486772,50,009,950500,1
"118 MAIN ST CONCORD, VT 05824 ",118,MAIN ST,CONCORD,VT,05824,-71.893081,44.429791,50,009,950500,2
"48 KEMP HILL RD CANAAN, VT 05903 ",48,KEMP HILL RD,CANAAN,VT,05903,-71.542653,44.978825,50,009,950100,2
"103 AUBURN STAR RD LUNENBURG, VT 05906 ",103,AUBURN STAR RD,LUNENBURG,VT,05906,-71.622106,44.481055,50,009,950500,1
"325 TEMPLE BARWAY RD LUNENBURG, VT 05906 ",325,TEMPLE BARWAY RD,LUNENBURG,VT,05906,-71.731494,44.510452,50,009,950500,1
"0 VT ROUTE 102 CANAAN, VT 05903 ",0,VT ROUTE 102,CANAAN,VT,05903,-71.541256,44.99296,50,009,950100,2
"252 SHADOW LAKE RD CONCORD, VT 05824 ",252,SHADOW LAKE RD,CONCORD,VT,05824,-71.887455,44.426011,50,009,950500,2
"5094 MAIDSTONE LAKE RD MAIDSTONE, VT 05905 ",5094,MAIDSTONE LAKE RD,MAIDSTONE,VT,05905,-71.640545,44.649876,50,009,950100,1
"0 CANAAN HILL RD CANAAN, VT 05903 ",0,CANAAN HILL RD,CANAAN,VT,05903,-71.606277,44.978024,50,009,950100,2
"2679 VT ROUTE 102 BLOOMFIELD, VT 05905 ",2679,VT ROUTE 102,BLOOMFIELD,VT,05905,-71.600998,44.777952,50,009,950100,1
"156 LOOP RD EXT AVERILL, VT 05901 ",156,LOOP RD EXT,AVERILL,VT,05901,-71.689885,44.966321,50,009,950100,1
"478 CAMPERS LN CONCORD, VT 05824 ",478,CAMPERS LN,CONCORD,VT,05824,-71.803827,44.44596,50,009,950500,2
"39 S LUNENBURG RD LUNENBURG, VT 05906 ",39,S   LUNENBURG RD,LUNENBURG,VT,05906,-71.681902,44.462149,50,009,950500,3
"3152 NORTH RD MAIDSTONE, VT 05905 ",3152,NORTH RD,MAIDSTONE,VT,05905,-71.593785,44.607892,50,009,950100,1
"81 CHRISTIAN HL CANAAN, VT 05903 ",81,CHRISTIAN HL,CANAAN,VT,05903,-71.537953,44.997465,50,009,950100,2
"0 W LUNENBURG RD LUNENBURG, VT 05906 ",0,W   LUNENBURG RD,LUNENBURG,VT,05906,-71.769269,44.466524,50,009,950500,1
"281 SE POND RD LUNENBURG, VT 05906 ",281,SE  POND RD,LUNENBURG,VT,05906,-71.688984,44.486968,50,009,950500,1
"1751 W LUNENBURG RD LUNENBURG, VT 05906 ",1751,W   LUNENBURG RD,LUNENBURG,VT,05906,-71.761591,44.465977,50,009,950500,3
"75 COURTHOUSE DR GUILDHALL, VT 05905 ",75,COURTHOUSE DR,GUILDHALL,VT,05905,-71.561234,44.565573,50,009,950500,1
"60 LAKE RD LUNENBURG, VT 05906 ",60,LAKE RD,LUNENBURG,VT,05906,-71.690013,44.496024,50,009,950500,1
"0 BOBBIN MILL RD LUNENBURG, VT 05906 ",0,BOBBIN MILL RD,LUNENBURG,VT,05906,-71.678524,44.473531,50,009,950500,1
"2816 LOST NATION RD EAST HAVEN, VT 05837 ",2816,LOST NATION RD,EAST HAVEN,VT,05837,-71.844114,44.694982,50,009,950500,1
"472 SCHOOL ST EAST HAVEN, VT 05837 ",472,SCHOOL ST,EAST HAVEN,VT,05837,-71.890663,44.644938,50,009,950500,1
"455 HASTINGS RD LUNENBURG, VT 05906 ",455,HASTINGS RD,LUNENBURG,VT,05906,-71.734069,44.45367,50,009,950500,3
"605 VT ROUTE 102 CANAAN, VT 05903 ",605,VT ROUTE 102,CANAAN,VT,05903,-71.514896,44.917462,50,009,950100,2
"1735 W LUNENBURG RD LUNENBURG, VT 05906 ",1735,W  LUNENBURG RD,LUNENBURG,VT,05906,-71.761918,44.47006,50,009,950500,1
"1291 GRANBY RD GUILDHALL, VT 05905 ",1291,GRANBY RD,GUILDHALL,VT,05905,-71.624887,44.558271,50,009,950500,1
"11 BIRCH ST BRIGHTON, VT 05846 ",11,BIRCH ST,BRIGHTON,VT,05846,-71.88076,44.812801,50,009,950200,1
"5452 LEWIS POND RD LEWIS, VT 05907 ",5452,LEWIS POND RD,LEWIS,VT,05907,-71.760298,44.839239,50,009,950100,1
"110 HOBSON MILLS RD BRIGHTON, VT 05846 ",110,HOBSON MILLS RD,BRIGHTON,VT,05846,-71.802741,44.787444,50,009,950200,1
"267 FITCH BROOK RD GRANBY, VT 05837 ",267,FITCH BROOK RD,GRANBY,VT,05837,-71.708745,44.627987,50,009,950500,1
"580 SCHOOL ST EAST HAVEN, VT 05837 ",580,SCHOOL ST,EAST HAVEN,VT,05837,-71.890939,44.646569,50,009,950500,1
"271 ALLARD FARM RD BRIGHTON, VT 05846 ",271,ALLARD FARM RD,BRIGHTON,VT,05846,-71.923036,44.787145,50,009,950200,1
"332 OREGON RD CONCORD, VT 05906 ",332,OREGON RD,CONCORD,VT,05906,-71.77303,44.460755,50,009,950500,2
"0 WESTSIDE LAKE RD MAIDSTONE, VT 05905 ",0,WESTSIDE LAKE RD,MAIDSTONE,VT,05905,-71.654694,44.647336,50,009,950100,1
"111 JACKSON LODGE RD CANAAN, VT 05903 ",111,JACKSON LODGE RD,CANAAN,VT,05903,-71.614187,45.010819,50,009,950100,2
"671 WESTSIDE LAKE RD MAIDSTONE, VT 05905 ",671,WESTSIDE LAKE RD,MAIDSTONE,VT,05905,-71.651032,44.659189,50,009,950100,1
"204 JACKSON LODGE VLG CANAAN, VT 05903 ",204,JACKSON LODGE VLG,CANAAN,VT,05903,-71.61315,45.011565,50,009,950100,2
"91 VENHEIM RD LUNENBURG, VT 05906 ",91,VENHEIM RD,LUNENBURG,VT,05906,-71.748396,44.475028,50,009,950500,1
"262 HENRY RD NORTON, VT 05907 ",262,HENRY RD,NORTON,VT,05907,-71.761141,44.998918,50,009,950100,1
"3686 LEONARD HILL RD CONCORD, VT 05824 ",3686,LEONARD HILL RD,CONCORD,VT,05824,-71.825639,44.418405,50,009,950500,2
"661 MILL BROOK RD BLOOMFIELD, VT 05905 ",661,MILL BROOK RD,BLOOMFIELD,VT,05905,-71.610363,44.782971,50,009,950100,1
"0 W MAIN ST LUNENBURG, VT 05906 ",0,W  MAIN ST,LUNENBURG,VT,05906,-71.696621,44.461619,50,009,950500,1
"504 ARTHUR JOHN RD BRIGHTON, VT 05846 ",504,ARTHUR JOHN RD,BRIGHTON,VT,05846,-71.834457,44.766335,50,009,950200,1
"597 MINK BROOK RD BLOOMFIELD, VT 05905 ",597,MINK BROOK RD,BLOOMFIELD,VT,05905,-71.666083,44.847003,50,009,950100,1
"398 GRIST MILL PIT RD CONCORD, VT 05824 ",398,GRIST MILL PIT RD,CONCORD,VT,05824,-71.849405,44.375205,50,009,950500,2
"1037 N CONCORD RD CONCORD, VT 05858 ",1037,N   CONCORD RD,CONCORD,VT,05858,-71.858244,44.468205,50,009,950500,2
"2489 LECLAIR RD CONCORD, VT 05824 ",2489,LECLAIR RD,CONCORD,VT,05824,-71.842759,44.377958,50,009,950500,2
"665 POND HILL RD LUNENBURG, VT 05906 ",665,POND HILL RD,LUNENBURG,VT,05906,-71.697055,44.483625,50,009,950500,1
"106 NANAS LN CONCORD, VT 05858 ",106,NANAS LN,CONCORD,VT,05858,-71.807405,44.449998,50,009,950500,2
"0 TEMPLE BARWAY RD LUNENBURG, VT 05906 ",0,TEMPLE BARWAY RD,LUNENBURG,VT,05906,-71.73379,44.524203,50,009,950500,1
"1318 JOHNSON RD CONCORD, VT 05824 ",1318,JOHNSON RD,CONCORD,VT,05824,-71.830003,44.404871,50,009,950500,2
"0 VT ROUTE 102 BLOOMFIELD, VT 05905 ",0,VT ROUTE 102,BLOOMFIELD,VT,05905,-71.571394,44.82669,50,009,950100,1
"7649 VT ROUTE 102 GUILDHALL, VT 05905 ",7649,VT ROUTE 102,GUILDHALL,VT,05905,-71.55848,44.571085,50,009,950500,1
"0 KIMBALL RD LUNENBURG, VT 05906 ",0,KIMBALL RD,LUNENBURG,VT,05906,-71.695672,44.466812,50,009,950500,1
"511 POLLARD HL CANAAN, VT 05903 ",511,POLLARD HL,CANAAN,VT,05903,-71.60082,44.961351,50,009,950100,2
"0 VICTORY RD VICTORY, VT 05858 ",0,VICTORY RD,VICTORY,VT,05858,-71.832005,44.596553,50,009,950500,1
"6498 VT ROUTE 102 CANAAN, VT 05903 ",6498,VT ROUTE 102,CANAAN,VT,05903,-71.541305,44.992109,50,009,950100,2
"154 COWAN RD AVERILL, VT 05901 ",154,COWAN RD,AVERILL,VT,05901,-71.706408,44.962418,50,009,950100,1
"335 N CONCORD RD CONCORD, VT 05858 ",335,N   CONCORD RD,CONCORD,VT,05858,-71.864938,44.459169,50,009,950500,2
"754 BAPTIST HILL RD LUNENBURG, VT 05906 ",754,BAPTIST HILL RD,LUNENBURG,VT,05906,-71.715883,44.44618,50,009,950500,3
"3919 VT ROUTE 102 BLOOMFIELD, VT 05905 ",3919,VT ROUTE 102,BLOOMFIELD,VT,05905,-71.580786,44.789902,50,009,950100,1
"0 STAGECOACH RD LUNENBURG, VT 05906 ",0,STAGECOACH RD,LUNENBURG,VT,05906,-71.742345,44.467015,50,009,950500,1
"458 DANCE HALL RD LUNENBURG, VT 05906 ",458,DANCE HALL RD,LUNENBURG,VT,05906,-71.766228,44.459379,50,009,950500,3
"71 HOBSON MILLS RD BRIGHTON, VT 05846 ",71,HOBSON MILLS RD,BRIGHTON,VT,05846,-71.804859,44.787476,50,009,950200,1
"46 MIDDLE ST CANAAN, VT 05902 ",46,MIDDLE ST,CANAAN,VT,05902,-71.506452,45.00899,50,009,950100,2
"248 LONG HILL RD CONCORD, VT 05824 ",248,LONG HILL RD,CONCORD,VT,05824,-71.878724,44.427186,50,009,950500,2
"230 LEOS LN NORTON, VT 05907 ",230,LEOS LN,NORTON,VT,05907,-71.76862,45.001685,50,009,950100,1
"227 CHRISTIAN HL CANAAN, VT 05903 ",227,CHRISTIAN HL,CANAAN,VT,05903,-71.53535,44.99869,50,009,950100,2
"114 DALE AVE BRIGHTON, VT 05846 ",114,DALE AVE,BRIGHTON,VT,05846,-71.881667,44.809541,50,009,950200,1
"39 W THOMAS RD LUNENBURG, VT 05906 ",39,W   THOMAS RD,LUNENBURG,VT,05906,-71.750797,44.427081,50,009,950500,3
"209 MARKO RD CONCORD, VT 05824 ",209,MARKO RD,CONCORD,VT,05824,-71.914085,44.427988,50,009,950500,2
"729 BAPTIST HILL RD LUNENBURG, VT 05906 ",729,BAPTIST HILL RD,LUNENBURG,VT,05906,-71.714268,44.445816,50,009,950500,3
"400 WALKER PIT RD CONCORD, VT 05824 ",400,WALKER PIT RD,CONCORD,VT,05824,-71.749282,44.404443,50,009,950500,2
"4236 VT ROUTE 114 CANAAN, VT 05903 ",4236,VT ROUTE 114,CANAAN,VT,05903,-71.622879,45.010356,50,009,950100,2
"92 ALDER ST BRIGHTON, VT 05846 ",92,ALDER ST,BRIGHTON,VT,05846,-71.882228,44.814431,50,009,950200,1
"236 FOURNIER RD LUNENBURG, VT 05906 ",236,FOURNIER RD,LUNENBURG,VT,05906,-71.725449,44.471212,50,009,950500,1
"0 W LUNENBURG RD LUNENBURG, VT 05906 ",0,W  LUNENBURG RD,LUNENBURG,VT,05906,-71.761541,44.468017,50,009,950500,3
"61 RUBYS RD EAST HAVEN, VT 05837 ",61,RUBYS RD,EAST HAVEN,VT,05837,-71.889344,44.644537,50,009,950500,1
"253 CHRISTIAN HL CANAAN, VT 05903 ",253,CHRISTIAN HL,CANAAN,VT,05903,-71.534989,44.998994,50,009,950100,2
"1375 WESTSIDE LAKE RD MAIDSTONE, VT 05905 ",1375,WESTSIDE LAKE RD,MAIDSTONE,VT,05905,-71.651378,44.649696,50,009,950100,1
"0 JEFFERSON AVE LUNENBURG, VT 05904 ",0,JEFFERSON AVE,LUNENBURG,VT,05904,-71.719505,44.415162,50,009,950500,3
"0 VT ROUTE 141 CANAAN, VT 05903 ",0,VT ROUTE 141,CANAAN,VT,05903,-71.557366,45.008611,50,009,950100,2
"1605 RIVER RD LUNENBURG, VT 05906 ",1605,RIVER RD,LUNENBURG,VT,05906,-71.679296,44.429642,50,009,950500,3
"0 COLBY RD LUNENBURG, VT 05906 ",0,COLBY RD,LUNENBURG,VT,05906,-71.674725,44.517227,50,009,950500,1
"288 PENN RD CANAAN, VT 05903 ",288,PENN RD,CANAAN,VT,05903,-71.60212,45.003816,50,009,950100,2
"83 RUBYS RD EAST HAVEN, VT 05837 ",83,RUBYS RD,EAST HAVEN,VT,05837,-71.889024,44.644754,50,009,950500,1
"532 LOST NATION RD EAST HAVEN, VT 05837 ",532,LOST NATION RD,EAST HAVEN,VT,05837,-71.873847,44.674984,50,009,950500,1
"0 CLAY BROOK RD CANAAN, VT 05903 ",0,CLAY BROOK RD,CANAAN,VT,05903,-71.591296,44.957009,50,009,950100,2
"114 RIVERSIDE AVE LUNENBURG, VT 05906 ",114,RIVERSIDE AVE,LUNENBURG,VT,05906,-71.724385,44.412461,50,009,950500,3
"74 AVERILL LAKE RD NORTON, VT 05907 ",74,AVERILL LAKE RD,NORTON,VT,05907,-71.728197,44.995891,50,009,950100,1
"113 BURTS LN CONCORD, VT 05824 ",113,BURTS LN,CONCORD,VT,05824,-71.803093,44.449133,50,009,950500,2
"34 MAPLE ST EAST HAVEN, VT 05837 ",34,MAPLE ST,EAST HAVEN,VT,05837,-71.89034,44.642463,50,009,950500,1
"94 BEAR HILL RD MAIDSTONE, VT 05905 ",94,BEAR HILL RD,MAIDSTONE,VT,05905,-71.589418,44.654492,50,009,950100,1
"350 COWAN RD AVERILL, VT 05901 ",350,COWAN RD,AVERILL,VT,05901,-71.706207,44.959577,50,009,950100,1
"300 MOISE WOOD RD BRIGHTON, VT 05846 ",300,MOISE WOOD RD,BRIGHTON,VT,05846,-71.867212,44.779642,50,009,950200,1
"975 GRANBY RD VICTORY, VT 05858 ",975,GRANBY RD,VICTORY,VT,05858,-71.766003,44.569982,50,009,950500,1
"3931 VICTORY RD VICTORY, VT 05858 ",3931,VICTORY RD,VICTORY,VT,05858,-71.791085,44.576908,50,009,950500,1
"0 TOBYNE RD LUNENBURG, VT 05906 ",0,TOBYNE RD,LUNENBURG,VT,05906,-71.742833,44.468832,50,009,950500,1
"2890 VT ROUTE 102 BRUNSWICK, VT 05905 ",2890,VT ROUTE 102,BRUNSWICK,VT,05905,-71.616267,44.717217,50,009,950100,1
"360 POND HILL RD LUNENBURG, VT 05906 ",360,POND HILL RD,LUNENBURG,VT,05906,-71.689709,44.477947,50,009,950500,1
"264 OREGON RD CONCORD, VT 05906 ",264,OREGON RD,CONCORD,VT,05906,-71.773529,44.461293,50,009,950500,2
"2883 SIMS HILL RD LEMINGTON, VT 05903 ",2883,SIMS HILL RD,LEMINGTON,VT,05903,-71.595729,44.863161,50,009,950100,1
"549 COTTAGE RD AVERILL, VT 05901 ",549,COTTAGE RD,AVERILL,VT,05901,-71.702036,44.99284,50,009,950100,1
"64 FORD RD MAIDSTONE, VT 05905 ",64,FORD RD,MAIDSTONE,VT,05905,-71.590718,44.603715,50,009,950100,1
"1392 COLBY RD LUNENBURG, VT 05906 ",1392,COLBY RD,LUNENBURG,VT,05906,-71.673986,44.515278,50,009,950500,1
"0 COMMERCIAL AVE LUNENBURG, VT 05904 ",0,COMMERCIAL AVE,LUNENBURG,VT,05904,-71.716401,44.413349,50,009,950500,3
"219 HALL STREAM RD CANAAN, VT 05902 ",219,HALL STREAM RD,CANAAN,VT,05902,-71.500801,45.010442,50,009,950100,2
"46 MARSHALL RD BLOOMFIELD, VT 05905 ",46,MARSHALL RD,BLOOMFIELD,VT,05905,-71.633254,44.755587,50,009,950100,1
"77 WEINREICH RD CONCORD, VT 05824 ",77,WEINREICH RD,CONCORD,VT,05824,-71.871717,44.43389,50,009,950500,2
"157 GRANBY RD GUILDHALL, VT 05905 ",157,GRANBY RD,GUILDHALL,VT,05905,-71.603547,44.558431,50,009,950500,1
"0 BAPTIST HILL RD LUNENBURG, VT 05906 ",0,BAPTIST HILL RD,LUNENBURG,VT,05906,-71.72398,44.434063,50,009,950500,3
"747 VT ROUTE 253 CANAAN, VT 05902 ",747,VT ROUTE 253,CANAAN,VT,05902,-71.513426,45.00536,50,009,950100,2
"0 RIVER RD CANAAN, VT 05902 ",0,RIVER RD,CANAAN,VT,05902,-71.505323,45.008556,50,009,950100,2
"627 VT ROUTE 102 CANAAN, VT 05903 ",627,VT ROUTE 102,CANAAN,VT,05903,-71.515115,44.917646,50,009,950100,2
"138 JACKSON LODGE RD CANAAN, VT 05903 ",138,JACKSON LODGE RD,CANAAN,VT,05903,-71.612797,45.010614,50,009,950100,2
"0 GALE ST CANAAN, VT 05903 ",0,GALE ST,CANAAN,VT,05903,-71.536378,44.995711,50,009,950100,2
"1155 RIVER RD CANAAN, VT 05902 ",1155,RIVER RD,CANAAN,VT,05902,-71.486046,45.004751,50,009,950100,2
"0 MAIDSTONE LAKE RD MAIDSTONE, VT 05905 ",0,MAIDSTONE LAKE RD,MAIDSTONE,VT,05905,-71.640551,44.649093,50,009,950100,1
"2744 OREGON RD CONCORD, VT 05906 ",2744,OREGON RD,CONCORD,VT,05906,-71.753639,44.429044,50,009,950500,2
"58 CHARLOTTE LN CONCORD, VT 05824 ",58,CHARLOTTE LN,CONCORD,VT,05824,-71.872356,44.406197,50,009,950500,2
"2717 VT ROUTE 105 BLOOMFIELD, VT 05905 ",2717,VT ROUTE 105,BLOOMFIELD,VT,05905,-71.661117,44.777888,50,009,950100,1
"0 RIVER RD LUNENBURG, VT 05906 ",0,RIVER RD,LUNENBURG,VT,05906,-71.662141,44.443815,50,009,950500,3
"3681 SHADOW LAKE RD CONCORD, VT 05824 ",3681,SHADOW LAKE RD,CONCORD,VT,05824,-71.86324,44.393735,50,009,950500,2
"154 CHURCH HILL RD NORTON, VT 05907 ",154,CHURCH HILL RD,NORTON,VT,05907,-71.797409,45.000269,50,009,950100,1
"956 HURRICANE BROOK RD WARRENS GORE, VT 05907 ",956,HURRICANE BROOK RD,WARRENS GORE,VT,05907,-71.88094,44.920079,50,009,950100,1
"10791 LEWIS POND RD LEWIS, VT 05907 ",10791,LEWIS POND RD,LEWIS,VT,05907,-71.769941,44.893168,50,009,950100,1
"0 GALE ST CANAAN, VT 05903 ",0,GALE ST,CANAAN,VT,05903,-71.54208,44.998813,50,009,950100,2
"0 HALL STREAM RD CANAAN, VT 05902 ",0,HALL STREAM RD,CANAAN,VT,05902,-71.50043,45.011768,50,009,950100,2
"54 BEECH ST LUNENBURG, VT 05904 ",54,BEECH ST,LUNENBURG,VT,05904,-71.720327,44.41189,50,009,950500,3
"2151 MARKS RD AVERYS GORE, VT 05907 ",2151,MARKS RD,AVERYS GORE,VT,05907,-71.809727,44.932496,50,009,950100,1
"3430 FOUR MILE RD LEWIS, VT 05907 ",3430,FOUR MILE RD,LEWIS,VT,05907,-71.802791,44.860601,50,009,950100,1
"1129 PROSPECT ST CONCORD, VT 05824 ",1129,PROSPECT ST,CONCORD,VT,05824,-71.898454,44.414186,50,009,950500,2
"718 MOUNTAIN RD EAST HAVEN, VT 05837 ",718,MOUNTAIN RD,EAST HAVEN,VT,05837,-71.879994,44.642921,50,009,950500,1
"479 SAWMILL RD CONCORD, VT 05824 ",479,SAWMILL RD,CONCORD,VT,05824,-71.899896,44.439805,50,009,950500,2
"127 CROSS ST BRIGHTON, VT 05846 ",127,CROSS ST,BRIGHTON,VT,05846,-71.880901,44.81318,50,009,950200,1
"957 JACKSON RD AVERILL, VT 05901 ",957,JACKSON RD,AVERILL,VT,05901,-71.705304,44.977597,50,009,950100,1
"57 JEFFERSON AVE LUNENBURG, VT 05904 ",57,JEFFERSON AVE,LUNENBURG,VT,05904,-71.720832,44.414079,50,009,950500,3
"4469 VT ROUTE 114 E NORTON, VT 05907 ",4469,VT ROUTE 114   E,NORTON,VT,05907,-71.711575,44.998492,50,009,950100,1
"184 CEDAR ST CONCORD, VT 05824 ",184,CEDAR ST,CONCORD,VT,05824,-71.755837,44.426359,50,009,950500,2
"164 STEVENS LOOP BRIGHTON, VT 05846 ",164,STEVENS LOOP,BRIGHTON,VT,05846,-71.907002,44.842826,50,009,950200,1
"2199 LECLAIR RD CONCORD, VT 05824 ",2199,LECLAIR RD,CONCORD,VT,05824,-71.837383,44.377473,50,009,950500,2
"24 MOISE WOOD RD BRIGHTON, VT 05846 ",24,MOISE WOOD RD,BRIGHTON,VT,05846,-71.863887,44.782679,50,009,950200,1
"6 LAKE RD LUNENBURG, VT 05906 ",6,LAKE RD,LUNENBURG,VT,05906,-71.69113,44.497021,50,009,950500,1
"361 LAKE VIEW RD NORTON, VT 05907 ",361,LAKE VIEW RD,NORTON,VT,05907,-71.711488,44.995994,50,009,950100,1
"10 YOUNGS RD EAST HAVEN, VT 05837 ",10,YOUNGS RD,EAST HAVEN,VT,05837,-71.879486,44.642856,50,009,950500,1
"682 VT ROUTE 114 CANAAN, VT 05903 ",682,VT ROUTE 114,CANAAN,VT,05903,-71.554586,45.00613,50,009,950100,2
"6313 GRANBY RD GRANBY, VT 05858 ",6313,GRANBY RD,GRANBY,VT,05858,-71.710923,44.576147,50,009,950500,1
"974 COTTAGE RD AVERILL, VT 05901 ",974,COTTAGE RD,AVERILL,VT,05901,-71.695947,44.987136,50,009,950100,1
"109 RAILROAD ST BRIGHTON, VT 05846 ",109,RAILROAD ST,BRIGHTON,VT,05846,-71.88331,44.815046,50,009,950200,1
"504 RAILROAD ST BRIGHTON, VT 05846 ",504,RAILROAD ST,BRIGHTON,VT,05846,-71.888595,44.819491,50,009,950200,1
"454 PLEASANT ST BRIGHTON, VT 05846 ",454,PLEASANT ST,BRIGHTON,VT,05846,-71.879812,44.804986,50,009,950200,1
"0 CANAAN HILL RD CANAAN, VT 05903 ",0,CANAAN HILL RD,CANAAN,VT,05903,-71.552117,44.981205,50,009,950100,2
"90 MATTHEWS KNL GRANBY, VT 05858 ",90,MATTHEWS KNL,GRANBY,VT,05858,-71.75641,44.572852,50,009,950500,1
"2063 VT ROUTE 102 LEMINGTON, VT 05905 ",2063,VT ROUTE 102,LEMINGTON,VT,05905,-71.55648,44.85357,50,009,950100,1
"608 LOST NATION RD EAST HAVEN, VT 05837 ",608,LOST NATION RD,EAST HAVEN,VT,05837,-71.87342,44.67644,50,009,950500,1
"57 COTE FARM RD CONCORD, VT 05824 ",57,COTE FARM RD,CONCORD,VT,05824,-71.905168,44.447557,50,009,950500,2
"106 BAREFOOT RD CONCORD, VT 05824 ",106,BAREFOOT RD,CONCORD,VT,05824,-71.872888,44.396333,50,009,950500,2
"817 SHORES HL GRANBY, VT 05858 ",817,SHORES HL,GRANBY,VT,05858,-71.741616,44.559989,50,009,950500,1
"1733 CHARLESTON RD BRIGHTON, VT 05846 ",1733,CHARLESTON RD,BRIGHTON,VT,05846,-71.917054,44.802213,50,009,950200,1
"3 WHITE OAK LN LUNENBURG, VT 05906 ",3,WHITE OAK LN,LUNENBURG,VT,05906,-71.679817,44.459615,50,009,950500,3
"195 LANCASTER RD LUNENBURG, VT 05906 ",195,LANCASTER RD,LUNENBURG,VT,05906,-71.649917,44.469887,50,009,950500,1
"5 PARISH ST LUNENBURG, VT 05904 ",5,PARISH ST,LUNENBURG,VT,05904,-71.717097,44.413754,50,009,950500,3
"853 BEEDE RD CONCORD, VT 05824 ",853,BEEDE RD,CONCORD,VT,05824,-71.876283,44.396047,50,009,950500,2
"878 COTTAGE RD AVERILL, VT 05901 ",878,COTTAGE RD,AVERILL,VT,05901,-71.698088,44.988978,50,009,950100,1
"3904 VT ROUTE 102 BLOOMFIELD, VT 05905 ",3904,VT ROUTE 102,BLOOMFIELD,VT,05905,-71.579606,44.788377,50,009,950100,1
"1120 VT ROUTE 102 GUILDHALL, VT 05905 ",1120,VT ROUTE 102,GUILDHALL,VT,05905,-71.593529,44.511705,50,009,950500,1
"378 GOODWIN CAMP RD MAIDSTONE, VT 05905 ",378,GOODWIN CAMP RD,MAIDSTONE,VT,05905,-71.648998,44.676279,50,009,950100,1
"498 LUND LN GRANBY, VT 05858 ",498,LUND LN,GRANBY,VT,05858,-71.777299,44.584291,50,009,950500,1
"0 JEFFERSON AVE LUNENBURG, VT 05904 ",0,JEFFERSON AVE,LUNENBURG,VT,05904,-71.720609,44.414024,50,009,950500,3
"38 MAPLE ST BRIGHTON, VT 05846 ",38,MAPLE ST,BRIGHTON,VT,05846,-71.884701,44.81704,50,009,950200,1
"106 LOON LN CONCORD, VT 05824 ",106,LOON LN,CONCORD,VT,05824,-71.810176,44.450168,50,009,950500,2
"67 WENDEL RD CONCORD, VT 05824 ",67,WENDEL RD,CONCORD,VT,05824,-71.870181,44.4547,50,009,950500,2
"0 FOREST LAKE RD AVERILL, VT 05901 ",0,FOREST LAKE RD,AVERILL,VT,05901,-71.686884,44.977701,50,009,950100,1
"48 CROSS ST BRIGHTON, VT 05846 ",48,CROSS ST,BRIGHTON,VT,05846,-71.881378,44.814338,50,009,950200,1
"30 RICHARD BLVD EAST HAVEN, VT 05837 ",30,RICHARD BLVD,EAST HAVEN,VT,05837,-71.87493,44.636446,50,009,950500,1
"1082 VT ROUTE 253 CANAAN, VT 05902 ",1082,VT ROUTE 253,CANAAN,VT,05902,-71.508382,45.008184,50,009,950100,2
"4663 VT ROUTE 105 FERDINAND, VT 05846 ",4663,VT ROUTE 105,FERDINAND,VT,05846,-71.721845,44.760247,50,009,950100,1
"3714 MAIDSTONE LAKE RD MAIDSTONE, VT 05905 ",3714,MAIDSTONE LAKE RD,MAIDSTONE,VT,05905,-71.648821,44.666409,50,009,950100,1
"6513 VT ROUTE 102 CANAAN, VT 05903 ",6513,VT ROUTE 102,CANAAN,VT,05903,-71.541729,44.992386,50,009,950100,2
"859 HEAD OF THE POND RD BRIGHTON, VT 05846 ",859,HEAD OF THE POND RD,BRIGHTON,VT,05846,-71.860648,44.781232,50,009,950200,1
"0 KEMP HILL RD CANAAN, VT 05903 ",0,KEMP HILL RD,CANAAN,VT,05903,-71.542417,44.978181,50,009,950100,2
"450 CUTTING RD CONCORD, VT 05824 ",450,CUTTING RD,CONCORD,VT,05824,-71.828263,44.393854,50,009,950500,2
"12 GUILDHALL RD GRANBY, VT 05858 ",12,GUILDHALL RD,GRANBY,VT,05858,-71.685503,44.591011,50,009,950500,1
"0 RIVER RD LUNENBURG, VT 05906 ",0,RIVER RD,LUNENBURG,VT,05906,-71.680668,44.434756,50,009,950500,3
"1788 BAPTIST HILL RD LUNENBURG, VT 05906 ",1788,BAPTIST HILL RD,LUNENBURG,VT,05906,-71.718704,44.421272,50,009,950500,3
"191 EAST HAVEN RD BRIGHTON, VT 05846 ",191,EAST HAVEN RD,BRIGHTON,VT,05846,-71.907631,44.792459,50,009,950200,1
"2451 CAMP RD AVERYS GORE, VT 05907 ",2451,CAMP RD,AVERYS GORE,VT,05907,-71.78843,44.947109,50,009,950100,1
"0 HALL STREAM RD CANAAN, VT 05902 ",0,HALL STREAM RD,CANAAN,VT,05902,-71.499858,45.010693,50,009,950100,2
"49 BIRCH ST BRIGHTON, VT 05846 ",49,BIRCH ST,BRIGHTON,VT,05846,-71.880274,44.812523,50,009,950200,1
"394 VT ROUTE 141 CANAAN, VT 05903 ",394,VT ROUTE 141,CANAAN,VT,05903,-71.55962,45.012144,50,009,950100,2
"4175 VT ROUTE 102 MAIDSTONE, VT 05905 ",4175,VT ROUTE 102,MAIDSTONE,VT,05905,-71.5581,44.625159,50,009,950100,1
"1096 SNOW HILL RD BLOOMFIELD, VT 05905 ",1096,SNOW HILL RD,BLOOMFIELD,VT,05905,-71.625321,44.80097,50,009,950100,1
"207 LEWIS POND TRL LEWIS, VT 05907 ",207,LEWIS POND TRL,LEWIS,VT,05907,-71.781439,44.879724,50,009,950100,1
"3156 PAUL STREAM RD FERDINAND, VT 05905 ",3156,PAUL STREAM RD,FERDINAND,VT,05905,-71.690247,44.648359,50,009,950100,1
"4332 MAIDSTONE LAKE RD MAIDSTONE, VT 05905 ",4332,MAIDSTONE LAKE RD,MAIDSTONE,VT,05905,-71.641055,44.659635,50,009,950100,1
"0 CLAY BROOK RD CANAAN, VT 05903 ",0,CLAY BROOK RD,CANAAN,VT,05903,-71.589676,44.960185,50,009,950100,2
"22 HAVEN ST EAST HAVEN, VT 05837 ",22,HAVEN ST,EAST HAVEN,VT,05837,-71.890111,44.642854,50,009,950500,1
"0 POWER LINE RD LEWIS, VT 05907 ",0,POWER LINE RD,LEWIS,VT,05907,-71.721317,44.861515,50,009,950100,1
"728 BAPTIST HILL RD LUNENBURG, VT 05906 ",728,BAPTIST HILL RD,LUNENBURG,VT,05906,-71.715155,44.44673,50,009,950500,3
"463 S LUNENBURG RD LUNENBURG, VT 05906 ",463,S  LUNENBURG RD,LUNENBURG,VT,05906,-71.677122,44.451159,50,009,950500,3
"63 VICTORY RD CONCORD, VT 05858 ",63,VICTORY RD,CONCORD,VT,05858,-71.857762,44.468874,50,009,950500,2
"5192 VT ROUTE 114 CANAAN, VT 05903 ",5192,VT ROUTE 114,CANAAN,VT,05903,-71.641226,45.007327,50,009,950100,2
"2979 VT ROUTE 114 WARRENS GORE, VT 05907 ",2979,VT ROUTE 114,WARRENS GORE,VT,05907,-71.869647,44.93209,50,009,950100,1
"135 DANCE HALL RD LUNENBURG, VT 05906 ",135,DANCE HALL RD,LUNENBURG,VT,05906,-71.757869,44.46493,50,009,950500,3
"1531 RIVER RD LUNENBURG, VT 05906 ",1531,RIVER RD,LUNENBURG,VT,05906,-71.678574,44.431665,50,009,950500,3
"127 LAKE EAST 1 MAIDSTONE, VT 05905 ",127,LAKE EAST 1,MAIDSTONE,VT,05905,-71.639677,44.656757,50,009,950100,1
"79 KINGSLEY RD CANAAN, VT 05903 ",79,KINGSLEY RD,CANAAN,VT,05903,-71.533828,44.998269,50,009,950100,2
"67 RIVERSIDE AVE LUNENBURG, VT 05904 ",67,RIVERSIDE AVE,LUNENBURG,VT,05904,-71.722311,44.411967,50,009,950500,3
"472 SHORES HL GRANBY, VT 05858 ",472,SHORES HL,GRANBY,VT,05858,-71.746523,44.563105,50,009,950500,1
"2401 EAST HAVEN RD BRIGHTON, VT 05846 ",2401,EAST HAVEN RD,BRIGHTON,VT,05846,-71.899941,44.767651,50,009,950200,1
"52 HAVEN ST EAST HAVEN, VT 05837 ",52,HAVEN ST,EAST HAVEN,VT,05837,-71.889798,44.642449,50,009,950500,1
"313 SOUTH ST BRIGHTON, VT 05846 ",313,SOUTH ST,BRIGHTON,VT,05846,-71.884412,44.816984,50,009,950200,1
"350 CHRISTIAN HL CANAAN, VT 05903 ",350,CHRISTIAN HL,CANAAN,VT,05903,-71.532793,44.999118,50,009,950100,2
"279 HALL STREAM RD CANAAN, VT 05902 ",279,HALL STREAM RD,CANAAN,VT,05902,-71.500552,45.011389,50,009,950100,2
"2515 NORTH RD MAIDSTONE, VT 05905 ",2515,NORTH RD,MAIDSTONE,VT,05905,-71.590775,44.598723,50,009,950100,1
"155 BELLAWOOD RD BRIGHTON, VT 05846 ",155,BELLAWOOD RD,BRIGHTON,VT,05846,-71.886999,44.798,50,009,950200,1
"0 FUND RD CANAAN, VT 05903 ",0,FUND RD,CANAAN,VT,05903,-71.57201,44.988388,50,009,950100,2
"2752 SHADOW LAKE RD CONCORD, VT 05824 ",2752,SHADOW LAKE RD,CONCORD,VT,05824,-71.868852,44.405229,50,009,950500,2
"1352 E BRIGHTON RD BRIGHTON, VT 05846 ",1352,E  BRIGHTON RD,BRIGHTON,VT,05846,-71.860864,44.81,50,009,950200,1
"16 RIPPLE CV BRIGHTON, VT 05846 ",16,RIPPLE CV,BRIGHTON,VT,05846,-71.866476,44.792635,50,009,950200,1
"201 E MAIN ST CONCORD, VT 05824 ",201,E   MAIN ST,CONCORD,VT,05824,-71.878126,44.443909,50,009,950500,2
"308 DAVIS RD BRIGHTON, VT 05846 ",308,DAVIS RD,BRIGHTON,VT,05846,-71.918152,44.775553,50,009,950200,1
"559 LOOP RD AVERILL, VT 05901 ",559,LOOP RD,AVERILL,VT,05901,-71.690686,44.96622,50,009,950100,1
"340 CAMPERS LN CONCORD, VT 05824 ",340,CAMPERS LN,CONCORD,VT,05824,-71.800614,44.446825,50,009,950500,2
"67 PRIVATE WEST 3 MAIDSTONE, VT 05905 ",67,PRIVATE WEST 3,MAIDSTONE,VT,05905,-71.651542,44.657046,50,009,950100,1
"2720 CROSS RD CONCORD, VT 05824 ",2720,CROSS RD,CONCORD,VT,05824,-71.889062,44.427605,50,009,950500,2
"147 VT ROUTE 102 GUILDHALL, VT 05905 ",147,VT ROUTE 102,GUILDHALL,VT,05905,-71.597258,44.49785,50,009,950500,1
"1058 W MAIN ST CONCORD, VT 05824 ",1058,W   MAIN ST,CONCORD,VT,05824,-71.907334,44.43585,50,009,950500,2
"53 CHAMBERLAIN RD CANAAN, VT 05903 ",53,CHAMBERLAIN RD,CANAAN,VT,05903,-71.547924,44.969686,50,009,950100,2
"372 GALE ST CANAAN, VT 05903 ",372,GALE ST,CANAAN,VT,05903,-71.541271,44.998144,50,009,950100,2
"577 UNKNOWN RD GUILDHALL, VT 05905 ",577,UNKNOWN RD,GUILDHALL,VT,05905,-71.672859,44.569767,50,009,950500,1
"104 LOOP RD AVERILL, VT 05901 ",104,LOOP RD,AVERILL,VT,05901,-71.694136,44.963473,50,009,950100,1
"3601 VT ROUTE 105 BLOOMFIELD, VT 05905 ",3601,VT ROUTE 105,BLOOMFIELD,VT,05905,-71.677919,44.778395,50,009,950100,1
"231 HANCOCK RD BRIGHTON, VT 05846 ",231,HANCOCK RD,BRIGHTON,VT,05846,-71.900201,44.758558,50,009,950200,1
"1458 HEAD OF THE POND RD BRIGHTON, VT 05846 ",1458,HEAD OF THE POND RD,BRIGHTON,VT,05846,-71.851569,44.775584,50,009,950200,1
"0 DENNIS POND RD BRUNSWICK, VT 05905 ",0,DENNIS POND RD,BRUNSWICK,VT,05905,-71.655504,44.730503,50,009,950100,1
"1759 JACKSON RD AVERILL, VT 05901 ",1759,JACKSON RD,AVERILL,VT,05901,-71.698319,44.967644,50,009,950100,1
"104 W SIDE RD LUNENBURG, VT 05906 ",104,W  SIDE RD,LUNENBURG,VT,05906,-71.697573,44.487008,50,009,950500,1
"85 MITCHELL RD CONCORD, VT 05824 ",85,MITCHELL RD,CONCORD,VT,05824,-71.859915,44.402054,50,009,950500,2
"4188 E BRIGHTON RD BRIGHTON, VT 05846 ",4188,E  BRIGHTON RD,BRIGHTON,VT,05846,-71.817636,44.785994,50,009,950200,1
"2276 SHADOW LAKE RD CONCORD, VT 05824 ",2276,SHADOW LAKE RD,CONCORD,VT,05824,-71.875282,44.405268,50,009,950500,2
"267 LEWIS POND RD FERDINAND, VT 05846 ",267,LEWIS POND RD,FERDINAND,VT,05846,-71.745851,44.780208,50,009,950100,1
"443 LAKE VIEW RD NORTON, VT 05907 ",443,LAKE VIEW RD,NORTON,VT,05907,-71.711673,44.996869,50,009,950100,1
"0 VT ROUTE 114 CANAAN, VT 05903 ",0,VT ROUTE 114,CANAAN,VT,05903,-71.628112,45.010047,50,009,950100,2
"110 S AMERICA CAMP TRL FERDINAND, VT 05846 ",110,S   AMERICA CAMP TRL,FERDINAND,VT,05846,-71.744767,44.707077,50,009,950100,1
"37 MIDDLE ST BRIGHTON, VT 05846 ",37,MIDDLE ST,BRIGHTON,VT,05846,-71.881889,44.816817,50,009,950200,1
"0 FUND RD CANAAN, VT 05903 ",0,FUND RD,CANAAN,VT,05903,-71.563169,44.980611,50,009,950100,2
"32 HIGH ST EXT CONCORD, VT 05824 ",32,HIGH ST EXT,CONCORD,VT,05824,-71.889207,44.429967,50,009,950500,2
"0 BAPTIST HILL RD LUNENBURG, VT 05906 ",0,BAPTIST HILL RD,LUNENBURG,VT,05906,-71.719514,44.444314,50,009,950500,3
"128 ATWOOD DR BRIGHTON, VT 05846 ",128,ATWOOD DR,BRIGHTON,VT,05846,-71.838549,44.777929,50,009,950200,1
"3112 VT ROUTE 102 BRUNSWICK, VT 05905 ",3112,VT ROUTE 102,BRUNSWICK,VT,05905,-71.613364,44.714846,50,009,950100,1
"161 BACK ST BRIGHTON, VT 05846 ",161,BACK ST,BRIGHTON,VT,05846,-71.874375,44.817208,50,009,950200,1
"1203 VT ROUTE 105 BLOOMFIELD, VT 05905 ",1203,VT ROUTE 105,BLOOMFIELD,VT,05905,-71.64589,44.765358,50,009,950100,1
"1811 VT ROUTE 102 CANAAN, VT 05903 ",1811,VT ROUTE 102,CANAAN,VT,05903,-71.524794,44.933177,50,009,950100,2
"97 DEVOST LN NORTON, VT 05907 ",97,DEVOST LN,NORTON,VT,05907,-71.849237,44.947741,50,009,950100,1
"2284 SIMS HILL RD LEMINGTON, VT 05903 ",2284,SIMS HILL RD,LEMINGTON,VT,05903,-71.584107,44.859743,50,009,950100,1
"496 OREGON RD CONCORD, VT 05906 ",496,OREGON RD,CONCORD,VT,05906,-71.771756,44.458447,50,009,950500,2
"484 PAUL BUNYAN RD BRIGHTON, VT 05846 ",484,PAUL BUNYAN RD,BRIGHTON,VT,05846,-71.91486,44.778681,50,009,950200,1
"1000 GAUDETTE RD NORTON, VT 05907 ",1000,GAUDETTE RD,NORTON,VT,05907,-71.751524,44.984132,50,009,950100,1
"35 SCHOOLHOUSE RD BLOOMFIELD, VT 05905 ",35,SCHOOLHOUSE RD,BLOOMFIELD,VT,05905,-71.628336,44.754644,50,009,950100,1
"691 RAILROAD ST BRIGHTON, VT 05846 ",691,RAILROAD ST,BRIGHTON,VT,05846,-71.891887,44.821049,50,009,950200,1
"88 BEAN BROOK RD EAST HAVEN, VT 05837 ",88,BEAN BROOK RD,EAST HAVEN,VT,05837,-71.890072,44.665056,50,009,950500,1
"109 WHISTLE STOP RD WARRENS GORE, VT 05907 ",109,WHISTLE STOP RD,WARRENS GORE,VT,05907,-71.869606,44.92741,50,009,950100,1
"2538 VT ROUTE 102 CANAAN, VT 05903 ",2538,VT ROUTE 102,CANAAN,VT,05903,-71.525223,44.940126,50,009,950100,2
"100 VICTORY RD CONCORD, VT 05858 ",100,VICTORY RD,CONCORD,VT,05858,-71.858155,44.469549,50,009,950500,2
"8910 GRANBY RD GRANBY, VT 05858 ",8910,GRANBY RD,GRANBY,VT,05858,-71.757475,44.571186,50,009,950500,1
"2397 SIMS HILL RD LEMINGTON, VT 05903 ",2397,SIMS HILL RD,LEMINGTON,VT,05903,-71.585366,44.857797,50,009,950100,1
"5540 MAIDSTONE LAKE RD MAIDSTONE, VT 05905 ",5540,MAIDSTONE LAKE RD,MAIDSTONE,VT,05905,-71.64149,44.643385,50,009,950100,1
"1578 SHADOW LAKE RD CONCORD, VT 05824 ",1578,SHADOW LAKE RD,CONCORD,VT,05824,-71.888071,44.407993,50,009,950500,2
"3541 EAST HAVEN RD BRIGHTON, VT 05846 ",3541,EAST HAVEN RD,BRIGHTON,VT,05846,-71.887498,44.753233,50,009,950200,1
"339 MOUNTAIN ST BRIGHTON, VT 05846 ",339,MOUNTAIN ST,BRIGHTON,VT,05846,-71.87984,44.82151,50,009,950200,1
"0 LANCASTER RD LUNENBURG, VT 05906 ",0,LANCASTER RD,LUNENBURG,VT,05906,-71.648754,44.473681,50,009,950500,1
"30 PARADIS MOUNTAIN RD BRIGHTON, VT 05846 ",30,PARADIS MOUNTAIN RD,BRIGHTON,VT,05846,-71.889051,44.804805,50,009,950200,1
"2543 JACKSON RD AVERILL, VT 05901 ",2543,JACKSON RD,AVERILL,VT,05901,-71.71203,44.963272,50,009,950100,1
"2542 VT ROUTE 102 BRUNSWICK, VT 05905 ",2542,VT ROUTE 102,BRUNSWICK,VT,05905,-71.618475,44.720427,50,009,950100,1
"4555 VT ROUTE 114 CANAAN, VT 05903 ",4555,VT ROUTE 114,CANAAN,VT,05903,-71.629159,45.00945,50,009,950100,2
"0 TOBYNE RD LUNENBURG, VT 05906 ",0,TOBYNE RD,LUNENBURG,VT,05906,-71.743184,44.471796,50,009,950500,1
"215 JAQUES RD CONCORD, VT 05824 ",215,JAQUES RD,CONCORD,VT,05824,-71.813087,44.41673,50,009,950500,2
"654 TODD HILL RD LEMINGTON, VT 05903 ",654,TODD HILL RD,LEMINGTON,VT,05903,-71.558296,44.922623,50,009,950100,1
"2550 SHADOW LAKE RD CONCORD, VT 05824 ",2550,SHADOW LAKE RD,CONCORD,VT,05824,-71.870916,44.406435,50,009,950500,2
"516 NEWARK RD BRIGHTON, VT 05846 ",516,NEWARK RD,BRIGHTON,VT,05846,-71.923204,44.785308,50,009,950200,1
"254 BOYS CAMP RD LUNENBURG, VT 05906 ",254,BOYS CAMP RD,LUNENBURG,VT,05906,-71.695988,44.493301,50,009,950500,1
"6993 VT ROUTE 114 CANAAN, VT 05903 ",6993,VT ROUTE 114,CANAAN,VT,05903,-71.677067,45.005128,50,009,950100,2
"554 WALTERS FARM RD EAST HAVEN, VT 05837 ",554,WALTERS FARM RD,EAST HAVEN,VT,05837,-71.902178,44.650577,50,009,950500,1
"0 CHRISTIAN HL CANAAN, VT 05903 ",0,CHRISTIAN HL,CANAAN,VT,05903,-71.537629,44.997848,50,009,950100,2
"1800 JACKSON RD AVERILL, VT 05901 ",1800,JACKSON RD,AVERILL,VT,05901,-71.699276,44.967619,50,009,950100,1
"80 RIVER RD CANAAN, VT 05902 ",80,RIVER RD,CANAAN,VT,05902,-71.50621,45.008399,50,009,950100,2
"1372 VICTORY RD CONCORD, VT 05858 ",1372,VICTORY RD,CONCORD,VT,05858,-71.864758,44.485685,50,009,950500,2
"0 RIVER RD LUNENBURG, VT 05904 ",0,RIVER RD,LUNENBURG,VT,05904,-71.699253,44.418451,50,009,950500,3
"5230 E BRANCH RD BLOOMFIELD, VT 05905 ",5230,E   BRANCH RD,BLOOMFIELD,VT,05905,-71.677895,44.848124,50,009,950100,1
"51 BRADLEY RD AVERILL, VT 05901 ",51,BRADLEY RD,AVERILL,VT,05901,-71.711952,44.983716,50,009,950100,1
"129 FITCH BROOK RD GRANBY, VT 05837 ",129,FITCH BROOK RD,GRANBY,VT,05837,-71.707439,44.62686,50,009,950500,1
"273 CHRISTIAN HL CANAAN, VT 05903 ",273,CHRISTIAN HL,CANAAN,VT,05903,-71.534767,44.999282,50,009,950100,2
"90 COMMERCIAL AVE LUNENBURG, VT 05904 ",90,COMMERCIAL AVE,LUNENBURG,VT,05904,-71.718374,44.41366,50,009,950500,3
"2031 W LUNENBURG RD LUNENBURG, VT 05906 ",2031,W   LUNENBURG RD,LUNENBURG,VT,05906,-71.771424,44.465223,50,009,950500,3
"14 BLUE HERON LN CONCORD, VT 05824 ",14,BLUE HERON LN,CONCORD,VT,05824,-71.802648,44.446776,50,009,950500,2
"45 PRIVATE WEST 3 MAIDSTONE, VT 05905 ",45,PRIVATE WEST 3,MAIDSTONE,VT,05905,-71.651436,44.657529,50,009,950100,1
"398 SIMONDS RD LUNENBURG, VT 05906 ",398,SIMONDS RD,LUNENBURG,VT,05906,-71.646546,44.495897,50,009,950500,1
"5752 VT ROUTE 105 BRUNSWICK, VT 05905 ",5752,VT ROUTE 105,BRUNSWICK,VT,05905,-71.709107,44.765394,50,009,950100,1
"945 COLBY RD LUNENBURG, VT 05906 ",945,COLBY RD,LUNENBURG,VT,05906,-71.675725,44.503506,50,009,950500,1
"144 HALL STREAM RD CANAAN, VT 05902 ",144,HALL STREAM RD,CANAAN,VT,05902,-71.500657,45.009348,50,009,950100,2
"419 VT ROUTE 105 FERDINAND, VT 05846 ",419,VT ROUTE 105,FERDINAND,VT,05846,-71.794929,44.784208,50,009,950100,1
"5043 NORTH RD MAIDSTONE, VT 05905 ",5043,NORTH RD,MAIDSTONE,VT,05905,-71.616643,44.628998,50,009,950100,1
"0 W MAIN ST LUNENBURG, VT 05906 ",0,W  MAIN ST,LUNENBURG,VT,05906,-71.696479,44.461419,50,009,950500,1
"1552 VT ROUTE 114 S NORTON, VT 05907 ",1552,VT ROUTE 114   S,NORTON,VT,05907,-71.809823,44.989294,50,009,950100,1
"350 LAKE ST BRIGHTON, VT 05846 ",350,LAKE ST,BRIGHTON,VT,05846,-71.86435,44.812532,50,009,950200,1
"281 MOUNTAIN ST BRIGHTON, VT 05846 ",281,MOUNTAIN ST,BRIGHTON,VT,05846,-71.880312,44.820233,50,009,950200,1
"0 VT ROUTE 114 CANAAN, VT 05903 ",0,VT ROUTE 114,CANAAN,VT,05903,-71.65822,45.006943,50,009,950100,2
"100 DERBY ST BRIGHTON, VT 05846 ",100,DERBY ST,BRIGHTON,VT,05846,-71.883171,44.812353,50,009,950200,1
"0 E MAIN ST LUNENBURG, VT 05906 ",0,E  MAIN ST,LUNENBURG,VT,05906,-71.654146,44.465455,50,009,950500,1
"186 TREATMENT PLANT RD CANAAN, VT 05903 ",186,TREATMENT PLANT RD,CANAAN,VT,05903,-71.539622,44.989294,50,009,950100,2
"835 VT ROUTE 114 CANAAN, VT 05903 ",835,VT ROUTE 114,CANAAN,VT,05903,-71.557267,45.007052,50,009,950100,2
"210 COLE HILL RD LUNENBURG, VT 05906 ",210,COLE HILL RD,LUNENBURG,VT,05906,-71.668692,44.507807,50,009,950500,1
"586 MOUNTAIN ST BRIGHTON, VT 05846 ",586,MOUNTAIN ST,BRIGHTON,VT,05846,-71.875608,44.822131,50,009,950200,1
"219 VT ROUTE 114 E NORTON, VT 05907 ",219,VT ROUTE 114  E,NORTON,VT,05907,-71.791329,45.009064,50,009,950100,1
"1013 LANCASTER RD LUNENBURG, VT 05906 ",1013,LANCASTER RD,LUNENBURG,VT,05906,-71.629697,44.485365,50,009,950500,1
"56 ROYALSTON CORNER RD CONCORD, VT 05824 ",56,ROYALSTON CORNER RD,CONCORD,VT,05824,-71.883576,44.428567,50,009,950500,2
"310 MIDDLE ST BRIGHTON, VT 05846 ",310,MIDDLE ST,BRIGHTON,VT,05846,-71.886042,44.819052,50,009,950200,1
"38 CURRAN AVE BRIGHTON, VT 05846 ",38,CURRAN AVE,BRIGHTON,VT,05846,-71.879647,44.818838,50,009,950200,1
"309 BLUEBERRY LN BRIGHTON, VT 05846 ",309,BLUEBERRY LN,BRIGHTON,VT,05846,-71.869318,44.796609,50,009,950200,1
"257 MOISE WOOD RD BRIGHTON, VT 05846 ",257,MOISE WOOD RD,BRIGHTON,VT,05846,-71.866116,44.779399,50,009,950200,1
"3759 VT ROUTE 114 CANAAN, VT 05903 ",3759,VT ROUTE 114,CANAAN,VT,05903,-71.614591,45.009001,50,009,950100,2
"933 RIVER RD VICTORY, VT 05858 ",933,RIVER RD,VICTORY,VT,05858,-71.788873,44.567884,50,009,950500,1
"85 S LUNENBURG RD LUNENBURG, VT 05906 ",85,S   LUNENBURG RD,LUNENBURG,VT,05906,-71.681656,44.460747,50,009,950500,3
"683 VT ROUTE 105 FERDINAND, VT 05846 ",683,VT ROUTE 105,FERDINAND,VT,05846,-71.789933,44.782873,50,009,950100,1
"0 MAILLETT RD LUNENBURG, VT 05906 ",0,MAILLETT RD,LUNENBURG,VT,05906,-71.691362,44.460026,50,009,950500,3
"2677 VT ROUTE 114 S NORTON, VT 05907 ",2677,VT ROUTE 114  S,NORTON,VT,05907,-71.815439,44.974838,50,009,950100,1
"145 MITCHELL RD CONCORD, VT 05824 ",145,MITCHELL RD,CONCORD,VT,05824,-71.858348,44.401985,50,009,950500,2
"31 PRIVACY LN CONCORD, VT 05824 ",31,PRIVACY LN,CONCORD,VT,05824,-71.907535,44.42663,50,009,950500,2
"306 MEADOW ST BRIGHTON, VT 05846 ",306,MEADOW ST,BRIGHTON,VT,05846,-71.890944,44.813864,50,009,950200,1
"1446 PORRELL RD GRANBY, VT 05858 ",1446,PORRELL RD,GRANBY,VT,05858,-71.752885,44.583467,50,009,950500,1
"2649 LEONARD HILL RD CONCORD, VT 05824 ",2649,LEONARD HILL RD,CONCORD,VT,05824,-71.805012,44.421524,50,009,950500,2
"32 HALL STREAM RD CANAAN, VT 05902 ",32,HALL STREAM RD,CANAAN,VT,05902,-71.50208,45.008182,50,009,950100,2
"123 BEACH RD AVERILL, VT 05901 ",123,BEACH RD,AVERILL,VT,05901,-71.685253,44.968169,50,009,950100,1
"2147 VT ROUTE 102 CANAAN, VT 05903 ",2147,VT ROUTE 102,CANAAN,VT,05903,-71.525974,44.938059,50,009,950100,2
"108 RIVERSIDE AVE LUNENBURG, VT 05906 ",108,RIVERSIDE AVE,LUNENBURG,VT,05906,-71.723772,44.412445,50,009,950500,3
"371 RICHARD BLVD EAST HAVEN, VT 05837 ",371,RICHARD BLVD,EAST HAVEN,VT,05837,-71.874099,44.631828,50,009,950500,1
"0 VT ROUTE 102 CANAAN, VT 05903 ",0,VT ROUTE 102,CANAAN,VT,05903,-71.526387,44.93901,50,009,950100,2
"355 VT ROUTE 253 CANAAN, VT 05902 ",355,VT ROUTE 253,CANAAN,VT,05902,-71.520606,45.00316,50,009,950100,2
"144 CREAMERY ST BRIGHTON, VT 05846 ",144,CREAMERY ST,BRIGHTON,VT,05846,-71.892403,44.816938,50,009,950200,1
"55 NORTHVIEW DR CANAAN, VT 05903 ",55,NORTHVIEW DR,CANAAN,VT,05903,-71.627844,45.009149,50,009,950100,2
"1165 DANA MOORE RD AVERILL, VT 05901 ",1165,DANA MOORE RD,AVERILL,VT,05901,-71.713826,44.946606,50,009,950100,1
"0 PROSPECT ST CONCORD, VT 05824 ",0,PROSPECT ST,CONCORD,VT,05824,-71.893074,44.425788,50,009,950500,2
"1505 WEST MOUNTAIN POND RD MAIDSTONE, VT 05905 ",1505,WEST MOUNTAIN POND RD,MAIDSTONE,VT,05905,-71.661592,44.691919,50,009,950100,1
"1736 PAUL STREAM RD FERDINAND, VT 05905 ",1736,PAUL STREAM RD,FERDINAND,VT,05905,-71.709847,44.662595,50,009,950100,1
"1359 WESTSIDE LAKE RD MAIDSTONE, VT 05905 ",1359,WESTSIDE LAKE RD,MAIDSTONE,VT,05905,-71.651422,44.650006,50,009,950100,1
"86 SLADYK TRL WARRENS GORE, VT 05907 ",86,SLADYK TRL,WARRENS GORE,VT,05907,-71.871779,44.933861,50,009,950100,1
"425 MAIN ST CONCORD, VT 05824 ",425,MAIN ST,CONCORD,VT,05824,-71.887343,44.428929,50,009,950500,2
"6985 RIVER RD VICTORY, VT 05858 ",6985,RIVER RD,VICTORY,VT,05858,-71.844834,44.508981,50,009,950500,1
"1765 SNOW HILL RD BLOOMFIELD, VT 05905 ",1765,SNOW HILL RD,BLOOMFIELD,VT,05905,-71.632839,44.794062,50,009,950100,1
"0 FUND RD CANAAN, VT 05903 ",0,FUND RD,CANAAN,VT,05903,-71.576458,44.987445,50,009,950100,2
"70 ATWOOD DR BRIGHTON, VT 05846 ",70,ATWOOD DR,BRIGHTON,VT,05846,-71.838281,44.777589,50,009,950200,1
"37 MASTEN RD VICTORY, VT 05858 ",37,MASTEN RD,VICTORY,VT,05858,-71.851339,44.52809,50,009,950500,1
"2967 JACKSON RD AVERILL, VT 05901 ",2967,JACKSON RD,AVERILL,VT,05901,-71.721248,44.961686,50,009,950100,1
"1033 SHORES HL GRANBY, VT 05858 ",1033,SHORES HL,GRANBY,VT,05858,-71.73822,44.560286,50,009,950500,1
"584 VICTORY RD CONCORD, VT 05858 ",584,VICTORY RD,CONCORD,VT,05858,-71.861467,44.475327,50,009,950500,2
"0 VT ROUTE 102 CANAAN, VT 05903 ",0,VT ROUTE 102,CANAAN,VT,05903,-71.523409,44.92561,50,009,950100,2
"37 DERBY ST BRIGHTON, VT 05846 ",37,DERBY ST,BRIGHTON,VT,05846,-71.881789,44.812391,50,009,950200,1
"1029 VT ROUTE 102 GUILDHALL, VT 05905 ",1029,VT ROUTE 102,GUILDHALL,VT,05905,-71.594297,44.510196,50,009,950500,1
"0 FOURNIER RD LUNENBURG, VT 05906 ",0,FOURNIER RD,LUNENBURG,VT,05906,-71.730481,44.473521,50,009,950500,1
"186 PATRIDGE RD CONCORD, VT 05824 ",186,PATRIDGE RD,CONCORD,VT,05824,-71.864114,44.453447,50,009,950500,2
"111 LOOP RD AVERILL, VT 05901 ",111,LOOP RD,AVERILL,VT,05901,-71.69496,44.963773,50,009,950100,1
"505 NORTON RD BRIGHTON, VT 05846 ",505,NORTON RD,BRIGHTON,VT,05846,-71.907952,44.830912,50,009,950200,1
"236 OREGON RD CONCORD, VT 05906 ",236,OREGON RD,CONCORD,VT,05906,-71.773853,44.461902,50,009,950500,2
"1077 RIVER RD VICTORY, VT 05858 ",1077,RIVER RD,VICTORY,VT,05858,-71.788262,44.565958,50,009,950500,1
"1101 RIVER RD VICTORY, VT 05858 ",1101,RIVER RD,VICTORY,VT,05858,-71.78769,44.565454,50,009,950500,1
"219 KIRBY MOUNTAIN RD CONCORD, VT 05824 ",219,KIRBY MOUNTAIN RD,CONCORD,VT,05824,-71.91155,44.444209,50,009,950500,2
"413 PATCHES RD CONCORD, VT 05824 ",413,PATCHES RD,CONCORD,VT,05824,-71.875695,44.390729,50,009,950500,2
"0 RIVA VUE RD LUNENBURG, VT 05906 ",0,RIVA VUE RD,LUNENBURG,VT,05906,-71.671079,44.481362,50,009,950500,1
"618 BOBBIN MILL RD LUNENBURG, VT 05906 ",618,BOBBIN MILL RD,LUNENBURG,VT,05906,-71.675569,44.478275,50,009,950500,1
"0 WHEELER POND RD BRUNSWICK, VT 05905 ",0,WHEELER POND RD,BRUNSWICK,VT,05905,-71.643118,44.710658,50,009,950100,1
"6626 VT ROUTE 102 BRUNSWICK, VT 05905 ",6626,VT ROUTE 102,BRUNSWICK,VT,05905,-71.595783,44.669782,50,009,950100,1
"0 GRAY RD CANAAN, VT 05903 ",0,GRAY RD,CANAAN,VT,05903,-71.587263,44.960889,50,009,950100,2
"5967 MAIDSTONE LAKE RD MAIDSTONE, VT 05905 ",5967,MAIDSTONE LAKE RD,MAIDSTONE,VT,05905,-71.643126,44.638233,50,009,950100,1
"44 PRIVATE WEST 7 MAIDSTONE, VT 05905 ",44,PRIVATE WEST 7,MAIDSTONE,VT,05905,-71.652406,44.647169,50,009,950100,1
"6253 VT ROUTE 102 GUILDHALL, VT 05905 ",6253,VT ROUTE 102,GUILDHALL,VT,05905,-71.579824,44.566997,50,009,950500,1
"209 ATWOOD DR BRIGHTON, VT 05846 ",209,ATWOOD DR,BRIGHTON,VT,05846,-71.842959,44.776552,50,009,950200,1
"965 ROAD MAKER LN CANAAN, VT 05903 ",965,ROAD MAKER LN,CANAAN,VT,05903,-71.539484,45.011025,50,009,950100,2
"35 DERBY ST BRIGHTON, VT 05846 ",35,DERBY ST,BRIGHTON,VT,05846,-71.881526,44.812474,50,009,950200,1
"0 CHAMBERLAIN RD CANAAN, VT 05903 ",0,CHAMBERLAIN RD,CANAAN,VT,05903,-71.546855,44.965417,50,009,950100,2
"695 BEEDE RD CONCORD, VT 05824 ",695,BEEDE RD,CONCORD,VT,05824,-71.874688,44.393777,50,009,950500,2
"4111 VT ROUTE 114 CANAAN, VT 05903 ",4111,VT ROUTE 114,CANAAN,VT,05903,-71.620572,45.009592,50,009,950100,2
"0 MOUNT TUG RD VICTORY, VT 05858 ",0,MOUNT TUG RD,VICTORY,VT,05858,-71.740705,44.553573,50,009,950500,1
"0 CANAAN HILL RD CANAAN, VT 05903 ",0,CANAAN HILL RD,CANAAN,VT,05903,-71.617093,44.972031,50,009,950100,2
"91 BAPTIST HILL RD LUNENBURG, VT 05906 ",91,BAPTIST HILL RD,LUNENBURG,VT,05906,-71.699924,44.459224,50,009,950500,3
"144 WESLEY RD CONCORD, VT 05824 ",144,WESLEY RD,CONCORD,VT,05824,-71.856484,44.466955,50,009,950500,2
"624 COTTAGE RD AVERILL, VT 05901 ",624,COTTAGE RD,AVERILL,VT,05901,-71.701585,44.991795,50,009,950100,1
"22 HASTINGS RD LUNENBURG, VT 05906 ",22,HASTINGS RD,LUNENBURG,VT,05906,-71.738597,44.463752,50,009,950500,3
"344 HIGH RIDGE RD CONCORD, VT 05824 ",344,HIGH RIDGE RD,CONCORD,VT,05824,-71.862561,44.386687,50,009,950500,2
"3107 HEAD OF THE POND RD BRIGHTON, VT 05846 ",3107,HEAD OF THE POND RD,BRIGHTON,VT,05846,-71.828435,44.781858,50,009,950200,1
"0 MASTEN RD VICTORY, VT 05858 ",0,MASTEN RD,VICTORY,VT,05858,-71.867509,44.535993,50,009,950500,1
"216 FORMOR RD CONCORD, VT 05824 ",216,FORMOR RD,CONCORD,VT,05824,-71.898362,44.424694,50,009,950500,2
"2141 VT ROUTE 102 BLOOMFIELD, VT 05905 ",2141,VT ROUTE 102,BLOOMFIELD,VT,05905,-71.605705,44.770811,50,009,950100,1
"781 WALTERS FARM RD EAST HAVEN, VT 05837 ",781,WALTERS FARM RD,EAST HAVEN,VT,05837,-71.904742,44.648569,50,009,950500,1
"0 E MAIN ST LUNENBURG, VT 05906 ",0,E  MAIN ST,LUNENBURG,VT,05906,-71.65753,44.464314,50,009,950500,3
"233 OREGON RD CONCORD, VT 05906 ",233,OREGON RD,CONCORD,VT,05906,-71.773272,44.462232,50,009,950500,2
"0 S LUNENBURG RD LUNENBURG, VT 05906 ",0,S   LUNENBURG RD,LUNENBURG,VT,05906,-71.682003,44.462738,50,009,950500,3
"376 POND HILL RD LUNENBURG, VT 05906 ",376,POND HILL RD,LUNENBURG,VT,05906,-71.689761,44.478216,50,009,950500,1
"2166 OREGON RD CONCORD, VT 05906 ",2166,OREGON RD,CONCORD,VT,05906,-71.758753,44.436179,50,009,950500,2
"2421 CANAAN HILL RD AVERILL, VT 05901 ",2421,CANAAN HILL RD,AVERILL,VT,05901,-71.639912,44.972616,50,009,950100,1
"0 PATNAUDE HILL RD BLOOMFIELD, VT 05905 ",0,PATNAUDE HILL RD,BLOOMFIELD,VT,05905,-71.634691,44.75105,50,009,950100,1
"3971 VT ROUTE 114 CANAAN, VT 05903 ",3971,VT ROUTE 114,CANAAN,VT,05903,-71.617623,45.009198,50,009,950100,2
"64 DETHS HL EAST HAVEN, VT 05837 ",64,DETHS HL,EAST HAVEN,VT,05837,-71.887849,44.64269,50,009,950500,1
"5377 VT ROUTE 114 S WARRENS GORE, VT 05907 ",5377,VT ROUTE 114   S,WARRENS GORE,VT,05907,-71.847452,44.946189,50,009,950100,1
"585 JACKSON RD AVERILL, VT 05901 ",585,JACKSON RD,AVERILL,VT,05901,-71.708718,44.981846,50,009,950100,1
"501 TODD HILL RD LEMINGTON, VT 05903 ",501,TODD HILL RD,LEMINGTON,VT,05903,-71.554993,44.92259,50,009,950100,1
"2720 RIVER RD LUNENBURG, VT 05904 ",2720,RIVER RD,LUNENBURG,VT,05904,-71.714484,44.414782,50,009,950500,3
"220 FISHING VILLAGE RD BRIGHTON, VT 05846 ",220,FISHING VILLAGE RD,BRIGHTON,VT,05846,-71.856332,44.803186,50,009,950200,1
"440 SCHOOL ST EAST HAVEN, VT 05837 ",440,SCHOOL ST,EAST HAVEN,VT,05837,-71.890434,44.644558,50,009,950500,1
"96 LAKE ACCESS RD CANAAN, VT 05903 ",96,LAKE ACCESS RD,CANAAN,VT,05903,-71.634515,45.010829,50,009,950100,2
"481 CHRISTIAN HL CANAAN, VT 05903 ",481,CHRISTIAN HL,CANAAN,VT,05903,-71.531054,45.000608,50,009,950100,2
"370 KIMBALL RD LUNENBURG, VT 05906 ",370,KIMBALL RD,LUNENBURG,VT,05906,-71.699355,44.471196,50,009,950500,1
"567 DERBY ST BRIGHTON, VT 05846 ",567,DERBY ST,BRIGHTON,VT,05846,-71.887759,44.806416,50,009,950200,1
"896 MITCHELL RD CONCORD, VT 05824 ",896,MITCHELL RD,CONCORD,VT,05824,-71.850885,44.392614,50,009,950500,2
"501 BROUSSEAU MOUNTAIN RD NORTON, VT 05907 ",501,BROUSSEAU MOUNTAIN RD,NORTON,VT,05907,-71.738679,44.988672,50,009,950100,1
"0 S LUNENBURG RD LUNENBURG, VT 05906 ",0,S  LUNENBURG RD,LUNENBURG,VT,05906,-71.682222,44.459602,50,009,950500,3
"1251 JACKSON RD AVERILL, VT 05901 ",1251,JACKSON RD,AVERILL,VT,05901,-71.701722,44.974163,50,009,950100,1
"2257 SHADOW LAKE RD CONCORD, VT 05824 ",2257,SHADOW LAKE RD,CONCORD,VT,05824,-71.876123,44.405473,50,009,950500,2
"0 RIVER RD VICTORY, VT 05858 ",0,RIVER RD,VICTORY,VT,05858,-71.782777,44.575716,50,009,950500,1
"2917 VT ROUTE 102 MAIDSTONE, VT 05905 ",2917,VT ROUTE 102,MAIDSTONE,VT,05905,-71.562502,44.604621,50,009,950100,1
"396 ARTHUR JOHN RD BRIGHTON, VT 05846 ",396,ARTHUR JOHN RD,BRIGHTON,VT,05846,-71.835878,44.767379,50,009,950200,1
"121 KIMBALL RD LUNENBURG, VT 05906 ",121,KIMBALL RD,LUNENBURG,VT,05906,-71.696055,44.465094,50,009,950500,1
"1775 POND HILL RD LUNENBURG, VT 05906 ",1775,POND HILL RD,LUNENBURG,VT,05906,-71.718378,44.508058,50,009,950500,1
"672 BAPTIST HILL RD LUNENBURG, VT 05906 ",672,BAPTIST HILL RD,LUNENBURG,VT,05906,-71.714236,44.447615,50,009,950500,3
"0 POND HILL RD LUNENBURG, VT 05906 ",0,POND HILL RD,LUNENBURG,VT,05906,-71.702545,44.490724,50,009,950500,1
"36 POWERS RD LUNENBURG, VT 05906 ",36,POWERS RD,LUNENBURG,VT,05906,-71.711777,44.447758,50,009,950500,3
"1569 VT ROUTE 105 FERDINAND, VT 05846 ",1569,VT ROUTE 105,FERDINAND,VT,05846,-71.774255,44.780406,50,009,950100,1
"329 VT ROUTE 102 BLOOMFIELD, VT 05905 ",329,VT ROUTE 102,BLOOMFIELD,VT,05905,-71.630483,44.753934,50,009,950100,1
"354 PORRELL RD GRANBY, VT 05858 ",354,PORRELL RD,GRANBY,VT,05858,-71.761872,44.574319,50,009,950500,1
"51 WASHINGTON AVE LUNENBURG, VT 05904 ",51,WASHINGTON AVE,LUNENBURG,VT,05904,-71.717461,44.412802,50,009,950500,3
"0 STONE DAM RD BLOOMFIELD, VT 05905 ",0,STONE DAM RD,BLOOMFIELD,VT,05905,-71.699616,44.824753,50,009,950100,1
"838 VT ROUTE 105 BLOOMFIELD, VT 05905 ",838,VT ROUTE 105,BLOOMFIELD,VT,05905,-71.643412,44.761165,50,009,950100,1
"475 WESTSIDE LAKE RD MAIDSTONE, VT 05905 ",475,WESTSIDE LAKE RD,MAIDSTONE,VT,05905,-71.648919,44.661238,50,009,950100,1
"3609 CAMP RD AVERYS GORE, VT 05907 ",3609,CAMP RD,AVERYS GORE,VT,05907,-71.765812,44.947387,50,009,950100,1
"46 HIGH ST CONCORD, VT 05824 ",46,HIGH ST,CONCORD,VT,05824,-71.88841,44.429514,50,009,950500,2
"339 RAILROAD ST BRIGHTON, VT 05846 ",339,RAILROAD ST,BRIGHTON,VT,05846,-71.886759,44.817459,50,009,950200,1
"0 LAKE RD LUNENBURG, VT 05906 ",0,LAKE RD,LUNENBURG,VT,05906,-71.688938,44.494624,50,009,950500,1
"285 HANCOCK RD BRIGHTON, VT 05846 ",285,HANCOCK RD,BRIGHTON,VT,05846,-71.90011,44.756729,50,009,950200,1
"2569 VT ROUTE 105 BLOOMFIELD, VT 05905 ",2569,VT ROUTE 105,BLOOMFIELD,VT,05905,-71.658326,44.778702,50,009,950100,1
"5201 VT ROUTE 114 S NORTON, VT 05907 ",5201,VT ROUTE 114   S,NORTON,VT,05907,-71.845878,44.947834,50,009,950100,1
"3355 VT ROUTE 114 CANAAN, VT 05903 ",3355,VT ROUTE 114,CANAAN,VT,05903,-71.60575,45.007305,50,009,950100,2
"655 LAKESHORE DR BRIGHTON, VT 05846 ",655,LAKESHORE DR,BRIGHTON,VT,05846,-71.857934,44.794576,50,009,950200,1
"1802 VT ROUTE 114 EAST HAVEN, VT 05837 ",1802,VT ROUTE 114,EAST HAVEN,VT,05837,-71.88835,44.664145,50,009,950500,1
"0 OREGON RD LUNENBURG, VT 05906 ",0,OREGON RD,LUNENBURG,VT,05906,-71.751096,44.427975,50,009,950500,3
"2534 RIVER RD LUNENBURG, VT 05904 ",2534,RIVER RD,LUNENBURG,VT,05904,-71.706776,44.415232,50,009,950500,3
"2381 VT ROUTE 102 LEMINGTON, VT 05905 ",2381,VT ROUTE 102,LEMINGTON,VT,05905,-71.550813,44.856487,50,009,950100,1
"3366 NORTH RD MAIDSTONE, VT 05905 ",3366,NORTH RD,MAIDSTONE,VT,05905,-71.599047,44.626552,50,009,950100,1
"964 LAKESHORE DR BRIGHTON, VT 05846 ",964,LAKESHORE DR,BRIGHTON,VT,05846,-71.857179,44.798055,50,009,950200,1
"6 MILL ST EXT BRIGHTON, VT 05846 ",6,MILL ST EXT,BRIGHTON,VT,05846,-71.880024,44.814473,50,009,950200,1
"2317 JACKSON RD AVERILL, VT 05901 ",2317,JACKSON RD,AVERILL,VT,05901,-71.707613,44.963676,50,009,950100,1
"1308 COLBY RD LUNENBURG, VT 05906 ",1308,COLBY RD,LUNENBURG,VT,05906,-71.674266,44.512636,50,009,950500,1
"1297 SHADOW LAKE RD CONCORD, VT 05824 ",1297,SHADOW LAKE RD,CONCORD,VT,05824,-71.888566,44.412107,50,009,950500,2
"405 RIVER RD VICTORY, VT 05858 ",405,RIVER RD,VICTORY,VT,05858,-71.784028,44.574205,50,009,950500,1
"123 RAILROAD ST BRIGHTON, VT 05846 ",123,RAILROAD ST,BRIGHTON,VT,05846,-71.883571,44.815238,50,009,950200,1
"168 KEMP HILL RD CANAAN, VT 05903 ",168,KEMP HILL RD,CANAAN,VT,05903,-71.546081,44.979056,50,009,950100,2
"652 GIDEONS MILL RD BRIGHTON, VT 05846 ",652,GIDEONS MILL RD,BRIGHTON,VT,05846,-71.922836,44.816247,50,009,950200,1
"1514 MORIN RD GUILDHALL, VT 05905 ",1514,MORIN RD,GUILDHALL,VT,05905,-71.620799,44.508579,50,009,950500,1
"0 SFH MAIDSTONE, VT 05905 ",0,SFH,MAIDSTONE,VT,05905,-71.648437,44.636147,50,009,950100,1
"137 FOREST ST BRIGHTON, VT 05846 ",137,FOREST ST,BRIGHTON,VT,05846,-71.883618,44.818697,50,009,950200,1
"0 VT ROUTE 102 CANAAN, VT 05903 ",0,VT ROUTE 102,CANAAN,VT,05903,-71.525138,44.957629,50,009,950100,2
"452 GIDEONS MILL RD BRIGHTON, VT 05846 ",452,GIDEONS MILL RD,BRIGHTON,VT,05846,-71.920223,44.814253,50,009,950200,1
"1150 COTTAGE RD AVERILL, VT 05901 ",1150,COTTAGE RD,AVERILL,VT,05901,-71.694273,44.985777,50,009,950100,1
"163 GAGNON RD NORTON, VT 05907 ",163,GAGNON RD,NORTON,VT,05907,-71.819162,44.981641,50,009,950100,1
"5475 VT ROUTE 102 BLOOMFIELD, VT 05905 ",5475,VT ROUTE 102,BLOOMFIELD,VT,05905,-71.576121,44.809558,50,009,950100,1
"64 VT ROUTE 105 BLOOMFIELD, VT 05905 ",64,VT ROUTE 105,BLOOMFIELD,VT,05905,-71.632119,44.753721,50,009,950100,1
"2981 VT ROUTE 114 WARRENS GORE, VT 05907 ",2981,VT ROUTE 114,WARRENS GORE,VT,05907,-71.868742,44.932976,50,009,950100,1
"72 FITZGERALD AVE BRIGHTON, VT 05846 ",72,FITZGERALD AVE,BRIGHTON,VT,05846,-71.882839,44.810654,50,009,950200,1
"3182 ROYALSTON CORNER RD CONCORD, VT 05824 ",3182,ROYALSTON CORNER RD,CONCORD,VT,05824,-71.834689,44.422816,50,009,950500,2
"4186 MAIDSTONE LAKE RD MAIDSTONE, VT 05905 ",4186,MAIDSTONE LAKE RD,MAIDSTONE,VT,05905,-71.642663,44.661419,50,009,950100,1
"7101 VT ROUTE 102 MAIDSTONE, VT 05905 ",7101,VT ROUTE 102,MAIDSTONE,VT,05905,-71.587675,44.654187,50,009,950100,1
"99 SCHOOL ST CANAAN, VT 05903 ",99,SCHOOL ST,CANAAN,VT,05903,-71.537701,44.995391,50,009,950100,2
"45 MAPLE ST EAST HAVEN, VT 05837 ",45,MAPLE ST,EAST HAVEN,VT,05837,-71.890813,44.642524,50,009,950500,1
"0 RIVER RD LUNENBURG, VT 05906 ",0,RIVER RD,LUNENBURG,VT,05906,-71.680466,44.433976,50,009,950500,3
"254 COMMERCIAL AVE LUNENBURG, VT 05904 ",254,COMMERCIAL AVE,LUNENBURG,VT,05904,-71.724685,44.413303,50,009,950500,3
"953 WESTSIDE LAKE RD MAIDSTONE, VT 05905 ",953,WESTSIDE LAKE RD,MAIDSTONE,VT,05905,-71.653015,44.655374,50,009,950100,1
"5484 NORTH RD MAIDSTONE, VT 05905 ",5484,NORTH RD,MAIDSTONE,VT,05905,-71.609293,44.638292,50,009,950100,1
"932 MOISE WOOD RD BRIGHTON, VT 05846 ",932,MOISE WOOD RD,BRIGHTON,VT,05846,-71.863,44.771364,50,009,950200,1
"13 COURTHOUSE DR GUILDHALL, VT 05905 ",13,COURTHOUSE DR,GUILDHALL,VT,05905,-71.562069,44.565035,50,009,950500,1
"161 FAY RD FERDINAND, VT 05846 ",161,FAY RD,FERDINAND,VT,05846,-71.777314,44.782995,50,009,950100,1
"4068 VT ROUTE 114 CANAAN, VT 05903 ",4068,VT ROUTE 114,CANAAN,VT,05903,-71.619894,45.009948,50,009,950100,2
"869 JOHNSON RD CONCORD, VT 05824 ",869,JOHNSON RD,CONCORD,VT,05824,-71.838713,44.408595,50,009,950500,2
"1000 GRANBY RD VICTORY, VT 05858 ",1000,GRANBY RD,VICTORY,VT,05858,-71.765851,44.56914,50,009,950500,1
"736 S LUNENBURG RD LUNENBURG, VT 05906 ",736,S  LUNENBURG RD,LUNENBURG,VT,05906,-71.673949,44.44477,50,009,950500,3
"2343 JACKSON RD AVERILL, VT 05901 ",2343,JACKSON RD,AVERILL,VT,05901,-71.708437,44.963108,50,009,950100,1
"0 DANCE HALL RD LUNENBURG, VT 05906 ",0,DANCE HALL RD,LUNENBURG,VT,05906,-71.758376,44.463396,50,009,950500,3
"111 WHISTLE STOP RD WARRENS GORE, VT 05907 ",111,WHISTLE STOP RD,WARRENS GORE,VT,05907,-71.869468,44.927375,50,009,950100,1
"863 FELLOWS RD GUILDHALL, VT 05905 ",863,FELLOWS RD,GUILDHALL,VT,05905,-71.610158,44.516386,50,009,950500,1
"20 WOODLAND TRAIL RD BRIGHTON, VT 05846 ",20,WOODLAND TRAIL RD,BRIGHTON,VT,05846,-71.856656,44.800555,50,009,950200,1
"0 BOBBIN MILL RD LUNENBURG, VT 05906 ",0,BOBBIN MILL RD,LUNENBURG,VT,05906,-71.680072,44.472382,50,009,950500,1
"0 CANAAN HILL RD CANAAN, VT 05903 ",0,CANAAN HILL RD,CANAAN,VT,05903,-71.613481,44.975143,50,009,950100,2
"0 DODGE RD LUNENBURG, VT 05906 ",0,DODGE RD,LUNENBURG,VT,05906,-71.725618,44.422405,50,009,950500,3
"835 FIVE MILE SQUARE RD BRIGHTON, VT 05846 ",835,FIVE MILE SQUARE RD,BRIGHTON,VT,05846,-71.902918,44.814299,50,009,950200,1
"170 HOBSON MILLS RD BRIGHTON, VT 05846 ",170,HOBSON MILLS RD,BRIGHTON,VT,05846,-71.802197,44.788934,50,009,950200,1
"345 LAKE VIEW RD NORTON, VT 05907 ",345,LAKE VIEW RD,NORTON,VT,05907,-71.711758,44.99574,50,009,950100,1
"5209 VT ROUTE 105 BRUNSWICK, VT 05905 ",5209,VT ROUTE 105,BRUNSWICK,VT,05905,-71.698937,44.769472,50,009,950100,1
"10 LONG HILL RD CONCORD, VT 05824 ",10,LONG HILL RD,CONCORD,VT,05824,-71.882735,44.427405,50,009,950500,2
"275 DERBY ST BRIGHTON, VT 05846 ",275,DERBY ST,BRIGHTON,VT,05846,-71.884824,44.810076,50,009,950200,1
"0 RIVERSIDE AVE LUNENBURG, VT 05906 ",0,RIVERSIDE AVE,LUNENBURG,VT,05906,-71.72479,44.412624,50,009,950500,3
"0 VT ROUTE 114 CANAAN, VT 05903 ",0,VT ROUTE 114,CANAAN,VT,05903,-71.629664,45.008432,50,009,950100,2
"751 STREETER RD CONCORD, VT 05824 ",751,STREETER RD,CONCORD,VT,05824,-71.835305,44.440122,50,009,950500,2
"714 LONG HILL RD CONCORD, VT 05824 ",714,LONG HILL RD,CONCORD,VT,05824,-71.871554,44.423145,50,009,950500,2
"3121 VT ROUTE 114 S NORTON, VT 05907 ",3121,VT ROUTE 114  S,NORTON,VT,05907,-71.815466,44.968089,50,009,950100,1
"3000 VICTORY HL VICTORY, VT 05858 ",3000,VICTORY HL,VICTORY,VT,05858,-71.853891,44.549039,50,009,950500,1
"1255 WESTSIDE LAKE RD MAIDSTONE, VT 05905 ",1255,WESTSIDE LAKE RD,MAIDSTONE,VT,05905,-71.651505,44.650876,50,009,950100,1
"8160 RADAR RD EAST HAVEN, VT 05837 ",8160,RADAR RD,EAST HAVEN,VT,05837,-71.767884,44.663175,50,009,950500,1
"6703 VT ROUTE 102 GUILDHALL, VT 05905 ",6703,VT ROUTE 102,GUILDHALL,VT,05905,-71.570482,44.565843,50,009,950500,1
"131 HEAD OF THE POND RD BRIGHTON, VT 05846 ",131,HEAD OF THE POND RD,BRIGHTON,VT,05846,-71.868164,44.789962,50,009,950200,1
"470 LOOP RD AVERILL, VT 05901 ",470,LOOP RD,AVERILL,VT,05901,-71.692881,44.9666,50,009,950100,1
"3930 MAIDSTONE LAKE RD MAIDSTONE, VT 05905 ",3930,MAIDSTONE LAKE RD,MAIDSTONE,VT,05905,-71.646681,44.663801,50,009,950100,1
"1181 LADD RD CONCORD, VT 05858 ",1181,LADD RD,CONCORD,VT,05858,-71.84641,44.460522,50,009,950500,2
"1149 STEVENS RD BLOOMFIELD, VT 05905 ",1149,STEVENS RD,BLOOMFIELD,VT,05905,-71.590151,44.811289,50,009,950100,1
"266 MOISE WOOD RD BRIGHTON, VT 05846 ",266,MOISE WOOD RD,BRIGHTON,VT,05846,-71.866392,44.779939,50,009,950200,1
"449 MORRISSEY PL EAST HAVEN, VT 05837 ",449,MORRISSEY PL,EAST HAVEN,VT,05837,-71.863399,44.630491,50,009,950500,1
"25 VT ROUTE 147 N NORTON, VT 05907 ",25,VT ROUTE 147   N,NORTON,VT,05907,-71.795324,45.009479,50,009,950100,1
"1425 LAKESHORE DR BRIGHTON, VT 05846 ",1425,LAKESHORE DR,BRIGHTON,VT,05846,-71.857539,44.805025,50,009,950200,1
"55 SIMONDS RD LUNENBURG, VT 05906 ",55,SIMONDS RD,LUNENBURG,VT,05906,-71.657299,44.499897,50,009,950500,1
"298 VICTORY MOUNTAIN RD BRIGHTON, VT 05846 ",298,VICTORY MOUNTAIN RD,BRIGHTON,VT,05846,-71.843255,44.765638,50,009,950200,1
"853 LANCASTER RD LUNENBURG, VT 05906 ",853,LANCASTER RD,LUNENBURG,VT,05906,-71.63474,44.483819,50,009,950500,1
"90 WHITE BIRCH LN BRIGHTON, VT 05846 ",90,WHITE BIRCH LN,BRIGHTON,VT,05846,-71.858443,44.796431,50,009,950200,1
"40 WEST MOUNTAIN POND RD MAIDSTONE, VT 05905 ",40,WEST MOUNTAIN POND RD,MAIDSTONE,VT,05905,-71.635915,44.684481,50,009,950100,1
"630 FIVE MILE SQUARE RD BRIGHTON, VT 05846 ",630,FIVE MILE SQUARE RD,BRIGHTON,VT,05846,-71.903601,44.817386,50,009,950200,1
"276 HALL STREAM RD CANAAN, VT 05902 ",276,HALL STREAM RD,CANAAN,VT,05902,-71.500102,45.011124,50,009,950100,2
"31 FULLER DR CANAAN, VT 05903 ",31,FULLER DR,CANAAN,VT,05903,-71.63069,45.008813,50,009,950100,2
"134 ETHAN ALLEN DR CANAAN, VT 05903 ",134,ETHAN ALLEN DR,CANAAN,VT,05903,-71.539348,44.999233,50,009,950100,2
"0 MAILLETT RD LUNENBURG, VT 05906 ",0,MAILLETT RD,LUNENBURG,VT,05906,-71.6913,44.460947,50,009,950500,3
"336 CEDAR ST CONCORD, VT 05824 ",336,CEDAR ST,CONCORD,VT,05824,-71.753444,44.427124,50,009,950500,2
"156 BOBBIN MILL RD LUNENBURG, VT 05906 ",156,BOBBIN MILL RD,LUNENBURG,VT,05906,-71.681905,44.467457,50,009,950500,1
"0 SIMONDS RD LUNENBURG, VT 05906 ",0,SIMONDS RD,LUNENBURG,VT,05906,-71.650282,44.498662,50,009,950500,1
"7172 GRANBY RD GRANBY, VT 05858 ",7172,GRANBY RD,GRANBY,VT,05858,-71.727075,44.577543,50,009,950500,1
"1047 POND HILL RD LUNENBURG, VT 05906 ",1047,POND HILL RD,LUNENBURG,VT,05906,-71.703249,44.492963,50,009,950500,1
"234 COMMERCIAL AVE LUNENBURG, VT 05904 ",234,COMMERCIAL AVE,LUNENBURG,VT,05904,-71.723609,44.41333,50,009,950500,3
"0 POLLARD HL CANAAN, VT 05903 ",0,POLLARD HL,CANAAN,VT,05903,-71.598615,44.958384,50,009,950100,2
"225 WESLEY RD CONCORD, VT 05858 ",225,WESLEY RD,CONCORD,VT,05858,-71.854714,44.465932,50,009,950500,2
"209 BAKER LN CONCORD, VT 05824 ",209,BAKER LN,CONCORD,VT,05824,-71.876267,44.402139,50,009,950500,2
"3811 FELLOWS RD GUILDHALL, VT 05905 ",3811,FELLOWS RD,GUILDHALL,VT,05905,-71.64114,44.550285,50,009,950500,1
"0 HALL STREAM RD CANAAN, VT 05902 ",0,HALL STREAM RD,CANAAN,VT,05902,-71.501244,45.008539,50,009,950100,2
"40 ANNIE DR LUNENBURG, VT 05906 ",40,ANNIE DR,LUNENBURG,VT,05906,-71.731152,44.44347,50,009,950500,3
"291 W MAIN ST LUNENBURG, VT 05906 ",291,W  MAIN ST,LUNENBURG,VT,05906,-71.693318,44.461271,50,009,950500,3
"91 MORRISSEY PL EAST HAVEN, VT 05837 ",91,MORRISSEY PL,EAST HAVEN,VT,05837,-71.86703,44.633763,50,009,950500,1
"1602 EAST HAVEN RD BRIGHTON, VT 05846 ",1602,EAST HAVEN RD,BRIGHTON,VT,05846,-71.906716,44.775742,50,009,950200,1
"1900 JOHNSON RD CONCORD, VT 05824 ",1900,JOHNSON RD,CONCORD,VT,05824,-71.822182,44.397601,50,009,950500,2
"1912 RIVER RD LUNENBURG, VT 05906 ",1912,RIVER RD,LUNENBURG,VT,05906,-71.688783,44.430223,50,009,950500,3
"543 MASTERS RD MAIDSTONE, VT 05905 ",543,MASTERS RD,MAIDSTONE,VT,05905,-71.610166,44.658466,50,009,950100,1
"0 S LUNENBURG RD LUNENBURG, VT 05906 ",0,S  LUNENBURG RD,LUNENBURG,VT,05906,-71.682395,44.459452,50,009,950500,3
"1077 FIVE MILE SQUARE RD BRIGHTON, VT 05846 ",1077,FIVE MILE SQUARE RD,BRIGHTON,VT,05846,-71.905135,44.81096,50,009,950200,1
"5697 VT ROUTE 105 BRUNSWICK, VT 05905 ",5697,VT ROUTE 105,BRUNSWICK,VT,05905,-71.708478,44.765381,50,009,950100,1
"0 COLBY RD LUNENBURG, VT 05906 ",0,COLBY RD,LUNENBURG,VT,05906,-71.676628,44.485934,50,009,950500,1
"1518 VT ROUTE 105 FERDINAND, VT 05846 ",1518,VT ROUTE 105,FERDINAND,VT,05846,-71.77096,44.778435,50,009,950100,1
"44 CROSS ST EAST HAVEN, VT 05837 ",44,CROSS ST,EAST HAVEN,VT,05837,-71.890762,44.643205,50,009,950500,1
"0 W MAIN ST LUNENBURG, VT 05906 ",0,W  MAIN ST,LUNENBURG,VT,05906,-71.68384,44.462597,50,009,950500,3
"107 DUDLEY BROOK RD CONCORD, VT 05858 ",107,DUDLEY BROOK RD,CONCORD,VT,05858,-71.853608,44.475912,50,009,950500,2
"88 S LUNENBURG RD LUNENBURG, VT 05906 ",88,S   LUNENBURG RD,LUNENBURG,VT,05906,-71.682357,44.460786,50,009,950500,3
"0 KEMP HILL RD CANAAN, VT 05903 ",0,KEMP HILL RD,CANAAN,VT,05903,-71.552831,44.966543,50,009,950100,2
"229 BAUMANN RD NORTON, VT 05907 ",229,BAUMANN RD,NORTON,VT,05907,-71.801576,45.008089,50,009,950100,1
"2431 JACKSON RD AVERILL, VT 05901 ",2431,JACKSON RD,AVERILL,VT,05901,-71.710267,44.96364,50,009,950100,1
"4076 MAIDSTONE LAKE RD MAIDSTONE, VT 05905 ",4076,MAIDSTONE LAKE RD,MAIDSTONE,VT,05905,-71.644419,44.662543,50,009,950100,1
"4337 VT ROUTE 114 S NORTON, VT 05907 ",4337,VT ROUTE 114  S,NORTON,VT,05907,-71.835746,44.957763,50,009,950100,1
"759 YOUNGS RD EAST HAVEN, VT 05837 ",759,YOUNGS RD,EAST HAVEN,VT,05837,-71.87185,44.635057,50,009,950500,1
"987 VT ROUTE 102 BRUNSWICK, VT 05905 ",987,VT ROUTE 102,BRUNSWICK,VT,05905,-71.632783,44.736097,50,009,950100,1
"184 BIRCH ST BRIGHTON, VT 05846 ",184,BIRCH ST,BRIGHTON,VT,05846,-71.878549,44.810946,50,009,950200,1
"7310 VT ROUTE 102 GUILDHALL, VT 05905 ",7310,VT ROUTE 102,GUILDHALL,VT,05905,-71.560059,44.566246,50,009,950500,1
"339 SAWMILL RD CONCORD, VT 05824 ",339,SAWMILL RD,CONCORD,VT,05824,-71.900579,44.437063,50,009,950500,2
"94 PRIVATE WEST 10 MAIDSTONE, VT 05905 ",94,PRIVATE WEST 10,MAIDSTONE,VT,05905,-71.660899,44.639306,50,009,950100,1
"176 LAKESHORE DR BRIGHTON, VT 05846 ",176,LAKESHORE DR,BRIGHTON,VT,05846,-71.867041,44.791185,50,009,950200,1
"1723 VT ROUTE 114 S NORTON, VT 05907 ",1723,VT ROUTE 114   S,NORTON,VT,05907,-71.810527,44.987195,50,009,950100,1
"246 DERBY ST BRIGHTON, VT 05846 ",246,DERBY ST,BRIGHTON,VT,05846,-71.885237,44.810696,50,009,950200,1
"4998 VT ROUTE 102 MAIDSTONE, VT 05905 ",4998,VT ROUTE 102,MAIDSTONE,VT,05905,-71.558155,44.631792,50,009,950100,1
"659 MILL BROOK RD BLOOMFIELD, VT 05905 ",659,MILL BROOK RD,BLOOMFIELD,VT,05905,-71.608096,44.786466,50,009,950100,1
"445 S LUNENBURG RD LUNENBURG, VT 05906 ",445,S  LUNENBURG RD,LUNENBURG,VT,05906,-71.67732,44.451869,50,009,950500,3
"0 RIVER RD LUNENBURG, VT 05906 ",0,RIVER RD,LUNENBURG,VT,05906,-71.679809,44.432468,50,009,950500,3
"52 NATHAN ST CANAAN, VT 05903 ",52,NATHAN ST,CANAAN,VT,05903,-71.539898,44.998263,50,009,950100,2
"7 SUNSET LN CONCORD, VT 05824 ",7,SUNSET LN,CONCORD,VT,05824,-71.871636,44.406663,50,009,950500,2
"1469 MASTEN RD VICTORY, VT 05858 ",1469,MASTEN RD,VICTORY,VT,05858,-71.86887,44.538755,50,009,950500,1
"0 S LUNENBURG RD LUNENBURG, VT 05906 ",0,S  LUNENBURG RD,LUNENBURG,VT,05906,-71.677596,44.451597,50,009,950500,3
"133 COMMERCIAL AVE LUNENBURG, VT 05904 ",133,COMMERCIAL AVE,LUNENBURG,VT,05904,-71.72003,44.413203,50,009,950500,3
"9 SY LEWIS MOUNTAIN RD CONCORD, VT 05824 ",9,SY LEWIS MOUNTAIN RD,CONCORD,VT,05824,-71.886542,44.42299,50,009,950500,2
"4134 RADAR RD EAST HAVEN, VT 05837 ",4134,RADAR RD,EAST HAVEN,VT,05837,-71.81302,44.633516,50,009,950500,1
"0 VT ROUTE 114 CANAAN, VT 05903 ",0,VT ROUTE 114,CANAAN,VT,05903,-71.629987,45.009601,50,009,950100,2
"3760 MAIDSTONE LAKE RD MAIDSTONE, VT 05905 ",3760,MAIDSTONE LAKE RD,MAIDSTONE,VT,05905,-71.64857,44.666022,50,009,950100,1
"154 SUNSET DR BRIGHTON, VT 05846 ",154,SUNSET DR,BRIGHTON,VT,05846,-71.858947,44.798586,50,009,950200,1
"0 CRANK RD BLOOMFIELD, VT 05905 ",0,CRANK RD,BLOOMFIELD,VT,05905,-71.580193,44.822835,50,009,950100,1
"0 DOW DR LUNENBURG, VT 05906 ",0,DOW DR,LUNENBURG,VT,05906,-71.741497,44.419122,50,009,950500,3
"1335 LADD RD CONCORD, VT 05858 ",1335,LADD RD,CONCORD,VT,05858,-71.843881,44.459928,50,009,950500,2
"3164 VICTORY HL VICTORY, VT 05858 ",3164,VICTORY HL,VICTORY,VT,05858,-71.852365,44.550912,50,009,950500,1
"2244 LEONARD HILL RD CONCORD, VT 05824 ",2244,LEONARD HILL RD,CONCORD,VT,05824,-71.801052,44.426834,50,009,950500,2
"571 ROYALSTON CORNER RD CONCORD, VT 05824 ",571,ROYALSTON CORNER RD,CONCORD,VT,05824,-71.875315,44.43218,50,009,950500,2
"101 RADAR RD VICTORY, VT 05858 ",101,RADAR RD,VICTORY,VT,05858,-71.785363,44.576475,50,009,950500,1
"126 CROSS ST BRIGHTON, VT 05846 ",126,CROSS ST,BRIGHTON,VT,05846,-71.881477,44.81342,50,009,950200,1
"395 PLEASANT ST BRIGHTON, VT 05846 ",395,PLEASANT ST,BRIGHTON,VT,05846,-71.879978,44.806048,50,009,950200,1
"1108 WOODWARD RD CONCORD, VT 05824 ",1108,WOODWARD RD,CONCORD,VT,05824,-71.893098,44.445619,50,009,950500,2
"139 STEVENS RD BLOOMFIELD, VT 05905 ",139,STEVENS RD,BLOOMFIELD,VT,05905,-71.577261,44.801106,50,009,950100,1
"6 HAVEN ST EAST HAVEN, VT 05837 ",6,HAVEN ST,EAST HAVEN,VT,05837,-71.890254,44.643054,50,009,950500,1
"103 GEORGE ST CONCORD, VT 05824 ",103,GEORGE ST,CONCORD,VT,05824,-71.889246,44.42617,50,009,950500,2
"2188 RIVER RD LUNENBURG, VT 05904 ",2188,RIVER RD,LUNENBURG,VT,05904,-71.697286,44.420089,50,009,950500,3
"37 NORTH ST BRIGHTON, VT 05846 ",37,NORTH ST,BRIGHTON,VT,05846,-71.881788,44.817578,50,009,950200,1
"275 SIMONDS RD LUNENBURG, VT 05906 ",275,SIMONDS RD,LUNENBURG,VT,05906,-71.649641,44.498297,50,009,950500,1
"0 MAIDSTONE LAKE RD MAIDSTONE, VT 05905 ",0,MAIDSTONE LAKE RD,MAIDSTONE,VT,05905,-71.64107,44.644411,50,009,950100,1
"0 SFH MAIDSTONE, VT 05905 ",0,SFH,MAIDSTONE,VT,05905,-71.643546,44.636873,50,009,950100,1
"2408 SHADOW LAKE RD CONCORD, VT 05824 ",2408,SHADOW LAKE RD,CONCORD,VT,05824,-71.873024,44.406329,50,009,950500,2
"1568 VT ROUTE 105 FERDINAND, VT 05846 ",1568,VT ROUTE 105,FERDINAND,VT,05846,-71.773589,44.779797,50,009,950100,1
"150 VT ROUTE 147 N NORTON, VT 05907 ",150,VT ROUTE 147   N,NORTON,VT,05907,-71.793312,45.01055,50,009,950100,1
"169 LOOP RD AVERILL, VT 05901 ",169,LOOP RD,AVERILL,VT,05901,-71.694084,44.964517,50,009,950100,1
"9 W MAIN ST LUNENBURG, VT 05906 ",9,W  MAIN ST,LUNENBURG,VT,05906,-71.682671,44.462897,50,009,950500,3
"200 NUGENT RD BLOOMFIELD, VT 05905 ",200,NUGENT RD,BLOOMFIELD,VT,05905,-71.629983,44.768918,50,009,950100,1
"2029 VT ROUTE 105 BLOOMFIELD, VT 05905 ",2029,VT ROUTE 105,BLOOMFIELD,VT,05905,-71.649281,44.774017,50,009,950100,1
"165 MOULTHROP RD EAST HAVEN, VT 05837 ",165,MOULTHROP RD,EAST HAVEN,VT,05837,-71.870462,44.64874,50,009,950500,1
"410 FOURNIER RD LUNENBURG, VT 05906 ",410,FOURNIER RD,LUNENBURG,VT,05906,-71.730581,44.473202,50,009,950500,1
"35 COURTHOUSE DR GUILDHALL, VT 05905 ",35,COURTHOUSE DR,GUILDHALL,VT,05905,-71.562065,44.565276,50,009,950500,1
"1192 VT ROUTE 102 GUILDHALL, VT 05905 ",1192,VT ROUTE 102,GUILDHALL,VT,05905,-71.59384,44.512741,50,009,950500,1
"1737 W LUNENBURG RD LUNENBURG, VT 05906 ",1737,W  LUNENBURG RD,LUNENBURG,VT,05906,-71.761583,44.468304,50,009,950500,3
"0 VT ROUTE 114 CANAAN, VT 05903 ",0,VT ROUTE 114,CANAAN,VT,05903,-71.555142,45.006752,50,009,950100,2
"93 DEVOST LN NORTON, VT 05907 ",93,DEVOST LN,NORTON,VT,05907,-71.849357,44.947354,50,009,950100,1
"640 STAGECOACH RD CONCORD, VT 05824 ",640,STAGECOACH RD,CONCORD,VT,05824,-71.847183,44.404404,50,009,950500,2
"281 VT ROUTE 102 BLOOMFIELD, VT 05905 ",281,VT ROUTE 102,BLOOMFIELD,VT,05905,-71.63145,44.753818,50,009,950100,1
"334 SAWMILL RD CONCORD, VT 05824 ",334,SAWMILL RD,CONCORD,VT,05824,-71.899751,44.437238,50,009,950500,2
"496 MARKO RD CONCORD, VT 05824 ",496,MARKO RD,CONCORD,VT,05824,-71.915185,44.431566,50,009,950500,2
"369 EAST HAVEN RD BRIGHTON, VT 05846 ",369,EAST HAVEN RD,BRIGHTON,VT,05846,-71.908951,44.792512,50,009,950200,1
"0 CAMPBELL RD LUNENBURG, VT 05906 ",0,CAMPBELL RD,LUNENBURG,VT,05906,-71.668005,44.466237,50,009,950500,1
"672 BOBBIN MILL RD LUNENBURG, VT 05906 ",672,BOBBIN MILL RD,LUNENBURG,VT,05906,-71.674262,44.479231,50,009,950500,1
"0 KINGSLEY RD CANAAN, VT 05903 ",0,KINGSLEY RD,CANAAN,VT,05903,-71.536853,44.997505,50,009,950100,2
"2 RIVERSIDE AVE LUNENBURG, VT 05904 ",2,RIVERSIDE AVE,LUNENBURG,VT,05904,-71.717584,44.411202,50,009,950500,3
"0 E BRANCH RD BLOOMFIELD, VT 05905 ",0,E  BRANCH RD,BLOOMFIELD,VT,05905,-71.674395,44.843242,50,009,950100,1
"1283 MASTEN RD VICTORY, VT 05858 ",1283,MASTEN RD,VICTORY,VT,05858,-71.867555,44.536409,50,009,950500,1
"5 PRIVATE WEST 7 MAIDSTONE, VT 05905 ",5,PRIVATE WEST 7,MAIDSTONE,VT,05905,-71.651997,44.647618,50,009,950100,1
"63 COMMERCIAL AVE LUNENBURG, VT 05904 ",63,COMMERCIAL AVE,LUNENBURG,VT,05904,-71.71735,44.413322,50,009,950500,3
"191 CURRAN AVE BRIGHTON, VT 05846 ",191,CURRAN AVE,BRIGHTON,VT,05846,-71.877114,44.818037,50,009,950200,1
"530 MOUNTAIN TOP FARM RD CONCORD, VT 05824 ",530,MOUNTAIN TOP FARM RD,CONCORD,VT,05824,-71.883969,44.397593,50,009,950500,2
"108 S LUNENBURG RD LUNENBURG, VT 05906 ",108,S   LUNENBURG RD,LUNENBURG,VT,05906,-71.682411,44.460242,50,009,950500,3
"1229 VT ROUTE 114 EAST HAVEN, VT 05837 ",1229,VT ROUTE 114,EAST HAVEN,VT,05837,-71.892541,44.656587,50,009,950500,1
"1371 PARADIS MOUNTAIN RD BRIGHTON, VT 05846 ",1371,PARADIS MOUNTAIN RD,BRIGHTON,VT,05846,-71.886356,44.783923,50,009,950200,1
"0 COVEY RD LUNENBURG, VT 05906 ",0,COVEY RD,LUNENBURG,VT,05906,-71.688976,44.462839,50,009,950500,1
"2190 RIVER RD LUNENBURG, VT 05904 ",2190,RIVER RD,LUNENBURG,VT,05904,-71.697876,44.41992,50,009,950500,3
"159 VT ROUTE 114 S NORTON, VT 05907 ",159,VT ROUTE 114   S,NORTON,VT,05907,-71.797014,45.006985,50,009,950100,1
"2549 SHADOW LAKE RD CONCORD, VT 05824 ",2549,SHADOW LAKE RD,CONCORD,VT,05824,-71.870553,44.406694,50,009,950500,2
"589 WESTSIDE LAKE RD MAIDSTONE, VT 05905 ",589,WESTSIDE LAKE RD,MAIDSTONE,VT,05905,-71.649841,44.66001,50,009,950100,1
"795 E MAIN ST CONCORD, VT 05824 ",795,E   MAIN ST,CONCORD,VT,05824,-71.872486,44.451258,50,009,950500,2
"1657 EAST HAVEN RD BRIGHTON, VT 05846 ",1657,EAST HAVEN RD,BRIGHTON,VT,05846,-71.905162,44.775605,50,009,950200,1
"43 SCHOOLHOUSE RD BLOOMFIELD, VT 05905 ",43,SCHOOLHOUSE RD,BLOOMFIELD,VT,05905,-71.628078,44.754574,50,009,950100,1
"1931 W LUNENBURG RD LUNENBURG, VT 05906 ",1931,W  LUNENBURG RD,LUNENBURG,VT,05906,-71.768174,44.465815,50,009,950500,3
"91 COURTHOUSE DR GUILDHALL, VT 05905 ",91,COURTHOUSE DR,GUILDHALL,VT,05905,-71.560971,44.565619,50,009,950500,1
"122 SANDY LN CONCORD, VT 05858 ",122,SANDY LN,CONCORD,VT,05858,-71.806392,44.450107,50,009,950500,2
"0 VT ROUTE 114 CANAAN, VT 05903 ",0,VT ROUTE 114,CANAAN,VT,05903,-71.592226,45.006492,50,009,950100,2
"56 PORRELL RD GRANBY, VT 05858 ",56,PORRELL RD,GRANBY,VT,05858,-71.758645,44.570928,50,009,950500,1
"0 CLAY BROOK RD CANAAN, VT 05903 ",0,CLAY BROOK RD,CANAAN,VT,05903,-71.586739,44.968143,50,009,950100,2
"5614 VT ROUTE 102 BRUNSWICK, VT 05905 ",5614,VT ROUTE 102,BRUNSWICK,VT,05905,-71.5999,44.681516,50,009,950100,1
"28 COVELL RD LEMINGTON, VT 05905 ",28,COVELL RD,LEMINGTON,VT,05905,-71.502081,44.904407,50,009,950100,1
"1344 TEN MILE SQUARE RD BRIGHTON, VT 05846 ",1344,TEN MILE SQUARE RD,BRIGHTON,VT,05846,-71.921886,44.835246,50,009,950200,1
"2842 OREGON RD CONCORD, VT 05906 ",2842,OREGON RD,CONCORD,VT,05906,-71.752068,44.427938,50,009,950500,2
"0 E MAIN ST LUNENBURG, VT 05906 ",0,E   MAIN ST,LUNENBURG,VT,05906,-71.675438,44.463108,50,009,950500,3
"163 POWELL RD LUNENBURG, VT 05906 ",163,POWELL RD,LUNENBURG,VT,05906,-71.660747,44.484798,50,009,950500,1
"1391 POND HILL RD LUNENBURG, VT 05906 ",1391,POND HILL RD,LUNENBURG,VT,05906,-71.709151,44.501696,50,009,950500,1
"2210 POND HILL RD LUNENBURG, VT 05906 ",2210,POND HILL RD,LUNENBURG,VT,05906,-71.729256,44.507359,50,009,950500,1
"1143 WESTSIDE LAKE RD MAIDSTONE, VT 05905 ",1143,WESTSIDE LAKE RD,MAIDSTONE,VT,05905,-71.652343,44.652335,50,009,950100,1
"0 RYANS RD BRIGHTON, VT 05846 ",0,RYANS RD,BRIGHTON,VT,05846,-71.830261,44.754417,50,009,950200,1
"1801 NORTH RD GUILDHALL, VT 05905 ",1801,NORTH RD,GUILDHALL,VT,05905,-71.597489,44.58959,50,009,950500,1
"161 JACKSON LODGE RD CANAAN, VT 05903 ",161,JACKSON LODGE RD,CANAAN,VT,05903,-71.613403,45.011323,50,009,950100,2
"206 COTTAGE DR BRIGHTON, VT 05846 ",206,COTTAGE DR,BRIGHTON,VT,05846,-71.873757,44.80039,50,009,950200,1
"0 RESERVOIR RD CANAAN, VT 05903 ",0,RESERVOIR RD,CANAAN,VT,05903,-71.540788,45.004341,50,009,950100,2
"6725 VT ROUTE 102 GUILDHALL, VT 05905 ",6725,VT ROUTE 102,GUILDHALL,VT,05905,-71.570066,44.565865,50,009,950500,1
"276 HENRY RD NORTON, VT 05907 ",276,HENRY RD,NORTON,VT,05907,-71.760272,44.998265,50,009,950100,1
"615 CHRISTIAN HL CANAAN, VT 05903 ",615,CHRISTIAN HL,CANAAN,VT,05903,-71.528665,45.001223,50,009,950100,2
"953 VT ROUTE 102 BLOOMFIELD, VT 05905 ",953,VT ROUTE 102,BLOOMFIELD,VT,05905,-71.61987,44.758689,50,009,950100,1
"3810 S AMERICA POND RD FERDINAND, VT 05846 ",3810,S  AMERICA POND RD,FERDINAND,VT,05846,-71.777042,44.708969,50,009,950100,1
"51 RAILROAD ST BRIGHTON, VT 05846 ",51,RAILROAD ST,BRIGHTON,VT,05846,-71.882178,44.81497,50,009,950200,1
"2579 FELLOWS RD GUILDHALL, VT 05905 ",2579,FELLOWS RD,GUILDHALL,VT,05905,-71.624207,44.537736,50,009,950500,1
"1179 VT ROUTE 102 MAIDSTONE, VT 05905 ",1179,VT ROUTE 102,MAIDSTONE,VT,05905,-71.551254,44.585343,50,009,950100,1
"200 JACKSON LODGE VLG CANAAN, VT 05903 ",200,JACKSON LODGE VLG,CANAAN,VT,05903,-71.613589,45.011583,50,009,950100,2
"59 CEDARWOOD DR BRIGHTON, VT 05846 ",59,CEDARWOOD DR,BRIGHTON,VT,05846,-71.895467,44.79985,50,009,950200,1
"687 EAST HAVEN RD BRIGHTON, VT 05846 ",687,EAST HAVEN RD,BRIGHTON,VT,05846,-71.910088,44.786776,50,009,950200,1
"37 MILL BROOK RD BLOOMFIELD, VT 05905 ",37,MILL BROOK RD,BLOOMFIELD,VT,05905,-71.598806,44.778675,50,009,950100,1
"145 TODD HILL RD LEMINGTON, VT 05903 ",145,TODD HILL RD,LEMINGTON,VT,05903,-71.548105,44.923605,50,009,950100,1
"0 MAIDSTONE LAKE RD MAIDSTONE, VT 05905 ",0,MAIDSTONE LAKE RD,MAIDSTONE,VT,05905,-71.639907,44.659175,50,009,950100,1
"453 CHAMBERLAIN RD CANAAN, VT 05903 ",453,CHAMBERLAIN RD,CANAAN,VT,05903,-71.54431,44.964968,50,009,950100,2
"2358 OREGON RD CONCORD, VT 05906 ",2358,OREGON RD,CONCORD,VT,05906,-71.756266,44.434176,50,009,950500,2
"646 N CONCORD RD CONCORD, VT 05858 ",646,N   CONCORD RD,CONCORD,VT,05858,-71.861596,44.462625,50,009,950500,2
"108 MAPLE TREE LN CONCORD, VT 05824 ",108,MAPLE TREE LN,CONCORD,VT,05824,-71.873249,44.405114,50,009,950500,2
"0 SIMONDS RD LUNENBURG, VT 05906 ",0,SIMONDS RD,LUNENBURG,VT,05906,-71.643571,44.496355,50,009,950500,1
"167 LAMOTTE RD GUILDHALL, VT 05905 ",167,LAMOTTE RD,GUILDHALL,VT,05905,-71.652385,44.511998,50,009,950500,1
"0 VT ROUTE 102 CANAAN, VT 05903 ",0,VT ROUTE 102,CANAAN,VT,05903,-71.519989,44.921398,50,009,950100,2
"338 SLADYK TRL WARRENS GORE, VT 05907 ",338,SLADYK TRL,WARRENS GORE,VT,05907,-71.867926,44.937736,50,009,950100,1
"0 VT ROUTE 102 CANAAN, VT 05903 ",0,VT ROUTE 102,CANAAN,VT,05903,-71.540208,44.994018,50,009,950100,2
"0 VT ROUTE 114 CANAAN, VT 05903 ",0,VT ROUTE 114,CANAAN,VT,05903,-71.556949,45.006241,50,009,950100,2
"1763 BAPTIST HILL RD LUNENBURG, VT 05906 ",1763,BAPTIST HILL RD,LUNENBURG,VT,05906,-71.717502,44.422298,50,009,950500,3
"0 GORE RD AVERYS GORE, VT 05907 ",0,GORE RD,AVERYS GORE,VT,05907,-71.816323,44.875679,50,009,950100,1
"2625 ROYALSTON CORNER RD CONCORD, VT 05824 ",2625,ROYALSTON CORNER RD,CONCORD,VT,05824,-71.835505,44.43057,50,009,950500,2
"74 W MAIN ST LUNENBURG, VT 05906 ",74,W  MAIN ST,LUNENBURG,VT,05906,-71.68537,44.463322,50,009,950500,1
"602 VT ROUTE 114 E NORTON, VT 05907 ",602,VT ROUTE 114   E,NORTON,VT,05907,-71.784431,45.007219,50,009,950100,1
"0 JUDD RD CANAAN, VT 05903 ",0,JUDD RD,CANAAN,VT,05903,-71.55307,44.999581,50,009,950100,2
"273 STAGECOACH RD CONCORD, VT 05824 ",273,STAGECOACH RD,CONCORD,VT,05824,-71.852553,44.40413,50,009,950500,2
"601 E BRANCH RD BLOOMFIELD, VT 05905 ",601,E   BRANCH RD,BLOOMFIELD,VT,05905,-71.66179,44.785631,50,009,950100,1
"2955 JACKSON RD AVERILL, VT 05901 ",2955,JACKSON RD,AVERILL,VT,05901,-71.720116,44.961776,50,009,950100,1
"4099 VT ROUTE 102 CANAAN, VT 05903 ",4099,VT ROUTE 102,CANAAN,VT,05903,-71.527538,44.963957,50,009,950100,2
"1219 VT ROUTE 114 EAST HAVEN, VT 05837 ",1219,VT ROUTE 114,EAST HAVEN,VT,05837,-71.892253,44.656373,50,009,950500,1
"190 E MAIN ST LUNENBURG, VT 05906 ",190,E  MAIN ST,LUNENBURG,VT,05906,-71.674684,44.462596,50,009,950500,3
"310 COWAN RD AVERILL, VT 05901 ",310,COWAN RD,AVERILL,VT,05901,-71.706644,44.960493,50,009,950100,1
"0 GALE ST CANAAN, VT 05903 ",0,GALE ST,CANAAN,VT,05903,-71.536229,44.995724,50,009,950100,2
"2622 SHADOW LAKE RD CONCORD, VT 05824 ",2622,SHADOW LAKE RD,CONCORD,VT,05824,-71.869483,44.405836,50,009,950500,2
"110 VICTORY MOUNTAIN RD BRIGHTON, VT 05846 ",110,VICTORY MOUNTAIN RD,BRIGHTON,VT,05846,-71.840358,44.76793,50,009,950200,1
"1120 HIGH RIDGE RD CONCORD, VT 05824 ",1120,HIGH RIDGE RD,CONCORD,VT,05824,-71.866107,44.377433,50,009,950500,2
"453 CHARLESTON RD BRIGHTON, VT 05846 ",453,CHARLESTON RD,BRIGHTON,VT,05846,-71.895156,44.800548,50,009,950200,1
"0 BAPTIST HILL RD LUNENBURG, VT 05906 ",0,BAPTIST HILL RD,LUNENBURG,VT,05906,-71.703948,44.455567,50,009,950500,3
"119 ALL AMERICAN HWY CANAAN, VT 05903 ",119,ALL AMERICAN HWY,CANAAN,VT,05903,-71.58719,45.010531,50,009,950100,2
"391 WESTSIDE LAKE RD MAIDSTONE, VT 05905 ",391,WESTSIDE LAKE RD,MAIDSTONE,VT,05905,-71.648971,44.66265,50,009,950100,1
"654 COTTAGE RD AVERILL, VT 05901 ",654,COTTAGE RD,AVERILL,VT,05901,-71.700997,44.99134,50,009,950100,1
"2428 VICTORY HL VICTORY, VT 05858 ",2428,VICTORY HL,VICTORY,VT,05858,-71.85447,44.543157,50,009,950500,1
"0 HALL STREAM RD CANAAN, VT 05902 ",0,HALL STREAM RD,CANAAN,VT,05902,-71.499785,45.011523,50,009,950100,2
"0 LANCASTER RD LUNENBURG, VT 05906 ",0,LANCASTER RD,LUNENBURG,VT,05906,-71.649817,44.470172,50,009,950500,1
"9 DALE AVE BRIGHTON, VT 05846 ",9,DALE AVE,BRIGHTON,VT,05846,-71.882324,44.810957,50,009,950200,1
"722 KEMP HILL RD CANAAN, VT 05903 ",722,KEMP HILL RD,CANAAN,VT,05903,-71.549204,44.972411,50,009,950100,2
"566 COTTAGE RD AVERILL, VT 05901 ",566,COTTAGE RD,AVERILL,VT,05901,-71.7019,44.992171,50,009,950100,1
"289 SPENCER HILL RD BLOOMFIELD, VT 05905 ",289,SPENCER HILL RD,BLOOMFIELD,VT,05905,-71.633838,44.758016,50,009,950100,1
"259 MOUNTAIN ST BRIGHTON, VT 05846 ",259,MOUNTAIN ST,BRIGHTON,VT,05846,-71.880412,44.820064,50,009,950200,1
"49 MORRISSEY PL EAST HAVEN, VT 05837 ",49,MORRISSEY PL,EAST HAVEN,VT,05837,-71.869015,44.634261,50,009,950500,1
"2621 POND HILL RD LUNENBURG, VT 05906 ",2621,POND HILL RD,LUNENBURG,VT,05906,-71.735029,44.499513,50,009,950500,1
"0 W MAIN ST LUNENBURG, VT 05906 ",0,W  MAIN ST,LUNENBURG,VT,05906,-71.686539,44.462444,50,009,950500,3
"80 LAKE RD LUNENBURG, VT 05906 ",80,LAKE RD,LUNENBURG,VT,05906,-71.689573,44.495555,50,009,950500,1
"6366 GRANBY RD GRANBY, VT 05858 ",6366,GRANBY RD,GRANBY,VT,05858,-71.714131,44.576682,50,009,950500,1
"2048 NEWARK RD BRIGHTON, VT 05846 ",2048,NEWARK RD,BRIGHTON,VT,05846,-71.93145,44.766136,50,009,950200,1
"622 DERBY ST BRIGHTON, VT 05846 ",622,DERBY ST,BRIGHTON,VT,05846,-71.888657,44.805945,50,009,950200,1
"147 BAY LN BRIGHTON, VT 05846 ",147,BAY LN,BRIGHTON,VT,05846,-71.86683,44.81281,50,009,950200,1
"212 DOLLOFF MOUNTAIN RD BRIGHTON, VT 05846 ",212,DOLLOFF MOUNTAIN RD,BRIGHTON,VT,05846,-71.93174,44.822272,50,009,950200,1
"425 WALTERS FARM RD EAST HAVEN, VT 05837 ",425,WALTERS FARM RD,EAST HAVEN,VT,05837,-71.89999,44.650196,50,009,950500,1
"0 CEDAR ST LUNENBURG, VT 05904 ",0,CEDAR ST,LUNENBURG,VT,05904,-71.720556,44.415669,50,009,950500,3
"0 E MAIN ST LUNENBURG, VT 05906 ",0,E   MAIN ST,LUNENBURG,VT,05906,-71.672391,44.463583,50,009,950500,3
"1451 MAIN ST CONCORD, VT 05824 ",1451,MAIN ST,CONCORD,VT,05824,-71.879106,44.440187,50,009,950500,2
"19 BAREFOOT RD CONCORD, VT 05824 ",19,BAREFOOT RD,CONCORD,VT,05824,-71.872888,44.395086,50,009,950500,2
"1264 VT ROUTE 102 LEMINGTON, VT 05905 ",1264,VT ROUTE 102,LEMINGTON,VT,05905,-71.556255,44.842434,50,009,950100,1
"0 VT ROUTE 102 CANAAN, VT 05903 ",0,VT ROUTE 102,CANAAN,VT,05903,-71.526849,44.965425,50,009,950100,2
"568 CAMPERS LN CONCORD, VT 05824 ",568,CAMPERS LN,CONCORD,VT,05824,-71.805219,44.445492,50,009,950500,2
"156 LUNNIE FARM LN CONCORD, VT 05824 ",156,LUNNIE FARM LN,CONCORD,VT,05824,-71.839341,44.432622,50,009,950500,2
"175 COMMERCIAL AVE LUNENBURG, VT 05904 ",175,COMMERCIAL AVE,LUNENBURG,VT,05904,-71.721379,44.413155,50,009,950500,3
"20 HENSHAW RD BRIGHTON, VT 05846 ",20,HENSHAW RD,BRIGHTON,VT,05846,-71.864169,44.81537,50,009,950200,1
"1763 W LUNENBURG RD LUNENBURG, VT 05906 ",1763,W   LUNENBURG RD,LUNENBURG,VT,05906,-71.762404,44.46792,50,009,950500,3
"0 E MAIN ST LUNENBURG, VT 05906 ",0,E   MAIN ST,LUNENBURG,VT,05906,-71.673151,44.464217,50,009,950500,1
"2154 W MCCONNELL POND RD BRIGHTON, VT 05846 ",2154,W  MCCONNELL POND RD,BRIGHTON,VT,05846,-71.782563,44.806104,50,009,950200,1
"4192 VT ROUTE 114 CANAAN, VT 05903 ",4192,VT ROUTE 114,CANAAN,VT,05903,-71.621956,45.010407,50,009,950100,2
"78 RIVER RD LUNENBURG, VT 05906 ",78,RIVER RD,LUNENBURG,VT,05906,-71.653419,44.462775,50,009,950500,3
"12 W THOMAS RD CONCORD, VT 05906 ",12,W   THOMAS RD,CONCORD,VT,05906,-71.751634,44.426797,50,009,950500,2
"2167 OREGON RD CONCORD, VT 05906 ",2167,OREGON RD,CONCORD,VT,05906,-71.75706,44.43669,50,009,950500,2
"0 CHRISTIAN HL CANAAN, VT 05903 ",0,CHRISTIAN HL,CANAAN,VT,05903,-71.530985,45.000755,50,009,950100,2
"221 VT ROUTE 114 CANAAN, VT 05903 ",221,VT ROUTE 114,CANAAN,VT,05903,-71.54836,45.001602,50,009,950100,2
"0 TUG MOUNTAIN RD LUNENBURG, VT 05906 ",0,TUG MOUNTAIN RD,LUNENBURG,VT,05906,-71.722258,44.528368,50,009,950500,1
"0 WHEELER POND RD BRUNSWICK, VT 05905 ",0,WHEELER POND RD,BRUNSWICK,VT,05905,-71.660736,44.724714,50,009,950100,1
"0 VT ROUTE 102 BLOOMFIELD, VT 05905 ",0,VT ROUTE 102,BLOOMFIELD,VT,05905,-71.581983,44.789234,50,009,950100,1
"146 ISLAND VIEW DR BRIGHTON, VT 05846 ",146,ISLAND VIEW DR,BRIGHTON,VT,05846,-71.860234,44.804171,50,009,950200,1
"0 S LUNENBURG RD LUNENBURG, VT 05906 ",0,S  LUNENBURG RD,LUNENBURG,VT,05906,-71.67619,44.446546,50,009,950500,3
"1420 CAMPERS LN CONCORD, VT 05824 ",1420,CAMPERS LN,CONCORD,VT,05824,-71.819803,44.445497,50,009,950500,2
"530 TEN MILE SQUARE RD BRIGHTON, VT 05846 ",530,TEN MILE SQUARE RD,BRIGHTON,VT,05846,-71.911173,44.828006,50,009,950200,1
"2972 CHARLESTON RD BRIGHTON, VT 05846 ",2972,CHARLESTON RD,BRIGHTON,VT,05846,-71.938057,44.810124,50,009,950200,1
"72 EAST ST CANAAN, VT 05902 ",72,EAST ST,CANAAN,VT,05902,-71.505426,45.009431,50,009,950100,2
"50 HILLSIDE TER BRIGHTON, VT 05846 ",50,HILLSIDE TER,BRIGHTON,VT,05846,-71.878824,44.819617,50,009,950200,1
"1489 BROOK RD CONCORD, VT 05824 ",1489,BROOK RD,CONCORD,VT,05824,-71.891444,44.462065,50,009,950500,2
"1767 LOST NATION RD EAST HAVEN, VT 05837 ",1767,LOST NATION RD,EAST HAVEN,VT,05837,-71.854755,44.682952,50,009,950500,1
"46 RIVER RD CANAAN, VT 05902 ",46,RIVER RD,CANAAN,VT,05902,-71.506922,45.008394,50,009,950100,2
"1676 COTTAGE RD AVERILL, VT 05901 ",1676,COTTAGE RD,AVERILL,VT,05901,-71.688624,44.979334,50,009,950100,1
"200 GILMAN FARM RD LUNENBURG, VT 05906 ",200,GILMAN FARM RD,LUNENBURG,VT,05906,-71.710461,44.427621,50,009,950500,3
"215 MIDDLE ST BRIGHTON, VT 05846 ",215,MIDDLE ST,BRIGHTON,VT,05846,-71.884865,44.818214,50,009,950200,1
"19 GRAHAM RD BLOOMFIELD, VT 05905 ",19,GRAHAM RD,BLOOMFIELD,VT,05905,-71.633601,44.749612,50,009,950100,1
"0 GALE ST CANAAN, VT 05903 ",0,GALE ST,CANAAN,VT,05903,-71.541705,44.998806,50,009,950100,2
"439 E BRIGHTON RD BRIGHTON, VT 05846 ",439,E  BRIGHTON RD,BRIGHTON,VT,05846,-71.869281,44.823818,50,009,950200,1
"66 BEACH RD MAIDSTONE, VT 05905 ",66,BEACH RD,MAIDSTONE,VT,05905,-71.639735,44.653358,50,009,950100,1
"113 SHADOW LAKE RD CONCORD, VT 05824 ",113,SHADOW LAKE RD,CONCORD,VT,05824,-71.888355,44.427595,50,009,950500,2
"3668 S AMERICA POND RD FERDINAND, VT 05846 ",3668,S   AMERICA POND RD,FERDINAND,VT,05846,-71.75171,44.723653,50,009,950100,1
"2079 CROSS RD CONCORD, VT 05824 ",2079,CROSS RD,CONCORD,VT,05824,-71.902554,44.426816,50,009,950500,2
"0 MAIDSTONE LAKE RD MAIDSTONE, VT 05905 ",0,MAIDSTONE LAKE RD,MAIDSTONE,VT,05905,-71.642685,44.66167,50,009,950100,1
"369 MIDDLE ST BRIGHTON, VT 05846 ",369,MIDDLE ST,BRIGHTON,VT,05846,-71.887188,44.819072,50,009,950200,1
"1780 VT ROUTE 102 CANAAN, VT 05903 ",1780,VT ROUTE 102,CANAAN,VT,05903,-71.523556,44.932597,50,009,950100,2
"8 RIVER DR BLOOMFIELD, VT 05905 ",8,RIVER DR,BLOOMFIELD,VT,05905,-71.632474,44.752317,50,009,950100,1
"240 GALE ST CANAAN, VT 05903 ",240,GALE ST,CANAAN,VT,05903,-71.539313,44.996845,50,009,950100,2
"27 PARK ST CANAAN, VT 05903 ",27,PARK ST,CANAAN,VT,05903,-71.539389,44.995767,50,009,950100,2
"7314 VT ROUTE 114 CANAAN, VT 05903 ",7314,VT ROUTE 114,CANAAN,VT,05903,-71.684266,45.006426,50,009,950100,2
"2780 BEAR HILL RD MAIDSTONE, VT 05905 ",2780,BEAR HILL RD,MAIDSTONE,VT,05905,-71.578236,44.618709,50,009,950100,1
"124 BEACH DR CONCORD, VT 05858 ",124,BEACH DR,CONCORD,VT,05858,-71.802004,44.449838,50,009,950500,2
"1669 WESTSIDE LAKE RD MAIDSTONE, VT 05905 ",1669,WESTSIDE LAKE RD,MAIDSTONE,VT,05905,-71.655349,44.647145,50,009,950100,1
"0 VT ROUTE 141 CANAAN, VT 05903 ",0,VT ROUTE 141,CANAAN,VT,05903,-71.557682,45.008947,50,009,950100,2
"381 MOUNTAIN ST EXT BRIGHTON, VT 05846 ",381,MOUNTAIN ST EXT,BRIGHTON,VT,05846,-71.880298,44.832476,50,009,950200,1
"770 GAUDETTE RD NORTON, VT 05907 ",770,GAUDETTE RD,NORTON,VT,05907,-71.750813,44.987743,50,009,950100,1
"169 EAST HAVEN RD BRIGHTON, VT 05846 ",169,EAST HAVEN RD,BRIGHTON,VT,05846,-71.910215,44.795443,50,009,950200,1
"8749 GRANBY RD GRANBY, VT 05858 ",8749,GRANBY RD,GRANBY,VT,05858,-71.7549,44.570175,50,009,950500,1
"122 COWAN RD AVERILL, VT 05901 ",122,COWAN RD,AVERILL,VT,05901,-71.706192,44.963006,50,009,950100,1
"0 JOHNNY CAKE AVE LUNENBURG, VT 05906 ",0,JOHNNY CAKE AVE,LUNENBURG,VT,05906,-71.687295,44.462038,50,009,950500,3
"261 SONG BIRD DR CANAAN, VT 05903 ",261,SONG BIRD DR,CANAAN,VT,05903,-71.638846,45.0108,50,009,950100,2
"33 NORTHVIEW DR CANAAN, VT 05903 ",33,NORTHVIEW DR,CANAAN,VT,05903,-71.627628,45.009321,50,009,950100,2
"350 OREGON RD CONCORD, VT 05906 ",350,OREGON RD,CONCORD,VT,05906,-71.773155,44.460281,50,009,950500,2
"3126 VT ROUTE 102 CANAAN, VT 05903 ",3126,VT ROUTE 102,CANAAN,VT,05903,-71.523553,44.950845,50,009,950100,2
"6681 VT ROUTE 102 CANAAN, VT 05903 ",6681,VT ROUTE 102,CANAAN,VT,05903,-71.539927,44.994272,50,009,950100,2
"4192 VICTORY RD VICTORY, VT 05858 ",4192,VICTORY RD,VICTORY,VT,05858,-71.785965,44.574909,50,009,950500,1
"68 MAPLE ST EAST HAVEN, VT 05837 ",68,MAPLE ST,EAST HAVEN,VT,05837,-71.890609,44.642879,50,009,950500,1
"234 MIDDLE ST BRIGHTON, VT 05846 ",234,MIDDLE ST,BRIGHTON,VT,05846,-71.884904,44.818569,50,009,950200,1
"48 WENTWORTH RD LUNENBURG, VT 05906 ",48,WENTWORTH RD,LUNENBURG,VT,05906,-71.7075,44.453797,50,009,950500,3
"1047 W MAIN ST CONCORD, VT 05824 ",1047,W   MAIN ST,CONCORD,VT,05824,-71.905615,44.435916,50,009,950500,2
"0 TEMPLE BARWAY RD LUNENBURG, VT 05906 ",0,TEMPLE BARWAY RD,LUNENBURG,VT,05906,-71.743463,44.511294,50,009,950500,1
"2867 OREGON RD CONCORD, VT 05906 ",2867,OREGON RD,CONCORD,VT,05906,-71.751623,44.427411,50,009,950500,2
"955 VT ROUTE 114 E NORTON, VT 05907 ",955,VT ROUTE 114   E,NORTON,VT,05907,-71.776762,45.007635,50,009,950100,1
"3816 VT ROUTE 114 WARRENS GORE, VT 05907 ",3816,VT ROUTE 114,WARRENS GORE,VT,05907,-71.859271,44.935027,50,009,950100,1
"0 VT ROUTE 105 BLOOMFIELD, VT 05905 ",0,VT ROUTE 105,BLOOMFIELD,VT,05905,-71.654538,44.777388,50,009,950100,1
"2782 LEONARD HILL RD CONCORD, VT 05824 ",2782,LEONARD HILL RD,CONCORD,VT,05824,-71.807774,44.421412,50,009,950500,2
"3721 VT ROUTE 114 S NORTON, VT 05907 ",3721,VT ROUTE 114  S,NORTON,VT,05907,-71.825844,44.962994,50,009,950100,1
"2070 CANAAN HILL RD CANAAN, VT 05903 ",2070,CANAAN HILL RD,CANAAN,VT,05903,-71.575961,44.970477,50,009,950100,2
"752 COTTAGE RD AVERILL, VT 05901 ",752,COTTAGE RD,AVERILL,VT,05901,-71.699616,44.990297,50,009,950100,1
"109 DALE AVE BRIGHTON, VT 05846 ",109,DALE AVE,BRIGHTON,VT,05846,-71.881245,44.809701,50,009,950200,1
"0 SFH MAIDSTONE, VT 05905 ",0,SFH,MAIDSTONE,VT,05905,-71.656227,44.635148,50,009,950100,1
"3923 LEONARD HILL RD CONCORD, VT 05824 ",3923,LEONARD HILL RD,CONCORD,VT,05824,-71.830347,44.416043,50,009,950500,2
"500 BOBBIN MILL RD LUNENBURG, VT 05906 ",500,BOBBIN MILL RD,LUNENBURG,VT,05906,-71.676319,44.475474,50,009,950500,1
"1738 CANAAN HILL RD AVERILL, VT 05901 ",1738,CANAAN HILL RD,AVERILL,VT,05901,-71.652565,44.97635,50,009,950100,1
"391 PERCY VW MAIDSTONE, VT 05905 ",391,PERCY VW,MAIDSTONE,VT,05905,-71.597949,44.659886,50,009,950100,1
"57 CEDAR ST LUNENBURG, VT 05904 ",57,CEDAR ST,LUNENBURG,VT,05904,-71.720519,44.414858,50,009,950500,3
"242 MAIN ST CONCORD, VT 05824 ",242,MAIN ST,CONCORD,VT,05824,-71.890838,44.428777,50,009,950500,2
"17 GRAHAM RD BLOOMFIELD, VT 05905 ",17,GRAHAM RD,BLOOMFIELD,VT,05905,-71.633403,44.749644,50,009,950100,1
"4050 VT ROUTE 114 CANAAN, VT 05903 ",4050,VT ROUTE 114,CANAAN,VT,05903,-71.619108,45.009738,50,009,950100,2
"0 VT ROUTE 114 CANAAN, VT 05903 ",0,VT ROUTE 114,CANAAN,VT,05903,-71.596447,45.012218,50,009,950100,2
"5560 MAIDSTONE LAKE RD MAIDSTONE, VT 05905 ",5560,MAIDSTONE LAKE RD,MAIDSTONE,VT,05905,-71.64153,44.642686,50,009,950100,1
"0 LAKE RD LUNENBURG, VT 05906 ",0,LAKE RD,LUNENBURG,VT,05906,-71.689093,44.492455,50,009,950500,1
"0 KIMBALL RD LUNENBURG, VT 05906 ",0,KIMBALL RD,LUNENBURG,VT,05906,-71.705923,44.47889,50,009,950500,1
"31 MAPLE ST EAST HAVEN, VT 05837 ",31,MAPLE ST,EAST HAVEN,VT,05837,-71.890649,44.64229,50,009,950500,1
"54 CHAMBERLAIN RD CANAAN, VT 05903 ",54,CHAMBERLAIN RD,CANAAN,VT,05903,-71.549534,44.968652,50,009,950100,2
"58 PLEASANT ST BRIGHTON, VT 05846 ",58,PLEASANT ST,BRIGHTON,VT,05846,-71.884175,44.809957,50,009,950200,1
"5470 MAIDSTONE LAKE RD MAIDSTONE, VT 05905 ",5470,MAIDSTONE LAKE RD,MAIDSTONE,VT,05905,-71.641272,44.644524,50,009,950100,1
"538 OREGON RD CONCORD, VT 05906 ",538,OREGON RD,CONCORD,VT,05906,-71.771295,44.45786,50,009,950500,2
"7032 VT ROUTE 114 CANAAN, VT 05903 ",7032,VT ROUTE 114,CANAAN,VT,05903,-71.678454,45.006563,50,009,950100,2
"1365 CHARLESTON RD BRIGHTON, VT 05846 ",1365,CHARLESTON RD,BRIGHTON,VT,05846,-71.913121,44.79475,50,009,950200,1
"0 FUND RD CANAAN, VT 05903 ",0,FUND RD,CANAAN,VT,05903,-71.581871,44.988284,50,009,950100,2
"6225 VT ROUTE 102 LEMINGTON, VT 05905 ",6225,VT ROUTE 102,LEMINGTON,VT,05905,-71.509552,44.898324,50,009,950100,1
"15 S LUNENBURG RD LUNENBURG, VT 05906 ",15,S   LUNENBURG RD,LUNENBURG,VT,05906,-71.681874,44.462788,50,009,950500,3
"617 SAWMILL RD CONCORD, VT 05824 ",617,SAWMILL RD,CONCORD,VT,05824,-71.898553,44.441263,50,009,950500,2
"4176 VICTORY RD VICTORY, VT 05858 ",4176,VICTORY RD,VICTORY,VT,05858,-71.786363,44.575117,50,009,950500,1
"2303 BOBBIN MILL RD LUNENBURG, VT 05906 ",2303,BOBBIN MILL RD,LUNENBURG,VT,05906,-71.649906,44.477775,50,009,950500,1
"967 LAKE STATION RD NORTON, VT 05907 ",967,LAKE STATION RD,NORTON,VT,05907,-71.854551,44.952774,50,009,950100,1
"3022 CANAAN HILL RD CANAAN, VT 05903 ",3022,CANAAN HILL RD,CANAAN,VT,05903,-71.590607,44.973936,50,009,950100,2
"80 NEAL POND ACCESS RD LUNENBURG, VT 05906 ",80,NEAL POND ACCESS RD,LUNENBURG,VT,05906,-71.691023,44.482507,50,009,950500,1
"4955 VT ROUTE 102 GUILDHALL, VT 05905 ",4955,VT ROUTE 102,GUILDHALL,VT,05905,-71.600631,44.558469,50,009,950500,1
"6332 VT ROUTE 102 GUILDHALL, VT 05905 ",6332,VT ROUTE 102,GUILDHALL,VT,05905,-71.578606,44.566236,50,009,950500,1
"83 BRADLEY RD AVERILL, VT 05901 ",83,BRADLEY RD,AVERILL,VT,05901,-71.710458,44.983421,50,009,950100,1
"72 MEADOW ST BRIGHTON, VT 05846 ",72,MEADOW ST,BRIGHTON,VT,05846,-71.887422,44.81666,50,009,950200,1
"0 RICHARD BLVD EAST HAVEN, VT 05837 ",0,RICHARD BLVD,EAST HAVEN,VT,05837,-71.8761,44.635375,50,009,950500,1
"1450 NEWARK RD BRIGHTON, VT 05846 ",1450,NEWARK RD,BRIGHTON,VT,05846,-71.930646,44.775007,50,009,950200,1
"344 POWER HOUSE RD CANAAN, VT 05903 ",344,POWER HOUSE RD,CANAAN,VT,05903,-71.530545,44.999655,50,009,950100,2
"3570 VT ROUTE 102 MAIDSTONE, VT 05905 ",3570,VT ROUTE 102,MAIDSTONE,VT,05905,-71.559693,44.61181,50,009,950100,1
"63 WILLSON RD LUNENBURG, VT 05906 ",63,WILLSON RD,LUNENBURG,VT,05906,-71.692877,44.484364,50,009,950500,1
"74 KYMACK RD MAIDSTONE, VT 05905 ",74,KYMACK RD,MAIDSTONE,VT,05905,-71.588065,44.599416,50,009,950100,1
"4400 VT ROUTE 114 CANAAN, VT 05903 ",4400,VT ROUTE 114,CANAAN,VT,05903,-71.626228,45.010644,50,009,950100,2
"1025 US ROUTE 2 GUILDHALL, VT 05905 ",1025,US ROUTE 2,GUILDHALL,VT,05905,-71.596833,44.495737,50,009,950500,1
"0 BOBBIN MILL RD LUNENBURG, VT 05906 ",0,BOBBIN MILL RD,LUNENBURG,VT,05906,-71.682231,44.463557,50,009,950500,1
"23 CREAMERY RD LUNENBURG, VT 05906 ",23,CREAMERY RD,LUNENBURG,VT,05906,-71.690128,44.463161,50,009,950500,1
"1499 ROYALSTON CORNER RD CONCORD, VT 05824 ",1499,ROYALSTON CORNER RD,CONCORD,VT,05824,-71.856979,44.432101,50,009,950500,2
"0 BOBBIN MILL RD LUNENBURG, VT 05906 ",0,BOBBIN MILL RD,LUNENBURG,VT,05906,-71.678342,44.472295,50,009,950500,1
"0 S LUNENBURG RD LUNENBURG, VT 05906 ",0,S  LUNENBURG RD,LUNENBURG,VT,05906,-71.673335,44.443752,50,009,950500,3
"0 VT ROUTE 102 BLOOMFIELD, VT 05905 ",0,VT ROUTE 102,BLOOMFIELD,VT,05905,-71.575348,44.8115,50,009,950100,1
"1397 LAKESHORE DR BRIGHTON, VT 05846 ",1397,LAKESHORE DR,BRIGHTON,VT,05846,-71.858098,44.805155,50,009,950200,1
"0 WENTWORTH RD LUNENBURG, VT 05906 ",0,WENTWORTH RD,LUNENBURG,VT,05906,-71.706291,44.453457,50,009,950500,3
"351 LAMOTTE RD GUILDHALL, VT 05905 ",351,LAMOTTE RD,GUILDHALL,VT,05905,-71.649584,44.513732,50,009,950500,1
"190 BOYS CAMP RD LUNENBURG, VT 05906 ",190,BOYS CAMP RD,LUNENBURG,VT,05906,-71.695806,44.491431,50,009,950500,1
"2901 VT ROUTE 102 BLOOMFIELD, VT 05905 ",2901,VT ROUTE 102,BLOOMFIELD,VT,05905,-71.597647,44.780348,50,009,950100,1
"2692 HALL RD MAIDSTONE, VT 05905 ",2692,HALL RD,MAIDSTONE,VT,05905,-71.633377,44.638594,50,009,950100,1
"936 VT ROUTE 114 EAST HAVEN, VT 05837 ",936,VT ROUTE 114,EAST HAVEN,VT,05837,-71.889262,44.65148,50,009,950500,1
"240 LABAY PL EAST HAVEN, VT 05837 ",240,LABAY PL,EAST HAVEN,VT,05837,-71.841035,44.69481,50,009,950500,1
"0 COMMERCIAL AVE LUNENBURG, VT 05904 ",0,COMMERCIAL AVE,LUNENBURG,VT,05904,-71.721937,44.41313,50,009,950500,3
"186 SIMONDS RD LUNENBURG, VT 05906 ",186,SIMONDS RD,LUNENBURG,VT,05906,-71.652459,44.49941,50,009,950500,1
"138 ALBERTS WAY AVERILL, VT 05901 ",138,ALBERTS WAY,AVERILL,VT,05901,-71.684848,44.983895,50,009,950100,1
"966 S LUNENBURG RD LUNENBURG, VT 05906 ",966,S   LUNENBURG RD,LUNENBURG,VT,05906,-71.674834,44.43857,50,009,950500,3
"4 ATWOOD DR BRIGHTON, VT 05846 ",4,ATWOOD DR,BRIGHTON,VT,05846,-71.837281,44.777139,50,009,950200,1
"1037 WESTSIDE LAKE RD MAIDSTONE, VT 05905 ",1037,WESTSIDE LAKE RD,MAIDSTONE,VT,05905,-71.652934,44.654006,50,009,950100,1
"21 WENDEL RD CONCORD, VT 05824 ",21,WENDEL RD,CONCORD,VT,05824,-71.869846,44.455862,50,009,950500,2
"2872 VT ROUTE 102 BLOOMFIELD, VT 05905 ",2872,VT ROUTE 102,BLOOMFIELD,VT,05905,-71.59644,44.779668,50,009,950100,1
"124 KINGSLEY RD CANAAN, VT 05903 ",124,KINGSLEY RD,CANAAN,VT,05903,-71.534985,44.997043,50,009,950100,2
"43 JACKSON LODGE RD CANAAN, VT 05903 ",43,JACKSON LODGE RD,CANAAN,VT,05903,-71.615144,45.009984,50,009,950100,2
"2002 W LUNENBURG RD LUNENBURG, VT 05906 ",2002,W   LUNENBURG RD,LUNENBURG,VT,05906,-71.771317,44.467255,50,009,950500,1
"377 WESTSIDE LAKE RD MAIDSTONE, VT 05905 ",377,WESTSIDE LAKE RD,MAIDSTONE,VT,05905,-71.648994,44.663007,50,009,950100,1
"856 TEN MILE SQUARE RD BRIGHTON, VT 05846 ",856,TEN MILE SQUARE RD,BRIGHTON,VT,05846,-71.916535,44.830978,50,009,950200,1
"32 PRIVATE WEST 5 MAIDSTONE, VT 05905 ",32,PRIVATE WEST 5,MAIDSTONE,VT,05905,-71.653049,44.6545,50,009,950100,1
"465 SCHOOL ST EAST HAVEN, VT 05837 ",465,SCHOOL ST,EAST HAVEN,VT,05837,-71.891059,44.64455,50,009,950500,1
"37 PAQUETTE ST BRIGHTON, VT 05846 ",37,PAQUETTE ST,BRIGHTON,VT,05846,-71.884484,44.816732,50,009,950200,1
"1358 RIVER RD LUNENBURG, VT 05906 ",1358,RIVER RD,LUNENBURG,VT,05906,-71.679266,44.436325,50,009,950500,3
"2977 VT ROUTE 114 WARRENS GORE, VT 05907 ",2977,VT ROUTE 114,WARRENS GORE,VT,05907,-71.871181,44.930544,50,009,950100,1
"283 NORTON RD BRIGHTON, VT 05846 ",283,NORTON RD,BRIGHTON,VT,05846,-71.905885,44.828355,50,009,950200,1
"0 VT ROUTE 253 CANAAN, VT 05902 ",0,VT ROUTE 253,CANAAN,VT,05902,-71.507383,45.009567,50,009,950100,2
"46 ALBERTS WAY AVERILL, VT 05901 ",46,ALBERTS WAY,AVERILL,VT,05901,-71.685206,44.985297,50,009,950100,1
"648 E MAIN ST LUNENBURG, VT 05906 ",648,E  MAIN ST,LUNENBURG,VT,05906,-71.657055,44.463534,50,009,950500,3
"1930 VT ROUTE 105 BLOOMFIELD, VT 05905 ",1930,VT ROUTE 105,BLOOMFIELD,VT,05905,-71.647113,44.775571,50,009,950100,1
"166 FOLSOM AVE CONCORD, VT 05824 ",166,FOLSOM AVE,CONCORD,VT,05824,-71.884927,44.430749,50,009,950500,2
"571 LOST NATION RD EAST HAVEN, VT 05837 ",571,LOST NATION RD,EAST HAVEN,VT,05837,-71.873782,44.677414,50,009,950500,1
"89 RANDOM VALE BRIGHTON, VT 05846 ",89,RANDOM VALE,BRIGHTON,VT,05846,-71.869184,44.793507,50,009,950200,1
"3419 VT ROUTE 114 S NORTON, VT 05907 ",3419,VT ROUTE 114  S,NORTON,VT,05907,-71.820388,44.964951,50,009,950100,1
"93 LEONARD HILL RD CONCORD, VT 05824 ",93,LEONARD HILL RD,CONCORD,VT,05824,-71.756806,44.425098,50,009,950500,2
"0 MAIDSTONE LAKE RD MAIDSTONE, VT 05905 ",0,MAIDSTONE LAKE RD,MAIDSTONE,VT,05905,-71.645191,44.66294,50,009,950100,1
"37 STAGECOACH RD CONCORD, VT 05824 ",37,STAGECOACH RD,CONCORD,VT,05824,-71.857173,44.40136,50,009,950500,2
"441 N CONCORD RD CONCORD, VT 05858 ",441,N  CONCORD RD,CONCORD,VT,05858,-71.86393,44.460442,50,009,950500,2
"1428 PLEASANT ST BRIGHTON, VT 05846 ",1428,PLEASANT ST,BRIGHTON,VT,05846,-71.871072,44.79257,50,009,950200,1
"6 NOTCH POND RD FERDINAND, VT 05905 ",6,NOTCH POND RD,FERDINAND,VT,05905,-71.71988,44.741319,50,009,950100,1
"0 SHADOW LAKE RD CONCORD, VT 05824 ",0,SHADOW LAKE RD,CONCORD,VT,05824,-71.868394,44.402288,50,009,950500,2
"0 TODD HILL RD CANAAN, VT 05903 ",0,TODD HILL RD,CANAAN,VT,05903,-71.543462,44.925704,50,009,950100,2
"0 WENTWORTH RD LUNENBURG, VT 05906 ",0,WENTWORTH RD,LUNENBURG,VT,05906,-71.706469,44.45323,50,009,950500,3
"0 RIVER RD LUNENBURG, VT 05906 ",0,RIVER RD,LUNENBURG,VT,05906,-71.680087,44.436579,50,009,950500,3
"2418 RIVER RD LUNENBURG, VT 05904 ",2418,RIVER RD,LUNENBURG,VT,05904,-71.703314,44.415939,50,009,950500,3
"0 JOHNSON RD CONCORD, VT 05824 ",0,JOHNSON RD,CONCORD,VT,05824,-71.818249,44.3978,50,009,950500,2
"0 POND HILL RD LUNENBURG, VT 05906 ",0,POND HILL RD,LUNENBURG,VT,05906,-71.695798,44.482676,50,009,950500,1
"518 NORTH RD GUILDHALL, VT 05905 ",518,NORTH RD,GUILDHALL,VT,05905,-71.591168,44.57412,50,009,950500,1
"2985 LOST NATION RD EAST HAVEN, VT 05837 ",2985,LOST NATION RD,EAST HAVEN,VT,05837,-71.843812,44.698049,50,009,950500,1
"72 MILES LN CONCORD, VT 05824 ",72,MILES LN,CONCORD,VT,05824,-71.813113,44.449831,50,009,950500,2
"0 FOREST LAKE RD AVERILL, VT 05901 ",0,FOREST LAKE RD,AVERILL,VT,05901,-71.70524,44.999377,50,009,950100,1
"248 COWAN RD AVERILL, VT 05901 ",248,COWAN RD,AVERILL,VT,05901,-71.706087,44.96127,50,009,950100,1
"2358 RIVER RD LUNENBURG, VT 05904 ",2358,RIVER RD,LUNENBURG,VT,05904,-71.702036,44.417279,50,009,950500,3
"0 S LUNENBURG RD LUNENBURG, VT 05906 ",0,S   LUNENBURG RD,LUNENBURG,VT,05906,-71.674087,44.438936,50,009,950500,3
"0 CEDAR ST LUNENBURG, VT 05904 ",0,CEDAR ST,LUNENBURG,VT,05904,-71.720662,44.414887,50,009,950500,3
"625 OREGON RD CONCORD, VT 05906 ",625,OREGON RD,CONCORD,VT,05906,-71.770116,44.456631,50,009,950500,2
"57 RIVA VUE RD LUNENBURG, VT 05906 ",57,RIVA VUE RD,LUNENBURG,VT,05906,-71.671415,44.481873,50,009,950500,1
"771 RAILROAD ST BRIGHTON, VT 05846 ",771,RAILROAD ST,BRIGHTON,VT,05846,-71.893356,44.821514,50,009,950200,1
"1015 BROUSSEAU MOUNTAIN RD NORTON, VT 05907 ",1015,BROUSSEAU MOUNTAIN RD,NORTON,VT,05907,-71.740014,44.981443,50,009,950100,1
"1414 HUDSON RD CANAAN, VT 05903 ",1414,HUDSON RD,CANAAN,VT,05903,-71.56349,44.948001,50,009,950100,2
"4767 VT ROUTE 102 GUILDHALL, VT 05905 ",4767,VT ROUTE 102,GUILDHALL,VT,05905,-71.600098,44.554093,50,009,950500,1
"3856 HEAD OF THE POND RD BRIGHTON, VT 05846 ",3856,HEAD OF THE POND RD,BRIGHTON,VT,05846,-71.81421,44.78446,50,009,950200,1
"1124 VICTORY RD CONCORD, VT 05858 ",1124,VICTORY RD,CONCORD,VT,05858,-71.864427,44.482832,50,009,950500,2
"616 E MAIN ST LUNENBURG, VT 05906 ",616,E  MAIN ST,LUNENBURG,VT,05906,-71.659163,44.463961,50,009,950500,3
"3589 FELLOWS RD GUILDHALL, VT 05905 ",3589,FELLOWS RD,GUILDHALL,VT,05905,-71.63672,44.54841,50,009,950500,1
"310 WHITING RD LUNENBURG, VT 05906 ",310,WHITING RD,LUNENBURG,VT,05906,-71.718186,44.523228,50,009,950500,1
"377 JUDD RD CANAAN, VT 05903 ",377,JUDD RD,CANAAN,VT,05903,-71.553581,44.998712,50,009,950100,2
"1764 BAPTIST HILL RD LUNENBURG, VT 05906 ",1764,BAPTIST HILL RD,LUNENBURG,VT,05906,-71.719218,44.421324,50,009,950500,3
"4213 VT ROUTE 114 CANAAN, VT 05903 ",4213,VT ROUTE 114,CANAAN,VT,05903,-71.622496,45.009963,50,009,950100,2
"111 W MAIN ST LUNENBURG, VT 05906 ",111,W  MAIN ST,LUNENBURG,VT,05906,-71.686727,44.462709,50,009,950500,3
"3327 VT ROUTE 114 S NORTON, VT 05907 ",3327,VT ROUTE 114  S,NORTON,VT,05907,-71.818757,44.965696,50,009,950100,1
"197 VT ROUTE 102 MAIDSTONE, VT 05905 ",197,VT ROUTE 102,MAIDSTONE,VT,05905,-71.558919,44.574317,50,009,950100,1
"177 JACKSON RD AVERILL, VT 05901 ",177,JACKSON RD,AVERILL,VT,05901,-71.715669,44.985176,50,009,950100,1
"250 RED CEDAR TRL BLOOMFIELD, VT 05905 ",250,RED CEDAR TRL,BLOOMFIELD,VT,05905,-71.580417,44.832395,50,009,950100,1
"2521 VT ROUTE 114 CANAAN, VT 05903 ",2521,VT ROUTE 114,CANAAN,VT,05903,-71.589662,45.008108,50,009,950100,2
"505 BOUDLE RD BLOOMFIELD, VT 05905 ",505,BOUDLE RD,BLOOMFIELD,VT,05905,-71.669265,44.826223,50,009,950100,1
"5868 MAIDSTONE LAKE RD MAIDSTONE, VT 05905 ",5868,MAIDSTONE LAKE RD,MAIDSTONE,VT,05905,-71.642455,44.639654,50,009,950100,1
"3852 MAIDSTONE LAKE RD MAIDSTONE, VT 05905 ",3852,MAIDSTONE LAKE RD,MAIDSTONE,VT,05905,-71.647451,44.664801,50,009,950100,1
"235 GLENSIDE LN CONCORD, VT 05858 ",235,GLENSIDE LN,CONCORD,VT,05858,-71.860308,44.469568,50,009,950500,2
"196 JACKSON LODGE VLG CANAAN, VT 05903 ",196,JACKSON LODGE VLG,CANAAN,VT,05903,-71.613504,45.011861,50,009,950100,2
"56 S LUNENBURG RD LUNENBURG, VT 05906 ",56,S   LUNENBURG RD,LUNENBURG,VT,05906,-71.6825,44.46155,50,009,950500,3
"1005 ROYALSTON CORNER RD CONCORD, VT 05824 ",1005,ROYALSTON CORNER RD,CONCORD,VT,05824,-71.866588,44.432802,50,009,950500,2
"1351 BOBBIN MILL RD LUNENBURG, VT 05906 ",1351,BOBBIN MILL RD,LUNENBURG,VT,05906,-71.664731,44.496648,50,009,950500,1
"921 LAKE STATION RD NORTON, VT 05907 ",921,LAKE STATION RD,NORTON,VT,05907,-71.852895,44.953355,50,009,950100,1
"44 GALE ST CANAAN, VT 05903 ",44,GALE ST,CANAAN,VT,05903,-71.535671,44.996213,50,009,950100,2
"285 DANCE HALL RD LUNENBURG, VT 05906 ",285,DANCE HALL RD,LUNENBURG,VT,05906,-71.759206,44.461651,50,009,950500,3
"3180 BEAR HILL RD MAIDSTONE, VT 05905 ",3180,BEAR HILL RD,MAIDSTONE,VT,05905,-71.571589,44.614892,50,009,950100,1
"668 NEWARK RD BRIGHTON, VT 05846 ",668,NEWARK RD,BRIGHTON,VT,05846,-71.920922,44.782049,50,009,950200,1
"646 VT ROUTE 105 BLOOMFIELD, VT 05905 ",646,VT ROUTE 105,BLOOMFIELD,VT,05905,-71.641018,44.759273,50,009,950100,1
"1579 E BRIGHTON RD BRIGHTON, VT 05846 ",1579,E  BRIGHTON RD,BRIGHTON,VT,05846,-71.856799,44.808356,50,009,950200,1
"1206 ROYALSTON CORNER RD CONCORD, VT 05824 ",1206,ROYALSTON CORNER RD,CONCORD,VT,05824,-71.862637,44.431216,50,009,950500,2
"200 MAILLETT RD LUNENBURG, VT 05906 ",200,MAILLETT RD,LUNENBURG,VT,05906,-71.692721,44.457519,50,009,950500,3
"243 RAILROAD ST BRIGHTON, VT 05846 ",243,RAILROAD ST,BRIGHTON,VT,05846,-71.885284,44.816464,50,009,950200,1
"19 GRAHAM RD BRUNSWICK, VT 05905 ",19,GRAHAM RD,BRUNSWICK,VT,05905,-71.633699,44.749322,50,009,950100,1
"1435 VT ROUTE 114 EAST HAVEN, VT 05837 ",1435,VT ROUTE 114,EAST HAVEN,VT,05837,-71.891702,44.659372,50,009,950500,1
"113 CURRAN AVE BRIGHTON, VT 05846 ",113,CURRAN AVE,BRIGHTON,VT,05846,-71.878324,44.818685,50,009,950200,1
"0 POND HILL RD LUNENBURG, VT 05906 ",0,POND HILL RD,LUNENBURG,VT,05906,-71.691875,44.479892,50,009,950500,1
"707 DUBEAU RD CANAAN, VT 05903 ",707,DUBEAU RD,CANAAN,VT,05903,-71.632114,44.997518,50,009,950100,2
"0 S LUNENBURG RD LUNENBURG, VT 05906 ",0,S   LUNENBURG RD,LUNENBURG,VT,05906,-71.681765,44.462056,50,009,950500,3
"0 BAPTIST HILL RD LUNENBURG, VT 05906 ",0,BAPTIST HILL RD,LUNENBURG,VT,05906,-71.707,44.454702,50,009,950500,3
"7217 VT ROUTE 102 LEMINGTON, VT 05905 ",7217,VT ROUTE 102,LEMINGTON,VT,05905,-71.505956,44.909439,50,009,950100,1
"18 CROSS ST BRIGHTON, VT 05846 ",18,CROSS ST,BRIGHTON,VT,05846,-71.881315,44.814815,50,009,950200,1
"0 COLBY RD LUNENBURG, VT 05906 ",0,COLBY RD,LUNENBURG,VT,05906,-71.672357,44.512958,50,009,950500,1
"424 GEORGES BLVD EAST HAVEN, VT 05837 ",424,GEORGES BLVD,EAST HAVEN,VT,05837,-71.86723,44.640273,50,009,950500,1
"1633 OREGON RD CONCORD, VT 05906 ",1633,OREGON RD,CONCORD,VT,05906,-71.761915,44.443589,50,009,950500,2
"2274 EAST HAVEN RD BRIGHTON, VT 05846 ",2274,EAST HAVEN RD,BRIGHTON,VT,05846,-71.902345,44.767232,50,009,950200,1
"298 COLBY RD LUNENBURG, VT 05906 ",298,COLBY RD,LUNENBURG,VT,05906,-71.676652,44.48582,50,009,950500,1
"131 CHURCH HILL RD NORTON, VT 05907 ",131,CHURCH HILL RD,NORTON,VT,05907,-71.797438,45.001308,50,009,950100,1
"63 BRADLEY RD AVERILL, VT 05901 ",63,BRADLEY RD,AVERILL,VT,05901,-71.711167,44.983627,50,009,950100,1
"629 HAGAN RD LUNENBURG, VT 05906 ",629,HAGAN RD,LUNENBURG,VT,05906,-71.719176,44.49038,50,009,950500,1
"3603 VT ROUTE 102 CANAAN, VT 05903 ",3603,VT ROUTE 102,CANAAN,VT,05903,-71.526509,44.957321,50,009,950100,2
"554 HEAD OF THE POND RD BRIGHTON, VT 05846 ",554,HEAD OF THE POND RD,BRIGHTON,VT,05846,-71.865571,44.783365,50,009,950200,1
"135 AUBURN STAR RD LUNENBURG, VT 05906 ",135,AUBURN STAR RD,LUNENBURG,VT,05906,-71.622113,44.480875,50,009,950500,1
"0 BAPTIST HILL RD LUNENBURG, VT 05906 ",0,BAPTIST HILL RD,LUNENBURG,VT,05906,-71.724669,44.435696,50,009,950500,3
"107 POWER HOUSE RD CANAAN, VT 05903 ",107,POWER HOUSE RD,CANAAN,VT,05903,-71.533962,44.997118,50,009,950100,2
"0 ROULEAU RD CANAAN, VT 05902 ",0,ROULEAU RD,CANAAN,VT,05902,-71.498008,45.004415,50,009,950100,2
"8845 GRANBY RD GRANBY, VT 05858 ",8845,GRANBY RD,GRANBY,VT,05858,-71.755902,44.571064,50,009,950500,1
"42 OBRIEN LN NORTON, VT 05907 ",42,OBRIEN LN,NORTON,VT,05907,-71.793583,45.008601,50,009,950100,1
"4121 CANAAN HILL RD CANAAN, VT 05903 ",4121,CANAAN HILL RD,CANAAN,VT,05903,-71.609699,44.976568,50,009,950100,2
"946 E BRIGHTON RD BRIGHTON, VT 05846 ",946,E  BRIGHTON RD,BRIGHTON,VT,05846,-71.865159,44.815092,50,009,950200,1
"330 GAUDETTE RD NORTON, VT 05907 ",330,GAUDETTE RD,NORTON,VT,05907,-71.749792,44.994032,50,009,950100,1
"349 JACKSON RD AVERILL, VT 05901 ",349,JACKSON RD,AVERILL,VT,05901,-71.712991,44.984234,50,009,950100,1
"242 KIRBY MOUNTAIN RD CONCORD, VT 05824 ",242,KIRBY MOUNTAIN RD,CONCORD,VT,05824,-71.910888,44.444519,50,009,950500,2
"43 COURTHOUSE DR GUILDHALL, VT 05905 ",43,COURTHOUSE DR,GUILDHALL,VT,05905,-71.561878,44.565433,50,009,950500,1
"367 RIVER RD CANAAN, VT 05902 ",367,RIVER RD,CANAAN,VT,05902,-71.500968,45.007256,50,009,950100,2
"0 CANAAN HILL RD CANAAN, VT 05903 ",0,CANAAN HILL RD,CANAAN,VT,05903,-71.551273,44.981757,50,009,950100,2
"107 BLUEBERRY LN BRIGHTON, VT 05846 ",107,BLUEBERRY LN,BRIGHTON,VT,05846,-71.871848,44.799267,50,009,950200,1
"0 GRAY RD CANAAN, VT 05903 ",0,GRAY RD,CANAAN,VT,05903,-71.588632,44.959794,50,009,950100,2
"134 CANAAN MOBILE HOME PARK CANAAN, VT 05903 ",134,CANAAN MOBILE HOME PARK,CANAAN,VT,05903,-71.541949,44.995504,50,009,950100,2
"114 MAIN ST CONCORD, VT 05824 ",114,MAIN ST,CONCORD,VT,05824,-71.893455,44.429925,50,009,950500,2
"124 MOUNTAIN ST BRIGHTON, VT 05846 ",124,MOUNTAIN ST,BRIGHTON,VT,05846,-71.880499,44.818369,50,009,950200,1
"0 GUILDHALL HILL RD LUNENBURG, VT 05906 ",0,GUILDHALL HILL RD,LUNENBURG,VT,05906,-71.660061,44.499386,50,009,950500,1
"1401 VT ROUTE 114 S NORTON, VT 05907 ",1401,VT ROUTE 114   S,NORTON,VT,05907,-71.807664,44.991091,50,009,950100,1
"0 VT ROUTE 253 CANAAN, VT 05902 ",0,VT ROUTE 253,CANAAN,VT,05902,-71.508412,45.010033,50,009,950100,2
"169 MAILLETT RD LUNENBURG, VT 05906 ",169,MAILLETT RD,LUNENBURG,VT,05906,-71.691673,44.458189,50,009,950500,3
"159 KYMACK RD MAIDSTONE, VT 05905 ",159,KYMACK RD,MAIDSTONE,VT,05905,-71.583444,44.599908,50,009,950100,1
"47 PRIVATE WEST 6 MAIDSTONE, VT 05905 ",47,PRIVATE WEST 6,MAIDSTONE,VT,05905,-71.652004,44.651948,50,009,950100,1
"318 COWAN RD AVERILL, VT 05901 ",318,COWAN RD,AVERILL,VT,05901,-71.706655,44.960011,50,009,950100,1
"2430 NORTH RD MAIDSTONE, VT 05905 ",2430,NORTH RD,MAIDSTONE,VT,05905,-71.590444,44.596772,50,009,950100,1
"730 CAMPERS LN CONCORD, VT 05824 ",730,CAMPERS LN,CONCORD,VT,05824,-71.807861,44.443917,50,009,950500,2
"20 HOLMES ST CANAAN, VT 05903 ",20,HOLMES ST,CANAAN,VT,05903,-71.53191,45.000222,50,009,950100,2
"32 LAKE VIEW RD NORTON, VT 05907 ",32,LAKE VIEW RD,NORTON,VT,05907,-71.717275,44.99484,50,009,950100,1
"4423 E BRIGHTON RD BRIGHTON, VT 05846 ",4423,E  BRIGHTON RD,BRIGHTON,VT,05846,-71.813723,44.789471,50,009,950200,1
"891 BAPTIST HILL RD LUNENBURG, VT 05906 ",891,BAPTIST HILL RD,LUNENBURG,VT,05906,-71.720413,44.442478,50,009,950500,3
"137 JACKSON LODGE RD CANAAN, VT 05903 ",137,JACKSON LODGE RD,CANAAN,VT,05903,-71.613873,45.011159,50,009,950100,2
"66 NATHAN ST CANAAN, VT 05903 ",66,NATHAN ST,CANAAN,VT,05903,-71.539661,44.99811,50,009,950100,2
"34 CLARK ST BRIGHTON, VT 05846 ",34,CLARK ST,BRIGHTON,VT,05846,-71.887442,44.81717,50,009,950200,1
"2921 PORRELL RD GRANBY, VT 05858 ",2921,PORRELL RD,GRANBY,VT,05858,-71.745511,44.609331,50,009,950500,1
"27 PARISH ST LUNENBURG, VT 05904 ",27,PARISH ST,LUNENBURG,VT,05904,-71.716495,44.414076,50,009,950500,3
"336 PAUL MENARD DR FERDINAND, VT 05846 ",336,PAUL MENARD DR,FERDINAND,VT,05846,-71.754361,44.777399,50,009,950100,1
"2174 WESTSIDE LAKE RD MAIDSTONE, VT 05905 ",2174,WESTSIDE LAKE RD,MAIDSTONE,VT,05905,-71.660315,44.642093,50,009,950100,1
"56 CEDAR ST LUNENBURG, VT 05904 ",56,CEDAR ST,LUNENBURG,VT,05904,-71.720079,44.41494,50,009,950500,3
"153 BOBBIN MILL RD LUNENBURG, VT 05906 ",153,BOBBIN MILL RD,LUNENBURG,VT,05906,-71.683161,44.467234,50,009,950500,1
"1998 OREGON RD CONCORD, VT 05906 ",1998,OREGON RD,CONCORD,VT,05906,-71.760116,44.438074,50,009,950500,2
"34 FOLSOM AVE CONCORD, VT 05824 ",34,FOLSOM AVE,CONCORD,VT,05824,-71.885797,44.429128,50,009,950500,2
"341 TUG MOUNTAIN RD LUNENBURG, VT 05906 ",341,TUG MOUNTAIN RD,LUNENBURG,VT,05906,-71.729626,44.515055,50,009,950500,1
"4205 VT ROUTE 102 BLOOMFIELD, VT 05905 ",4205,VT ROUTE 102,BLOOMFIELD,VT,05905,-71.57828,44.793143,50,009,950100,1
"1019 POND HILL RD LUNENBURG, VT 05906 ",1019,POND HILL RD,LUNENBURG,VT,05906,-71.703525,44.491938,50,009,950500,1
"238 BEACH RD AVERILL, VT 05901 ",238,BEACH RD,AVERILL,VT,05901,-71.68567,44.969988,50,009,950100,1
"104 BLUEBERRY LN BRIGHTON, VT 05846 ",104,BLUEBERRY LN,BRIGHTON,VT,05846,-71.87259,44.798909,50,009,950200,1
"87 HENRY RD NORTON, VT 05907 ",87,HENRY RD,NORTON,VT,05907,-71.759057,45.000978,50,009,950100,1
"4367 VT ROUTE 102 MAIDSTONE, VT 05905 ",4367,VT ROUTE 102,MAIDSTONE,VT,05905,-71.557023,44.623621,50,009,950100,1
"1223 GEORGES BLVD EAST HAVEN, VT 05837 ",1223,GEORGES BLVD,EAST HAVEN,VT,05837,-71.857507,44.632589,50,009,950500,1
"385 LOOP RD AVERILL, VT 05901 ",385,LOOP RD,AVERILL,VT,05901,-71.695251,44.967236,50,009,950100,1
"1741 W LUNENBURG RD LUNENBURG, VT 05906 ",1741,W  LUNENBURG RD,LUNENBURG,VT,05906,-71.761615,44.473657,50,009,950500,1
"0 BOBBIN MILL RD LUNENBURG, VT 05906 ",0,BOBBIN MILL RD,LUNENBURG,VT,05906,-71.661956,44.497525,50,009,950500,1
"0 VT ROUTE 102 BLOOMFIELD, VT 05905 ",0,VT ROUTE 102,BLOOMFIELD,VT,05905,-71.619889,44.757902,50,009,950100,1
"0 COLBY RD LUNENBURG, VT 05906 ",0,COLBY RD,LUNENBURG,VT,05906,-71.673378,44.517611,50,009,950500,1
"422 MCRAE RD BRIGHTON, VT 05846 ",422,MCRAE RD,BRIGHTON,VT,05846,-71.937135,44.800767,50,009,950200,1
"470 RAILROAD ST BRIGHTON, VT 05846 ",470,RAILROAD ST,BRIGHTON,VT,05846,-71.888113,44.819136,50,009,950200,1
"0 CEDAR ST LUNENBURG, VT 05904 ",0,CEDAR ST,LUNENBURG,VT,05904,-71.720319,44.415468,50,009,950500,3
"180 LAKE RD LUNENBURG, VT 05906 ",180,LAKE RD,LUNENBURG,VT,05906,-71.6889,44.493106,50,009,950500,1
"167 S LUNENBURG RD LUNENBURG, VT 05906 ",167,S  LUNENBURG RD,LUNENBURG,VT,05906,-71.681325,44.458727,50,009,950500,3
"0 BOYS CAMP RD LUNENBURG, VT 05906 ",0,BOYS CAMP RD,LUNENBURG,VT,05906,-71.696322,44.494966,50,009,950500,1
"7084 RIVER RD VICTORY, VT 05858 ",7084,RIVER RD,VICTORY,VT,05858,-71.846971,44.508504,50,009,950500,1
"160 ALL AMERICAN HWY CANAAN, VT 05903 ",160,ALL AMERICAN HWY,CANAAN,VT,05903,-71.588083,45.011117,50,009,950100,2
"1267 VT ROUTE 114 S NORTON, VT 05907 ",1267,VT ROUTE 114   S,NORTON,VT,05907,-71.806275,44.9925,50,009,950100,1
"697 VICTORY RD VICTORY, VT 05858 ",697,VICTORY RD,VICTORY,VT,05858,-71.84311,44.595621,50,009,950500,1
"0 SNOW HILL RD BLOOMFIELD, VT 05905 ",0,SNOW HILL RD,BLOOMFIELD,VT,05905,-71.625584,44.797941,50,009,950100,1
"1500 COTTAGE RD AVERILL, VT 05901 ",1500,COTTAGE RD,AVERILL,VT,05901,-71.69047,44.981648,50,009,950100,1
"1752 EAST HAVEN RD BRIGHTON, VT 05846 ",1752,EAST HAVEN RD,BRIGHTON,VT,05846,-71.906663,44.774789,50,009,950200,1
"0 VT ROUTE 114 CANAAN, VT 05903 ",0,VT ROUTE 114,CANAAN,VT,05903,-71.657713,45.006169,50,009,950100,2
"2482 RIVER RD LUNENBURG, VT 05904 ",2482,RIVER RD,LUNENBURG,VT,05904,-71.704987,44.415448,50,009,950500,3
"740 BOUCHER RD GUILDHALL, VT 05905 ",740,BOUCHER RD,GUILDHALL,VT,05905,-71.635997,44.525384,50,009,950500,1
"0 CLAY BROOK RD CANAAN, VT 05903 ",0,CLAY BROOK RD,CANAAN,VT,05903,-71.586458,44.96734,50,009,950100,2
"1751 SABLE MOUNTAIN RD AVERILL, VT 05901 ",1751,SABLE MOUNTAIN RD,AVERILL,VT,05901,-71.674318,44.925854,50,009,950100,1
"925 S LUNENBURG RD LUNENBURG, VT 05906 ",925,S   LUNENBURG RD,LUNENBURG,VT,05906,-71.673677,44.439986,50,009,950500,3
"227 BOBBIN MILL RD LUNENBURG, VT 05906 ",227,BOBBIN MILL RD,LUNENBURG,VT,05906,-71.682996,44.469305,50,009,950500,1
"809 JACKSON RD AVERILL, VT 05901 ",809,JACKSON RD,AVERILL,VT,05901,-71.707177,44.979358,50,009,950100,1
"2984 VT ROUTE 114 CANAAN, VT 05903 ",2984,VT ROUTE 114,CANAAN,VT,05903,-71.600397,45.008183,50,009,950100,2
"124 RIVERSIDE AVE LUNENBURG, VT 05906 ",124,RIVERSIDE AVE,LUNENBURG,VT,05906,-71.724999,44.412494,50,009,950500,3
"315 DERBY ST BRIGHTON, VT 05846 ",315,DERBY ST,BRIGHTON,VT,05846,-71.88522,44.809489,50,009,950200,1
"163 ENLIGHTENING VIEW LN BLOOMFIELD, VT 05905 ",163,ENLIGHTENING VIEW LN,BLOOMFIELD,VT,05905,-71.618847,44.760856,50,009,950100,1
"90 NATHAN ST CANAAN, VT 05903 ",90,NATHAN ST,CANAAN,VT,05903,-71.539318,44.997892,50,009,950100,2
"0 SPENCER HILL RD BLOOMFIELD, VT 05905 ",0,SPENCER HILL RD,BLOOMFIELD,VT,05905,-71.633186,44.757924,50,009,950100,1
"1121 W MAIN ST CONCORD, VT 05824 ",1121,W   MAIN ST,CONCORD,VT,05824,-71.904519,44.435231,50,009,950500,2
"23 FAIRCHILD DR BRIGHTON, VT 05846 ",23,FAIRCHILD DR,BRIGHTON,VT,05846,-71.839181,44.797899,50,009,950200,1
"74 MAPLE TREE LN CONCORD, VT 05824 ",74,MAPLE TREE LN,CONCORD,VT,05824,-71.873132,44.405778,50,009,950500,2
"759 MITCHELL RD CONCORD, VT 05824 ",759,MITCHELL RD,CONCORD,VT,05824,-71.851365,44.394647,50,009,950500,2
"613 CHARLESTON RD BRIGHTON, VT 05846 ",613,CHARLESTON RD,BRIGHTON,VT,05846,-71.898598,44.799739,50,009,950200,1
"0 GORE RD AVERYS GORE, VT 05907 ",0,GORE RD,AVERYS GORE,VT,05907,-71.828172,44.899316,50,009,950100,1
"2492 WESTSIDE LAKE RD MAIDSTONE, VT 05905 ",2492,WESTSIDE LAKE RD,MAIDSTONE,VT,05905,-71.661968,44.637877,50,009,950100,1
"0 VT ROUTE 102 CANAAN, VT 05903 ",0,VT ROUTE 102,CANAAN,VT,05903,-71.543432,44.9832,50,009,950100,2
"4157 VT ROUTE 102 LEMINGTON, VT 05905 ",4157,VT ROUTE 102,LEMINGTON,VT,05905,-71.530864,44.87419,50,009,950100,1
"2387 BOBBIN MILL RD LUNENBURG, VT 05906 ",2387,BOBBIN MILL RD,LUNENBURG,VT,05906,-71.647573,44.475806,50,009,950500,1
"5032 MAIDSTONE LAKE RD MAIDSTONE, VT 05905 ",5032,MAIDSTONE LAKE RD,MAIDSTONE,VT,05905,-71.640378,44.651354,50,009,950100,1
"0 GALE ST CANAAN, VT 05903 ",0,GALE ST,CANAAN,VT,05903,-71.540055,44.997462,50,009,950100,2
"0 WENTWORTH RD LUNENBURG, VT 05906 ",0,WENTWORTH RD,LUNENBURG,VT,05906,-71.714738,44.456618,50,009,950500,3
"1812 E BRIGHTON RD BRIGHTON, VT 05846 ",1812,E  BRIGHTON RD,BRIGHTON,VT,05846,-71.853124,44.806448,50,009,950200,1
"1052 NEWARK RD BRIGHTON, VT 05846 ",1052,NEWARK RD,BRIGHTON,VT,05846,-71.925874,44.777589,50,009,950200,1
"38 MILL BROOK RD BLOOMFIELD, VT 05905 ",38,MILL BROOK RD,BLOOMFIELD,VT,05905,-71.598637,44.779303,50,009,950100,1
"989 GAUDETTE RD NORTON, VT 05907 ",989,GAUDETTE RD,NORTON,VT,05907,-71.749482,44.983822,50,009,950100,1
"85 WOODBURY DR CONCORD, VT 05824 ",85,WOODBURY DR,CONCORD,VT,05824,-71.755599,44.424249,50,009,950500,2
"0 RIVA VUE RD LUNENBURG, VT 05906 ",0,RIVA VUE RD,LUNENBURG,VT,05906,-71.67107,44.481991,50,009,950500,1
"1693 HEAD OF THE POND RD BRIGHTON, VT 05846 ",1693,HEAD OF THE POND RD,BRIGHTON,VT,05846,-71.847035,44.773767,50,009,950200,1
"449 VT ROUTE 114 EAST HAVEN, VT 05837 ",449,VT ROUTE 114,EAST HAVEN,VT,05837,-71.893737,44.645558,50,009,950500,1
"9033 GRANBY RD GRANBY, VT 05858 ",9033,GRANBY RD,GRANBY,VT,05858,-71.758734,44.569562,50,009,950500,1
"0 HURRICANE BROOK RD NORTON, VT 05907 ",0,HURRICANE BROOK RD,NORTON,VT,05907,-71.855116,44.953828,50,009,950100,1
"497 MAIN ST CONCORD, VT 05824 ",497,MAIN ST,CONCORD,VT,05824,-71.885743,44.428795,50,009,950500,2
"384 CHARLESTON RD BRIGHTON, VT 05846 ",384,CHARLESTON RD,BRIGHTON,VT,05846,-71.894339,44.801453,50,009,950200,1
"715 E MAIN ST CONCORD, VT 05824 ",715,E   MAIN ST,CONCORD,VT,05824,-71.873139,44.450241,50,009,950500,2
"714 COZY NOOK RD CONCORD, VT 05824 ",714,COZY NOOK RD,CONCORD,VT,05824,-71.760467,44.41492,50,009,950500,2
"0 ETHAN ALLEN DR CANAAN, VT 05903 ",0,ETHAN ALLEN DR,CANAAN,VT,05903,-71.540396,44.999623,50,009,950100,2
"995 NORTON RD BRIGHTON, VT 05846 ",995,NORTON RD,BRIGHTON,VT,05846,-71.908532,44.839517,50,009,950200,1
"500 STEVENS RD BLOOMFIELD, VT 05905 ",500,STEVENS RD,BLOOMFIELD,VT,05905,-71.58052,44.804913,50,009,950100,1
"15 RIVERSIDE AVE LUNENBURG, VT 05904 ",15,RIVERSIDE AVE,LUNENBURG,VT,05904,-71.720488,44.411806,50,009,950500,3
"0 VT ROUTE 114 CANAAN, VT 05903 ",0,VT ROUTE 114,CANAAN,VT,05903,-71.650568,45.006243,50,009,950100,2
"0 FULLER RD BLOOMFIELD, VT 05905 ",0,FULLER RD,BLOOMFIELD,VT,05905,-71.596814,44.784157,50,009,950100,1
"0 FORTY WINKS RD BRIGHTON, VT 05846 ",0,FORTY WINKS RD,BRIGHTON,VT,05846,-71.829561,44.76276,50,009,950200,1
"0 BAPTIST HILL RD LUNENBURG, VT 05906 ",0,BAPTIST HILL RD,LUNENBURG,VT,05906,-71.719825,44.444204,50,009,950500,3
"23 S LUNENBURG RD LUNENBURG, VT 05906 ",23,S   LUNENBURG RD,LUNENBURG,VT,05906,-71.681997,44.462544,50,009,950500,3
"96 CHARLOTTE LN CONCORD, VT 05824 ",96,CHARLOTTE LN,CONCORD,VT,05824,-71.872623,44.405824,50,009,950500,2
"1490 BOBBIN MILL RD LUNENBURG, VT 05906 ",1490,BOBBIN MILL RD,LUNENBURG,VT,05906,-71.66043,44.497548,50,009,950500,1
"0 SFH MAIDSTONE, VT 05905 ",0,SFH,MAIDSTONE,VT,05905,-71.645214,44.637078,50,009,950100,1
"26 CRANK RD BLOOMFIELD, VT 05905 ",26,CRANK RD,BLOOMFIELD,VT,05905,-71.575823,44.818195,50,009,950100,1
"0 S LUNENBURG RD LUNENBURG, VT 05906 ",0,S   LUNENBURG RD,LUNENBURG,VT,05906,-71.683186,44.460838,50,009,950500,3
"1760 VT ROUTE 114 E NORTON, VT 05907 ",1760,VT ROUTE 114   E,NORTON,VT,05907,-71.761569,45.002775,50,009,950100,1
"223 SONG BIRD DR CANAAN, VT 05903 ",223,SONG BIRD DR,CANAAN,VT,05903,-71.639961,45.01124,50,009,950100,2
"70 CANAAN MOBILE HOME PARK CANAAN, VT 05903 ",70,CANAAN MOBILE HOME PARK,CANAAN,VT,05903,-71.540623,44.995184,50,009,950100,2
"4275 VT ROUTE 102 MAIDSTONE, VT 05905 ",4275,VT ROUTE 102,MAIDSTONE,VT,05905,-71.557899,44.622563,50,009,950100,1
"2111 MASTEN RD VICTORY, VT 05858 ",2111,MASTEN RD,VICTORY,VT,05858,-71.882892,44.545484,50,009,950500,1
"0 SFH MAIDSTONE, VT 05905 ",0,SFH,MAIDSTONE,VT,05905,-71.654789,44.635648,50,009,950100,1
"0 GALE ST CANAAN, VT 05903 ",0,GALE ST,CANAAN,VT,05903,-71.542973,44.999429,50,009,950100,2
"1830 SPENCER HILL RD BLOOMFIELD, VT 05905 ",1830,SPENCER HILL RD,BLOOMFIELD,VT,05905,-71.62061,44.776493,50,009,950100,1
"965 HATCHERY BROOK RD AVERILL, VT 05901 ",965,HATCHERY BROOK RD,AVERILL,VT,05901,-71.688027,44.965964,50,009,950100,1
"1360 COLBY RD LUNENBURG, VT 05906 ",1360,COLBY RD,LUNENBURG,VT,05906,-71.673995,44.513836,50,009,950500,1
"115 W SIDE RD LUNENBURG, VT 05906 ",115,W  SIDE RD,LUNENBURG,VT,05906,-71.696686,44.487267,50,009,950500,1
"123 NELSON RD NORTON, VT 05907 ",123,NELSON RD,NORTON,VT,05907,-71.795778,45.009786,50,009,950100,1
"42 E MAIN ST LUNENBURG, VT 05906 ",42,E   MAIN ST,LUNENBURG,VT,05906,-71.680755,44.462957,50,009,950500,3
"5562 VT ROUTE 102 BLOOMFIELD, VT 05905 ",5562,VT ROUTE 102,BLOOMFIELD,VT,05905,-71.575246,44.811355,50,009,950100,1
"572 RIVER RD CANAAN, VT 05902 ",572,RIVER RD,CANAAN,VT,05902,-71.49741,45.005544,50,009,950100,2
"1438 VT ROUTE 102 MAIDSTONE, VT 05905 ",1438,VT ROUTE 102,MAIDSTONE,VT,05905,-71.547708,44.588361,50,009,950100,1
"747 HATCHERY BROOK RD AVERILL, VT 05901 ",747,HATCHERY BROOK RD,AVERILL,VT,05901,-71.692461,44.964111,50,009,950100,1
"2631 VT ROUTE 114 WARRENS GORE, VT 05907 ",2631,VT ROUTE 114,WARRENS GORE,VT,05907,-71.873464,44.929494,50,009,950100,1
"102 ALBERTS WAY AVERILL, VT 05901 ",102,ALBERTS WAY,AVERILL,VT,05901,-71.684924,44.984467,50,009,950100,1
"1865 W LUNENBURG RD LUNENBURG, VT 05906 ",1865,W   LUNENBURG RD,LUNENBURG,VT,05906,-71.765879,44.467051,50,009,950500,3
"0 VT ROUTE 114 CANAAN, VT 05903 ",0,VT ROUTE 114,CANAAN,VT,05903,-71.655009,45.005504,50,009,950100,2
"834 DUBEAU RD CANAAN, VT 05903 ",834,DUBEAU RD,CANAAN,VT,05903,-71.631443,44.995404,50,009,950100,2
"294 WALKER PIT RD CONCORD, VT 05824 ",294,WALKER PIT RD,CONCORD,VT,05824,-71.742132,44.410524,50,009,950500,2
"375 CHRISTIAN HL CANAAN, VT 05903 ",375,CHRISTIAN HL,CANAAN,VT,05903,-71.53286,44.999956,50,009,950100,2
"49 JACKSON LODGE VLG CANAAN, VT 05903 ",49,JACKSON LODGE VLG,CANAAN,VT,05903,-71.612381,45.011978,50,009,950100,2
"3472 FELLOWS RD GUILDHALL, VT 05905 ",3472,FELLOWS RD,GUILDHALL,VT,05905,-71.632493,44.548589,50,009,950500,1
"160 COMMERCIAL AVE LUNENBURG, VT 05904 ",160,COMMERCIAL AVE,LUNENBURG,VT,05904,-71.720896,44.41346,50,009,950500,3
"0 DENNIS POND RD BRUNSWICK, VT 05905 ",0,DENNIS POND RD,BRUNSWICK,VT,05905,-71.653134,44.726028,50,009,950100,1
"210 BOYS CAMP RD LUNENBURG, VT 05906 ",210,BOYS CAMP RD,LUNENBURG,VT,05906,-71.695573,44.492104,50,009,950500,1
"596 JUDD RD CANAAN, VT 05903 ",596,JUDD RD,CANAAN,VT,05903,-71.556988,44.996461,50,009,950100,2
"145 BURTS LN CONCORD, VT 05824 ",145,BURTS LN,CONCORD,VT,05824,-71.803719,44.44935,50,009,950500,2
"0 MAIDSTONE LAKE RD MAIDSTONE, VT 05905 ",0,MAIDSTONE LAKE RD,MAIDSTONE,VT,05905,-71.639903,44.651281,50,009,950100,1
"385 MAIN ST CONCORD, VT 05824 ",385,MAIN ST,CONCORD,VT,05824,-71.888002,44.428955,50,009,950500,2
"564 CLAY BROOK RD CANAAN, VT 05903 ",564,CLAY BROOK RD,CANAAN,VT,05903,-71.588696,44.962774,50,009,950100,2
"184 BOYS CAMP RD LUNENBURG, VT 05906 ",184,BOYS CAMP RD,LUNENBURG,VT,05906,-71.695945,44.491186,50,009,950500,1
"0 HENSHAW RD BRIGHTON, VT 05846 ",0,HENSHAW RD,BRIGHTON,VT,05846,-71.808768,44.839803,50,009,950200,1
"0 VT ROUTE 105 BLOOMFIELD, VT 05905 ",0,VT ROUTE 105,BLOOMFIELD,VT,05905,-71.64247,44.760936,50,009,950100,1
"110 ALBERTS WAY AVERILL, VT 05901 ",110,ALBERTS WAY,AVERILL,VT,05901,-71.684879,44.984372,50,009,950100,1
"0 VT ROUTE 102 BLOOMFIELD, VT 05905 ",0,VT ROUTE 102,BLOOMFIELD,VT,05905,-71.577862,44.79344,50,009,950100,1
"291 CUTTING RD CONCORD, VT 05824 ",291,CUTTING RD,CONCORD,VT,05824,-71.82311,44.395155,50,009,950500,2
"79 LOOP RD AVERILL, VT 05901 ",79,LOOP RD,AVERILL,VT,05901,-71.69529,44.963439,50,009,950100,1
"190 DERBY ST BRIGHTON, VT 05846 ",190,DERBY ST,BRIGHTON,VT,05846,-71.88453,44.811351,50,009,950200,1
"54 SOUTH ST CONCORD, VT 05824 ",54,SOUTH ST,CONCORD,VT,05824,-71.886652,44.426624,50,009,950500,2
"0 RIVER RD CANAAN, VT 05902 ",0,RIVER RD,CANAAN,VT,05902,-71.474237,45.011677,50,009,950100,2
"663 BOBBIN MILL RD LUNENBURG, VT 05906 ",663,BOBBIN MILL RD,LUNENBURG,VT,05906,-71.675423,44.479011,50,009,950500,1
"7116 VT ROUTE 102 GUILDHALL, VT 05905 ",7116,VT ROUTE 102,GUILDHALL,VT,05905,-71.562319,44.564527,50,009,950500,1
"243 W MAIN ST LUNENBURG, VT 05906 ",243,W  MAIN ST,LUNENBURG,VT,05906,-71.691435,44.461807,50,009,950500,3
"60 W MAIN ST LUNENBURG, VT 05906 ",60,W  MAIN ST,LUNENBURG,VT,05906,-71.684706,44.463437,50,009,950500,1
"277 LEWIS POND TRL LEWIS, VT 05907 ",277,LEWIS POND TRL,LEWIS,VT,05907,-71.78221,44.880659,50,009,950100,1
"69 BEACH DR CONCORD, VT 05858 ",69,BEACH DR,CONCORD,VT,05858,-71.802728,44.450632,50,009,950500,2
"1645 JACKSON RD AVERILL, VT 05901 ",1645,JACKSON RD,AVERILL,VT,05901,-71.697677,44.969375,50,009,950100,1
"303 DERBY ST BRIGHTON, VT 05846 ",303,DERBY ST,BRIGHTON,VT,05846,-71.885136,44.80966,50,009,950200,1
"1195 NEWARK RD BRIGHTON, VT 05846 ",1195,NEWARK RD,BRIGHTON,VT,05846,-71.927568,44.777344,50,009,950200,1
"30 FREEDOM WAY MAIDSTONE, VT 05905 ",30,FREEDOM WAY,MAIDSTONE,VT,05905,-71.616769,44.630705,50,009,950100,1
"0 VT ROUTE 114 CANAAN, VT 05903 ",0,VT ROUTE 114,CANAAN,VT,05903,-71.630342,45.008813,50,009,950100,2
"309 GALE ST CANAAN, VT 05903 ",309,GALE ST,CANAAN,VT,05903,-71.540746,44.997163,50,009,950100,2
"501 BEAR HILL RD MAIDSTONE, VT 05905 ",501,BEAR HILL RD,MAIDSTONE,VT,05905,-71.586587,44.648771,50,009,950100,1
"7362 GRANBY RD GRANBY, VT 05858 ",7362,GRANBY RD,GRANBY,VT,05858,-71.730844,44.576406,50,009,950500,1
"6581 VT ROUTE 102 BRUNSWICK, VT 05905 ",6581,VT ROUTE 102,BRUNSWICK,VT,05905,-71.593249,44.669815,50,009,950100,1
"410 RAILROAD ST BRIGHTON, VT 05846 ",410,RAILROAD ST,BRIGHTON,VT,05846,-71.887357,44.818438,50,009,950200,1
"2194 SHADOW LAKE RD CONCORD, VT 05824 ",2194,SHADOW LAKE RD,CONCORD,VT,05824,-71.876702,44.404703,50,009,950500,2
"3352 OREGON RD CONCORD, VT 05906 ",3352,OREGON RD,CONCORD,VT,05906,-71.751316,44.421666,50,009,950500,2
"0 POWELL RD LUNENBURG, VT 05906 ",0,POWELL RD,LUNENBURG,VT,05906,-71.658498,44.485333,50,009,950500,1
"177 SANDY LN CONCORD, VT 05858 ",177,SANDY LN,CONCORD,VT,05858,-71.805634,44.450097,50,009,950500,2
"121 JACKSON LODGE VLG CANAAN, VT 05903 ",121,JACKSON LODGE VLG,CANAAN,VT,05903,-71.612506,45.012386,50,009,950100,2
"566 BOBBIN MILL RD LUNENBURG, VT 05906 ",566,BOBBIN MILL RD,LUNENBURG,VT,05906,-71.676083,44.477472,50,009,950500,1
"2277 VT ROUTE 102 GUILDHALL, VT 05905 ",2277,VT ROUTE 102,GUILDHALL,VT,05905,-71.591011,44.527145,50,009,950500,1
"3125 OREGON RD CONCORD, VT 05906 ",3125,OREGON RD,CONCORD,VT,05906,-71.753396,44.424615,50,009,950500,2
"175 HAGAN RD LUNENBURG, VT 05906 ",175,HAGAN RD,LUNENBURG,VT,05906,-71.713095,44.500862,50,009,950500,1
"0 GALE ST CANAAN, VT 05903 ",0,GALE ST,CANAAN,VT,05903,-71.543122,44.998746,50,009,950100,2
"379 SIMONDS RD LUNENBURG, VT 05906 ",379,SIMONDS RD,LUNENBURG,VT,05906,-71.646382,44.496701,50,009,950500,1
"1454 BRADLEY VALE RD CONCORD, VT 05824 ",1454,BRADLEY VALE RD,CONCORD,VT,05824,-71.884706,44.461042,50,009,950500,2
"5114 MAIDSTONE LAKE RD MAIDSTONE, VT 05905 ",5114,MAIDSTONE LAKE RD,MAIDSTONE,VT,05905,-71.640631,44.649527,50,009,950100,1
"365 MEADOW ST BRIGHTON, VT 05846 ",365,MEADOW ST,BRIGHTON,VT,05846,-71.890191,44.812959,50,009,950200,1
"0 TREATMENT PLANT RD LUNENBURG, VT 05904 ",0,TREATMENT PLANT RD,LUNENBURG,VT,05904,-71.714785,44.411355,50,009,950500,3
"1735 VICTORY HL VICTORY, VT 05858 ",1735,VICTORY HL,VICTORY,VT,05858,-71.852556,44.533602,50,009,950500,1
"4726 VT ROUTE 105 BRUNSWICK, VT 05905 ",4726,VT ROUTE 105,BRUNSWICK,VT,05905,-71.697595,44.775682,50,009,950100,1
"300 LAKE RD LUNENBURG, VT 05906 ",300,LAKE RD,LUNENBURG,VT,05906,-71.689048,44.489943,50,009,950500,1
"1036 GRANBY RD VICTORY, VT 05858 ",1036,GRANBY RD,VICTORY,VT,05858,-71.764724,44.568574,50,009,950500,1
"5695 VT ROUTE 105 BRUNSWICK, VT 05905 ",5695,VT ROUTE 105,BRUNSWICK,VT,05905,-71.707452,44.764833,50,009,950100,1
"106 BIRON LN NORTON, VT 05907 ",106,BIRON LN,NORTON,VT,05907,-71.849474,44.949641,50,009,950100,1
"2286 LONG HILL RD CONCORD, VT 05824 ",2286,LONG HILL RD,CONCORD,VT,05824,-71.861679,44.40259,50,009,950500,2
"7 BROWN RD BLOOMFIELD, VT 05905 ",7,BROWN RD,BLOOMFIELD,VT,05905,-71.604095,44.804624,50,009,950100,1
"0 COMMERCIAL AVE LUNENBURG, VT 05904 ",0,COMMERCIAL AVE,LUNENBURG,VT,05904,-71.721205,44.413033,50,009,950500,3
"436 JUDD RD CANAAN, VT 05903 ",436,JUDD RD,CANAAN,VT,05903,-71.555016,44.99829,50,009,950100,2
"28 SUNSET LN CONCORD, VT 05824 ",28,SUNSET LN,CONCORD,VT,05824,-71.871602,44.406298,50,009,950500,2
"32 LAKE STATION RD NORTON, VT 05907 ",32,LAKE STATION RD,NORTON,VT,05907,-71.844003,44.951852,50,009,950100,1
"3307 RADAR RD EAST HAVEN, VT 05837 ",3307,RADAR RD,EAST HAVEN,VT,05837,-71.82599,44.658411,50,009,950500,1
"5287 VT ROUTE 102 CANAAN, VT 05903 ",5287,VT ROUTE 102,CANAAN,VT,05903,-71.537987,44.975727,50,009,950100,2
"694 BAPTIST HILL RD LUNENBURG, VT 05906 ",694,BAPTIST HILL RD,LUNENBURG,VT,05906,-71.714401,44.447198,50,009,950500,3
"375 NORTH RD GUILDHALL, VT 05905 ",375,NORTH RD,GUILDHALL,VT,05905,-71.591029,44.571215,50,009,950500,1
"125 DOW DR LUNENBURG, VT 05906 ",125,DOW DR,LUNENBURG,VT,05906,-71.74105,44.421651,50,009,950500,3
"0 COMMERCIAL AVE LUNENBURG, VT 05904 ",0,COMMERCIAL AVE,LUNENBURG,VT,05904,-71.717694,44.41321,50,009,950500,3
"2435 VT ROUTE 105 FERDINAND, VT 05846 ",2435,VT ROUTE 105,FERDINAND,VT,05846,-71.756425,44.783422,50,009,950100,1
"529 US ROUTE 2 GUILDHALL, VT 05905 ",529,US ROUTE 2,GUILDHALL,VT,05905,-71.601335,44.489549,50,009,950500,1
"267 GIDEONS MILL RD BRIGHTON, VT 05846 ",267,GIDEONS MILL RD,BRIGHTON,VT,05846,-71.918507,44.812465,50,009,950200,1
"3705 VT ROUTE 102 CANAAN, VT 05903 ",3705,VT ROUTE 102,CANAAN,VT,05903,-71.527323,44.958519,50,009,950100,2
"1106 MCCONNEL POND RD FERDINAND, VT 05846 ",1106,MCCONNEL POND RD,FERDINAND,VT,05846,-71.786503,44.793017,50,009,950100,1
"0 GREEN HILL RD CANAAN, VT 05903 ",0,GREEN HILL RD,CANAAN,VT,05903,-71.531219,45.00112,50,009,950100,2
"48 ENID CIR CANAAN, VT 05903 ",48,ENID CIR,CANAAN,VT,05903,-71.541502,44.999019,50,009,950100,2
"508 VT ROUTE 102 MAIDSTONE, VT 05905 ",508,VT ROUTE 102,MAIDSTONE,VT,05905,-71.554673,44.577632,50,009,950100,1
"271 MIDDLE ST BRIGHTON, VT 05846 ",271,MIDDLE ST,BRIGHTON,VT,05846,-71.885991,44.818678,50,009,950200,1
"2081 OREGON RD CONCORD, VT 05906 ",2081,OREGON RD,CONCORD,VT,05906,-71.758927,44.437692,50,009,950500,2
"207 E MAIN ST LUNENBURG, VT 05906 ",207,E   MAIN ST,LUNENBURG,VT,05906,-71.674656,44.463691,50,009,950500,1
"235 NORTON LAKE ACCESS RD WARRENS GORE, VT 05907 ",235,NORTON LAKE ACCESS RD,WARRENS GORE,VT,05907,-71.871455,44.923452,50,009,950100,1
"6487 VT ROUTE 102 BLOOMFIELD, VT 05905 ",6487,VT ROUTE 102,BLOOMFIELD,VT,05905,-71.573997,44.823135,50,009,950100,1
"517 BOBBIN MILL RD LUNENBURG, VT 05906 ",517,BOBBIN MILL RD,LUNENBURG,VT,05906,-71.679574,44.476138,50,009,950500,1
"223 RAILROAD ST BRIGHTON, VT 05846 ",223,RAILROAD ST,BRIGHTON,VT,05846,-71.884976,44.816248,50,009,950200,1
"0 MOUNTAIN ST BRIGHTON, VT 05846 ",0,MOUNTAIN ST,BRIGHTON,VT,05846,-71.886995,44.828437,50,009,950200,1
"499 LOST NATION RD EAST HAVEN, VT 05837 ",499,LOST NATION RD,EAST HAVEN,VT,05837,-71.875974,44.675954,50,009,950500,1
"593 MILL RD LEMINGTON, VT 05903 ",593,MILL RD,LEMINGTON,VT,05903,-71.561214,44.872874,50,009,950100,1
"341 WESTSIDE LAKE RD MAIDSTONE, VT 05905 ",341,WESTSIDE LAKE RD,MAIDSTONE,VT,05905,-71.649058,44.663279,50,009,950100,1
"0 RIVA VUE RD LUNENBURG, VT 05906 ",0,RIVA VUE RD,LUNENBURG,VT,05906,-71.671043,44.481671,50,009,950500,1
"570 WESLEY RD CONCORD, VT 05824 ",570,WESLEY RD,CONCORD,VT,05824,-71.853526,44.460991,50,009,950500,2
"0 MAIDSTONE LAKE RD MAIDSTONE, VT 05905 ",0,MAIDSTONE LAKE RD,MAIDSTONE,VT,05905,-71.639229,44.658186,50,009,950100,1
"0 VT ROUTE 114 CANAAN, VT 05903 ",0,VT ROUTE 114,CANAAN,VT,05903,-71.558933,45.008167,50,009,950100,2
"16 RANDOM VALE BRIGHTON, VT 05846 ",16,RANDOM VALE,BRIGHTON,VT,05846,-71.870611,44.79306,50,009,950200,1
"1369 VT ROUTE 102 CANAAN, VT 05903 ",1369,VT ROUTE 102,CANAAN,VT,05903,-71.523128,44.926808,50,009,950100,2
"227 W MAIN ST LUNENBURG, VT 05906 ",227,W  MAIN ST,LUNENBURG,VT,05906,-71.690799,44.461984,50,009,950500,3
"50 PRIVATE WEST 4 MAIDSTONE, VT 05905 ",50,PRIVATE WEST 4,MAIDSTONE,VT,05905,-71.652346,44.656059,50,009,950100,1
"1054 RIVER RD LUNENBURG, VT 05906 ",1054,RIVER RD,LUNENBURG,VT,05906,-71.669929,44.43993,50,009,950500,3
"192 BLUEBERRY LN BRIGHTON, VT 05846 ",192,BLUEBERRY LN,BRIGHTON,VT,05846,-71.871808,44.797946,50,009,950200,1
"7168 VT ROUTE 102 LEMINGTON, VT 05905 ",7168,VT ROUTE 102,LEMINGTON,VT,05905,-71.503931,44.909344,50,009,950100,1
"370 PARADIS MOUNTAIN RD BRIGHTON, VT 05846 ",370,PARADIS MOUNTAIN RD,BRIGHTON,VT,05846,-71.88981,44.799795,50,009,950200,1
"210 MOUNT TUG RD VICTORY, VT 05858 ",210,MOUNT TUG RD,VICTORY,VT,05858,-71.740386,44.556438,50,009,950500,1
"37 BEECH ST LUNENBURG, VT 05904 ",37,BEECH ST,LUNENBURG,VT,05904,-71.719211,44.412471,50,009,950500,3
"186 CHRISTIAN HL CANAAN, VT 05903 ",186,CHRISTIAN HL,CANAAN,VT,05903,-71.535894,44.998067,50,009,950100,2
"1122 WOODWARD RD CONCORD, VT 05824 ",1122,WOODWARD RD,CONCORD,VT,05824,-71.892968,44.445985,50,009,950500,2
"1023 LAKESHORE DR BRIGHTON, VT 05846 ",1023,LAKESHORE DR,BRIGHTON,VT,05846,-71.858087,44.798715,50,009,950200,1
"339 SIMONDS RD LUNENBURG, VT 05906 ",339,SIMONDS RD,LUNENBURG,VT,05906,-71.646539,44.498577,50,009,950500,1
"300 E MAIN ST LUNENBURG, VT 05906 ",300,E   MAIN ST,LUNENBURG,VT,05906,-71.670801,44.463709,50,009,950500,3
"0 CANAAN HILL RD AVERILL, VT 05901 ",0,CANAAN HILL RD,AVERILL,VT,05901,-71.639548,44.972254,50,009,950100,1
"4133 VT ROUTE 114 CANAAN, VT 05903 ",4133,VT ROUTE 114,CANAAN,VT,05903,-71.620925,45.009144,50,009,950100,2
"2710 VT ROUTE 114 E NORTON, VT 05907 ",2710,VT ROUTE 114  E,NORTON,VT,05907,-71.743978,44.997373,50,009,950100,1
"286 CLAY BROOK RD CANAAN, VT 05903 ",286,CLAY BROOK RD,CANAAN,VT,05903,-71.587786,44.965962,50,009,950100,2
"407 LEWIS POND TRL LEWIS, VT 05907 ",407,LEWIS POND TRL,LEWIS,VT,05907,-71.782594,44.882103,50,009,950100,1
"526 RIVER RD CANAAN, VT 05902 ",526,RIVER RD,CANAAN,VT,05902,-71.49834,45.005839,50,009,950100,2
"307 DANA MOORE RD AVERILL, VT 05901 ",307,DANA MOORE RD,AVERILL,VT,05901,-71.723888,44.953175,50,009,950100,1
"105 MARSHALL RD BLOOMFIELD, VT 05905 ",105,MARSHALL RD,BLOOMFIELD,VT,05905,-71.632399,44.756161,50,009,950100,1
"0 PAUL STREAM POND RD BRUNSWICK, VT 05905 ",0,PAUL STREAM POND RD,BRUNSWICK,VT,05905,-71.621644,44.688918,50,009,950100,1
"138 BAKER LN CONCORD, VT 05824 ",138,BAKER LN,CONCORD,VT,05824,-71.877625,44.402719,50,009,950500,2
"772 KIRBY MOUNTAIN RD CONCORD, VT 05824 ",772,KIRBY MOUNTAIN RD,CONCORD,VT,05824,-71.904969,44.449834,50,009,950500,2
"0 KIMBALL RD LUNENBURG, VT 05906 ",0,KIMBALL RD,LUNENBURG,VT,05906,-71.696587,44.468184,50,009,950500,1
"6745 VT ROUTE 102 CANAAN, VT 05903 ",6745,VT ROUTE 102,CANAAN,VT,05903,-71.540649,44.995903,50,009,950100,2
"0 AUBURN STAR RD LUNENBURG, VT 05906 ",0,AUBURN STAR RD,LUNENBURG,VT,05906,-71.6233,44.480143,50,009,950500,1
"5172 MAIDSTONE LAKE RD MAIDSTONE, VT 05905 ",5172,MAIDSTONE LAKE RD,MAIDSTONE,VT,05905,-71.640806,44.648652,50,009,950100,1
"1520 CATTIER DR NORTON, VT 05907 ",1520,CATTIER DR,NORTON,VT,05907,-71.720837,44.991895,50,009,950100,1
"1551 POND HILL RD LUNENBURG, VT 05906 ",1551,POND HILL RD,LUNENBURG,VT,05906,-71.711651,44.504651,50,009,950500,1
"0 SIVEGNY RD LUNENBURG, VT 05906 ",0,SIVEGNY RD,LUNENBURG,VT,05906,-71.714048,44.460431,50,009,950500,3
"21 E MAIN ST LUNENBURG, VT 05906 ",21,E   MAIN ST,LUNENBURG,VT,05906,-71.681544,44.46358,50,009,950500,1
"682 KIMBALL RD LUNENBURG, VT 05906 ",682,KIMBALL RD,LUNENBURG,VT,05906,-71.705865,44.478449,50,009,950500,1
"0 RIVER RD LUNENBURG, VT 05906 ",0,RIVER RD,LUNENBURG,VT,05906,-71.653045,44.461601,50,009,950500,3
"68 VT ROUTE 105 BLOOMFIELD, VT 05905 ",68,VT ROUTE 105,BLOOMFIELD,VT,05905,-71.632373,44.754095,50,009,950100,1
"17 FITZGERALD AVE BRIGHTON, VT 05846 ",17,FITZGERALD AVE,BRIGHTON,VT,05846,-71.884152,44.810595,50,009,950200,1
"3427 VT ROUTE 102 CANAAN, VT 05903 ",3427,VT ROUTE 102,CANAAN,VT,05903,-71.540451,44.976719,50,009,950100,2
"102 RANNEY RD CONCORD, VT 05858 ",102,RANNEY RD,CONCORD,VT,05858,-71.862191,44.471422,50,009,950500,2
"2554 SIMS HILL RD LEMINGTON, VT 05903 ",2554,SIMS HILL RD,LEMINGTON,VT,05903,-71.588912,44.860857,50,009,950100,1
"0 POWER HOUSE RD CANAAN, VT 05903 ",0,POWER HOUSE RD,CANAAN,VT,05903,-71.533408,44.997813,50,009,950100,2
"85 WEATHER LN CONCORD, VT 05824 ",85,WEATHER LN,CONCORD,VT,05824,-71.81189,44.449865,50,009,950500,2
"13 BILODEAU RD BRIGHTON, VT 05846 ",13,BILODEAU RD,BRIGHTON,VT,05846,-71.902153,44.819346,50,009,950200,1
"4488 MAIDSTONE LAKE RD MAIDSTONE, VT 05905 ",4488,MAIDSTONE LAKE RD,MAIDSTONE,VT,05905,-71.639342,44.658083,50,009,950100,1
"0 SIMONDS RD LUNENBURG, VT 05906 ",0,SIMONDS RD,LUNENBURG,VT,05906,-71.642301,44.496779,50,009,950500,1
"1559 WESTSIDE LAKE RD MAIDSTONE, VT 05905 ",1559,WESTSIDE LAKE RD,MAIDSTONE,VT,05905,-71.653547,44.647271,50,009,950100,1
"374 CLAY BROOK RD CANAAN, VT 05903 ",374,CLAY BROOK RD,CANAAN,VT,05903,-71.589484,44.964574,50,009,950100,2
"0 COMMERCIAL AVE LUNENBURG, VT 05904 ",0,COMMERCIAL AVE,LUNENBURG,VT,05904,-71.720885,44.413089,50,009,950500,3
"0 VT ROUTE 102 BLOOMFIELD, VT 05905 ",0,VT ROUTE 102,BLOOMFIELD,VT,05905,-71.571377,44.824714,50,009,950100,1
"6333 VT ROUTE 102 LEMINGTON, VT 05905 ",6333,VT ROUTE 102,LEMINGTON,VT,05905,-71.508274,44.899692,50,009,950100,1
"116 W MAIN ST LUNENBURG, VT 05906 ",116,W  MAIN ST,LUNENBURG,VT,05906,-71.686594,44.463079,50,009,950500,1
"132 ALBERTS WAY AVERILL, VT 05901 ",132,ALBERTS WAY,AVERILL,VT,05901,-71.684906,44.983997,50,009,950100,1
"539 MAIN ST CONCORD, VT 05824 ",539,MAIN ST,CONCORD,VT,05824,-71.884866,44.428854,50,009,950500,2
"2709 JACKSON RD AVERILL, VT 05901 ",2709,JACKSON RD,AVERILL,VT,05901,-71.714605,44.962192,50,009,950100,1
"123 ETHAN ALLEN DR CANAAN, VT 05903 ",123,ETHAN ALLEN DR,CANAAN,VT,05903,-71.540022,44.999447,50,009,950100,2
"0 W MAIN ST LUNENBURG, VT 05906 ",0,W  MAIN ST,LUNENBURG,VT,05906,-71.691328,44.462673,50,009,950500,1
"45 CHRISTIAN HL CANAAN, VT 05903 ",45,CHRISTIAN HL,CANAAN,VT,05903,-71.538404,44.996939,50,009,950100,2
"4108 MAIDSTONE LAKE RD MAIDSTONE, VT 05905 ",4108,MAIDSTONE LAKE RD,MAIDSTONE,VT,05905,-71.643626,44.662129,50,009,950100,1
"1101 VT ROUTE 102 CANAAN, VT 05903 ",1101,VT ROUTE 102,CANAAN,VT,05903,-71.521404,44.922865,50,009,950100,2
"3439 SHADOW LAKE RD CONCORD, VT 05824 ",3439,SHADOW LAKE RD,CONCORD,VT,05824,-71.862261,44.397422,50,009,950500,2
"633 VT ROUTE 102 CANAAN, VT 05903 ",633,VT ROUTE 102,CANAAN,VT,05903,-71.515766,44.917225,50,009,950100,2
"515 HENSHAW RD LEWIS, VT 05907 ",515,HENSHAW RD,LEWIS,VT,05907,-71.816208,44.854698,50,009,950100,1
"115 CHARLOTTE LN CONCORD, VT 05824 ",115,CHARLOTTE LN,CONCORD,VT,05824,-71.872133,44.405277,50,009,950500,2
"3344 CANAAN HILL RD CANAAN, VT 05903 ",3344,CANAAN HILL RD,CANAAN,VT,05903,-71.596069,44.976491,50,009,950100,2
"3399 VT ROUTE 102 BLOOMFIELD, VT 05905 ",3399,VT ROUTE 102,BLOOMFIELD,VT,05905,-71.588439,44.785305,50,009,950100,1
"2034 W LUNENBURG RD LUNENBURG, VT 05906 ",2034,W   LUNENBURG RD,LUNENBURG,VT,05906,-71.77207,44.465854,50,009,950500,1
"6537 VT ROUTE 102 CANAAN, VT 05903 ",6537,VT ROUTE 102,CANAAN,VT,05903,-71.541368,44.992674,50,009,950100,2
"328 VT ROUTE 114 E NORTON, VT 05907 ",328,VT ROUTE 114   E,NORTON,VT,05907,-71.789169,45.008254,50,009,950100,1
"1852 MORIN RD GUILDHALL, VT 05905 ",1852,MORIN RD,GUILDHALL,VT,05905,-71.629139,44.510699,50,009,950500,1
"2028 VT ROUTE 105 BLOOMFIELD, VT 05905 ",2028,VT ROUTE 105,BLOOMFIELD,VT,05905,-71.647689,44.776138,50,009,950100,1
"3027 VT ROUTE 102 MAIDSTONE, VT 05905 ",3027,VT ROUTE 102,MAIDSTONE,VT,05905,-71.56052,44.606027,50,009,950100,1
"428 LAKE STATION RD NORTON, VT 05907 ",428,LAKE STATION RD,NORTON,VT,05907,-71.850151,44.953408,50,009,950100,1
"100 KIMBALL RD LUNENBURG, VT 05906 ",100,KIMBALL RD,LUNENBURG,VT,05906,-71.693459,44.4649,50,009,950500,1
"161 JACKSON LODGE VLG CANAAN, VT 05903 ",161,JACKSON LODGE VLG,CANAAN,VT,05903,-71.61293,45.01234,50,009,950100,2
"1210 VT ROUTE 105 BLOOMFIELD, VT 05905 ",1210,VT ROUTE 105,BLOOMFIELD,VT,05905,-71.637442,44.766721,50,009,950100,1
"0 RIVER RD LUNENBURG, VT 05904 ",0,RIVER RD,LUNENBURG,VT,05904,-71.692538,44.422339,50,009,950500,3
"131 RESERVOIR RD CANAAN, VT 05903 ",131,RESERVOIR RD,CANAAN,VT,05903,-71.536032,45.000297,50,009,950100,2
"6 MAIN ST BRIGHTON, VT 05846 ",6,MAIN ST,BRIGHTON,VT,05846,-71.880947,44.815051,50,009,950200,1
"758 YOUNGS RD EAST HAVEN, VT 05837 ",758,YOUNGS RD,EAST HAVEN,VT,05837,-71.873404,44.63479,50,009,950500,1
"1603 VT ROUTE 105 BLOOMFIELD, VT 05905 ",1603,VT ROUTE 105,BLOOMFIELD,VT,05905,-71.646951,44.772019,50,009,950100,1
"34 STAGECOACH RD LUNENBURG, VT 05906 ",34,STAGECOACH RD,LUNENBURG,VT,05906,-71.741786,44.467284,50,009,950500,1
"0 BOBBIN MILL RD LUNENBURG, VT 05906 ",0,BOBBIN MILL RD,LUNENBURG,VT,05906,-71.675439,44.477917,50,009,950500,1
"2963 VT ROUTE 114 WARRENS GORE, VT 05907 ",2963,VT ROUTE 114,WARRENS GORE,VT,05907,-71.875765,44.924727,50,009,950100,1
"115 BELLAWOOD RD BRIGHTON, VT 05846 ",115,BELLAWOOD RD,BRIGHTON,VT,05846,-71.885681,44.795528,50,009,950200,1
"306 BEACH RD AVERILL, VT 05901 ",306,BEACH RD,AVERILL,VT,05901,-71.686285,44.970927,50,009,950100,1
"7084 VT ROUTE 102 MAIDSTONE, VT 05905 ",7084,VT ROUTE 102,MAIDSTONE,VT,05905,-71.584782,44.653681,50,009,950100,1
"139 AUBURN STAR RD LUNENBURG, VT 05906 ",139,AUBURN STAR RD,LUNENBURG,VT,05906,-71.622643,44.479772,50,009,950500,1
"6451 GRANBY RD GRANBY, VT 05858 ",6451,GRANBY RD,GRANBY,VT,05858,-71.716748,44.576246,50,009,950500,1
"0 VT ROUTE 102 CANAAN, VT 05903 ",0,VT ROUTE 102,CANAAN,VT,05903,-71.523199,44.934518,50,009,950100,2
"0 VT ROUTE 114 E NORTON, VT 05907 ",0,VT ROUTE 114  E,NORTON,VT,05907,-71.748174,45.008376,50,009,950100,1
"0 WESTSIDE LAKE RD MAIDSTONE, VT 05905 ",0,WESTSIDE LAKE RD,MAIDSTONE,VT,05905,-71.65249,44.649811,50,009,950100,1
"552 RIVER RD LUNENBURG, VT 05906 ",552,RIVER RD,LUNENBURG,VT,05906,-71.658578,44.450853,50,009,950500,3
"1069 VT ROUTE 114 EAST HAVEN, VT 05837 ",1069,VT ROUTE 114,EAST HAVEN,VT,05837,-71.892376,44.654003,50,009,950500,1
"2896 CANAAN HILL RD AVERILL, VT 05901 ",2896,CANAAN HILL RD,AVERILL,VT,05901,-71.632863,44.967656,50,009,950100,1
"107 FOREST ST BRIGHTON, VT 05846 ",107,FOREST ST,BRIGHTON,VT,05846,-71.883142,44.818562,50,009,950200,1
"1229 VT ROUTE 102 GUILDHALL, VT 05905 ",1229,VT ROUTE 102,GUILDHALL,VT,05905,-71.594604,44.513173,50,009,950500,1
"100 PORRELL RD GRANBY, VT 05858 ",100,PORRELL RD,GRANBY,VT,05858,-71.759278,44.571469,50,009,950500,1
"173 SCHOOL ST CONCORD, VT 05824 ",173,SCHOOL ST,CONCORD,VT,05824,-71.890555,44.426636,50,009,950500,2
"3763 VT ROUTE 114 E NORTON, VT 05907 ",3763,VT ROUTE 114   E,NORTON,VT,05907,-71.72309,44.996397,50,009,950100,1
"163 COTTAGE DR BRIGHTON, VT 05846 ",163,COTTAGE DR,BRIGHTON,VT,05846,-71.873788,44.800962,50,009,950200,1
"1049 NORTH RD GUILDHALL, VT 05905 ",1049,NORTH RD,GUILDHALL,VT,05905,-71.596651,44.57951,50,009,950500,1
"0 VT ROUTE 102 CANAAN, VT 05903 ",0,VT ROUTE 102,CANAAN,VT,05903,-71.52625,44.966965,50,009,950100,2
"1641 SIMS HILL RD LEMINGTON, VT 05903 ",1641,SIMS HILL RD,LEMINGTON,VT,05903,-71.579151,44.860526,50,009,950100,1
"5226 MAIDSTONE LAKE RD MAIDSTONE, VT 05905 ",5226,MAIDSTONE LAKE RD,MAIDSTONE,VT,05905,-71.64079,44.647776,50,009,950100,1
"131 BUZZELL GAP GRANBY, VT 05858 ",131,BUZZELL GAP,GRANBY,VT,05858,-71.767648,44.578889,50,009,950500,1
"144 SUNSET DR BRIGHTON, VT 05846 ",144,SUNSET DR,BRIGHTON,VT,05846,-71.859086,44.798671,50,009,950200,1
"3231 OREGON RD CONCORD, VT 05906 ",3231,OREGON RD,CONCORD,VT,05906,-71.751647,44.423631,50,009,950500,2
"1006 WILLSON RD CONCORD, VT 05824 ",1006,WILLSON RD,CONCORD,VT,05824,-71.867143,44.46893,50,009,950500,2
"349 GEORGES BLVD EAST HAVEN, VT 05837 ",349,GEORGES BLVD,EAST HAVEN,VT,05837,-71.864733,44.643338,50,009,950500,1
"215 MILL BROOK RD BLOOMFIELD, VT 05905 ",215,MILL BROOK RD,BLOOMFIELD,VT,05905,-71.601266,44.780747,50,009,950100,1
"1065 WESTSIDE LAKE RD MAIDSTONE, VT 05905 ",1065,WESTSIDE LAKE RD,MAIDSTONE,VT,05905,-71.65285,44.653703,50,009,950100,1
"4981 VT ROUTE 105 BRUNSWICK, VT 05905 ",4981,VT ROUTE 105,BRUNSWICK,VT,05905,-71.698914,44.772754,50,009,950100,1
"8366 RADAR RD EAST HAVEN, VT 05837 ",8366,RADAR RD,EAST HAVEN,VT,05837,-71.770944,44.665277,50,009,950500,1
"79 MATTHEWS KNL GRANBY, VT 05858 ",79,MATTHEWS KNL,GRANBY,VT,05858,-71.75673,44.572328,50,009,950500,1
"269 BLUEBERRY LN BRIGHTON, VT 05846 ",269,BLUEBERRY LN,BRIGHTON,VT,05846,-71.869747,44.797236,50,009,950200,1
"1588 FIVE MILE SQUARE RD BRIGHTON, VT 05846 ",1588,FIVE MILE SQUARE RD,BRIGHTON,VT,05846,-71.911871,44.806867,50,009,950200,1
"0 E MAIN ST LUNENBURG, VT 05906 ",0,E  MAIN ST,LUNENBURG,VT,05906,-71.657254,44.463535,50,009,950500,3
"0 VT ROUTE 114 CANAAN, VT 05903 ",0,VT ROUTE 114,CANAAN,VT,05903,-71.6214,45.009613,50,009,950100,2
"149 RIVERSIDE AVE LUNENBURG, VT 05906 ",149,RIVERSIDE AVE,LUNENBURG,VT,05906,-71.726322,44.412192,50,009,950500,3
"0 PENN RD CANAAN, VT 05903 ",0,PENN RD,CANAAN,VT,05903,-71.605128,45.005094,50,009,950100,2
"0 VT ROUTE 105 BLOOMFIELD, VT 05905 ",0,VT ROUTE 105,BLOOMFIELD,VT,05905,-71.643102,44.772322,50,009,950100,1
"0 VT ROUTE 102 BLOOMFIELD, VT 05905 ",0,VT ROUTE 102,BLOOMFIELD,VT,05905,-71.570471,44.806489,50,009,950100,1
"642 DERBY ST BRIGHTON, VT 05846 ",642,DERBY ST,BRIGHTON,VT,05846,-71.888943,44.805761,50,009,950200,1
"1519 VT ROUTE 102 MAIDSTONE, VT 05905 ",1519,VT ROUTE 102,MAIDSTONE,VT,05905,-71.549656,44.589802,50,009,950100,1
"0 VENHEIM RD LUNENBURG, VT 05906 ",0,VENHEIM RD,LUNENBURG,VT,05906,-71.747992,44.475426,50,009,950500,1
"25 LEONARD HILL RD CONCORD, VT 05824 ",25,LEONARD HILL RD,CONCORD,VT,05824,-71.755547,44.4254,50,009,950500,2
"0 S LUNENBURG RD LUNENBURG, VT 05906 ",0,S   LUNENBURG RD,LUNENBURG,VT,05906,-71.682684,44.461925,50,009,950500,3
"652 RLW RD BRIGHTON, VT 05846 ",652,RLW RD,BRIGHTON,VT,05846,-71.839088,44.812079,50,009,950200,1
"999 HEAD OF THE POND RD BRIGHTON, VT 05846 ",999,HEAD OF THE POND RD,BRIGHTON,VT,05846,-71.858227,44.779632,50,009,950200,1
"39 ALDER ST BRIGHTON, VT 05846 ",39,ALDER ST,BRIGHTON,VT,05846,-71.881735,44.813719,50,009,950200,1
"440 GALE ST CANAAN, VT 05903 ",440,GALE ST,CANAAN,VT,05903,-71.542284,44.998762,50,009,950100,2
"134 S LUNENBURG RD LUNENBURG, VT 05906 ",134,S  LUNENBURG RD,LUNENBURG,VT,05906,-71.682096,44.459493,50,009,950500,3
"0 W LUNENBURG RD LUNENBURG, VT 05906 ",0,W   LUNENBURG RD,LUNENBURG,VT,05906,-71.770165,44.466347,50,009,950500,1
"37 SUNSET LN CONCORD, VT 05824 ",37,SUNSET LN,CONCORD,VT,05824,-71.871228,44.406304,50,009,950500,2
"78 OUIMETTE WAY FERDINAND, VT 05846 ",78,OUIMETTE WAY,FERDINAND,VT,05846,-71.816082,44.757505,50,009,950100,1
"279 VT ROUTE 114 CANAAN, VT 05903 ",279,VT ROUTE 114,CANAAN,VT,05903,-71.549488,45.001514,50,009,950100,2
"0 RIVER RD LUNENBURG, VT 05906 ",0,RIVER RD,LUNENBURG,VT,05906,-71.679269,44.436117,50,009,950500,3
"1111 VT ROUTE 114 EAST HAVEN, VT 05837 ",1111,VT ROUTE 114,EAST HAVEN,VT,05837,-71.893542,44.655191,50,009,950500,1
"1018 HURRICANE BROOK RD WARRENS GORE, VT 05907 ",1018,HURRICANE BROOK RD,WARRENS GORE,VT,05907,-71.880922,44.921212,50,009,950100,1
"47 POWELL RD LUNENBURG, VT 05906 ",47,POWELL RD,LUNENBURG,VT,05906,-71.655769,44.484584,50,009,950500,1
"184 PAUL MENARD DR FERDINAND, VT 05846 ",184,PAUL MENARD DR,FERDINAND,VT,05846,-71.751702,44.777524,50,009,950100,1
"3619 VT ROUTE 105 BLOOMFIELD, VT 05905 ",3619,VT ROUTE 105,BLOOMFIELD,VT,05905,-71.678353,44.778353,50,009,950100,1
"6631 VT ROUTE 102 BLOOMFIELD, VT 05905 ",6631,VT ROUTE 102,BLOOMFIELD,VT,05905,-71.569129,44.824741,50,009,950100,1
"210 MARKO RD CONCORD, VT 05824 ",210,MARKO RD,CONCORD,VT,05824,-71.912218,44.428045,50,009,950500,2
"99 NELSON RD NORTON, VT 05907 ",99,NELSON RD,NORTON,VT,05907,-71.795882,45.01012,50,009,950100,1
"1608 VT ROUTE 105 BLOOMFIELD, VT 05905 ",1608,VT ROUTE 105,BLOOMFIELD,VT,05905,-71.643433,44.771142,50,009,950100,1
"1463 BOBBIN MILL RD LUNENBURG, VT 05906 ",1463,BOBBIN MILL RD,LUNENBURG,VT,05906,-71.660946,44.498358,50,009,950500,1
"1569 VT ROUTE 102 CANAAN, VT 05903 ",1569,VT ROUTE 102,CANAAN,VT,05903,-71.524101,44.929566,50,009,950100,2
"0 SPENCER HILL RD BLOOMFIELD, VT 05905 ",0,SPENCER HILL RD,BLOOMFIELD,VT,05905,-71.626792,44.758382,50,009,950100,1
"382 LUND LN GRANBY, VT 05858 ",382,LUND LN,GRANBY,VT,05858,-71.776437,44.583143,50,009,950500,1
"4316 VT ROUTE 114 CANAAN, VT 05903 ",4316,VT ROUTE 114,CANAAN,VT,05903,-71.624461,45.010606,50,009,950100,2
"254 CHRISTIAN HL CANAAN, VT 05903 ",254,CHRISTIAN HL,CANAAN,VT,05903,-71.534821,44.998578,50,009,950100,2
"4708 VT ROUTE 102 BRUNSWICK, VT 05905 ",4708,VT ROUTE 102,BRUNSWICK,VT,05905,-71.601984,44.694759,50,009,950100,1
"808 HURRICANE BROOK RD WARRENS GORE, VT 05907 ",808,HURRICANE BROOK RD,WARRENS GORE,VT,05907,-71.881224,44.918001,50,009,950100,1
"173 SUNRISE RD WARRENS GORE, VT 05907 ",173,SUNRISE RD,WARRENS GORE,VT,05907,-71.878445,44.924284,50,009,950100,1
"71 WALNUT ST BRIGHTON, VT 05846 ",71,WALNUT ST,BRIGHTON,VT,05846,-71.883107,44.818041,50,009,950200,1
"21 KNIPE RD BRIGHTON, VT 05846 ",21,KNIPE RD,BRIGHTON,VT,05846,-71.859177,44.779324,50,009,950200,1
"332 DERBY ST BRIGHTON, VT 05846 ",332,DERBY ST,BRIGHTON,VT,05846,-71.885835,44.80951,50,009,950200,1
"198 GUILDHALL HILL RD LUNENBURG, VT 05906 ",198,GUILDHALL HILL RD,LUNENBURG,VT,05906,-71.658794,44.503097,50,009,950500,1
"1208 VT ROUTE 105 BLOOMFIELD, VT 05905 ",1208,VT ROUTE 105,BLOOMFIELD,VT,05905,-71.637655,44.764992,50,009,950100,1
"702 CANAAN HILL RD CANAAN, VT 05903 ",702,CANAAN HILL RD,CANAAN,VT,05903,-71.557252,44.981031,50,009,950100,2
"264 BEACH RD AVERILL, VT 05901 ",264,BEACH RD,AVERILL,VT,05901,-71.685788,44.970493,50,009,950100,1
"356 DERBY ST BRIGHTON, VT 05846 ",356,DERBY ST,BRIGHTON,VT,05846,-71.886049,44.809234,50,009,950200,1
"1892 VT ROUTE 114 EAST HAVEN, VT 05837 ",1892,VT ROUTE 114,EAST HAVEN,VT,05837,-71.88684,44.665438,50,009,950500,1
"277 RAILROAD ST BRIGHTON, VT 05846 ",277,RAILROAD ST,BRIGHTON,VT,05846,-71.885775,44.816819,50,009,950200,1
"62 KNIPE RD BRIGHTON, VT 05846 ",62,KNIPE RD,BRIGHTON,VT,05846,-71.859941,44.779054,50,009,950200,1
"853 BOBBIN MILL RD LUNENBURG, VT 05906 ",853,BOBBIN MILL RD,LUNENBURG,VT,05906,-71.672771,44.483695,50,009,950500,1
"114 LOON LN CONCORD, VT 05824 ",114,LOON LN,CONCORD,VT,05824,-71.810663,44.449958,50,009,950500,2
"120 RIVERSIDE AVE LUNENBURG, VT 05906 ",120,RIVERSIDE AVE,LUNENBURG,VT,05906,-71.724688,44.412486,50,009,950500,3
"40 BEECH ST LUNENBURG, VT 05904 ",40,BEECH ST,LUNENBURG,VT,05904,-71.719737,44.412452,50,009,950500,3
"0 HAGGARD HOLLOW RD LUNENBURG, VT 05906 ",0,HAGGARD HOLLOW RD,LUNENBURG,VT,05906,-71.710413,44.47508,50,009,950500,1
"9 CHAPMAN RD CONCORD, VT 05824 ",9,CHAPMAN RD,CONCORD,VT,05824,-71.886614,44.424461,50,009,950500,2
"253 LADD RD CONCORD, VT 05824 ",253,LADD RD,CONCORD,VT,05824,-71.864289,44.457319,50,009,950500,2
"919 VT ROUTE 114 EAST HAVEN, VT 05837 ",919,VT ROUTE 114,EAST HAVEN,VT,05837,-71.894169,44.652165,50,009,950500,1
"261 WOODS RD CANAAN, VT 05903 ",261,WOODS RD,CANAAN,VT,05903,-71.633373,44.991646,50,009,950100,2
"6648 VT ROUTE 102 GUILDHALL, VT 05905 ",6648,VT ROUTE 102,GUILDHALL,VT,05905,-71.572106,44.565267,50,009,950500,1
"39 WASHINGTON AVE LUNENBURG, VT 05904 ",39,WASHINGTON AVE,LUNENBURG,VT,05904,-71.717899,44.412782,50,009,950500,3
"0 GILMAN FARM RD LUNENBURG, VT 05906 ",0,GILMAN FARM RD,LUNENBURG,VT,05906,-71.709485,44.427266,50,009,950500,3
"3316 CHARLESTON RD BRIGHTON, VT 05846 ",3316,CHARLESTON RD,BRIGHTON,VT,05846,-71.943391,44.812833,50,009,950200,1
"339 TUG MOUNTAIN RD LUNENBURG, VT 05906 ",339,TUG MOUNTAIN RD,LUNENBURG,VT,05906,-71.728641,44.515108,50,009,950500,1
"141 CHARLOTTE LN CONCORD, VT 05824 ",141,CHARLOTTE LN,CONCORD,VT,05824,-71.872293,44.404932,50,009,950500,2
"1236 COTTAGE RD AVERILL, VT 05901 ",1236,COTTAGE RD,AVERILL,VT,05901,-71.693691,44.984933,50,009,950100,1
"0 S LUNENBURG RD LUNENBURG, VT 05906 ",0,S   LUNENBURG RD,LUNENBURG,VT,05906,-71.681541,44.461384,50,009,950500,3
"4418 E BRIGHTON RD BRIGHTON, VT 05846 ",4418,E  BRIGHTON RD,BRIGHTON,VT,05846,-71.813181,44.785912,50,009,950200,1
"0 SE POND RD LUNENBURG, VT 05906 ",0,SE   POND RD,LUNENBURG,VT,05906,-71.689512,44.483419,50,009,950500,1
"11 RESERVOIR RD CANAAN, VT 05903 ",11,RESERVOIR RD,CANAAN,VT,05903,-71.534926,44.999537,50,009,950100,2
"2543 WESTSIDE LAKE RD MAIDSTONE, VT 05905 ",2543,WESTSIDE LAKE RD,MAIDSTONE,VT,05905,-71.661748,44.638507,50,009,950100,1
"559 BAPTIST HILL RD LUNENBURG, VT 05906 ",559,BAPTIST HILL RD,LUNENBURG,VT,05906,-71.710334,44.449428,50,009,950500,3
"3357 VT ROUTE 114 S NORTON, VT 05907 ",3357,VT ROUTE 114  S,NORTON,VT,05907,-71.818803,44.96533,50,009,950100,1
"715 MOUNTAIN RD EAST HAVEN, VT 05837 ",715,MOUNTAIN RD,EAST HAVEN,VT,05837,-71.878131,44.643827,50,009,950500,1
"0 W MAIN ST LUNENBURG, VT 05906 ",0,W  MAIN ST,LUNENBURG,VT,05906,-71.688547,44.462082,50,009,950500,3
"136 ALBERTS WAY AVERILL, VT 05901 ",136,ALBERTS WAY,AVERILL,VT,05901,-71.684671,44.983992,50,009,950100,1
"0 EAST ST CANAAN, VT 05902 ",0,EAST ST,CANAAN,VT,05902,-71.50509,45.009004,50,009,950100,2
"147 FOURNIER RD CONCORD, VT 05824 ",147,FOURNIER RD,CONCORD,VT,05824,-71.875901,44.440614,50,009,950500,2
"3811 SHADOW LAKE RD CONCORD, VT 05824 ",3811,SHADOW LAKE RD,CONCORD,VT,05824,-71.863333,44.392028,50,009,950500,2
"14 PARISH ST LUNENBURG, VT 05904 ",14,PARISH ST,LUNENBURG,VT,05904,-71.716935,44.41397,50,009,950500,3
"373 CEDAR ST CONCORD, VT 05906 ",373,CEDAR ST,CONCORD,VT,05906,-71.753201,44.427469,50,009,950500,2
"59 HILLTOP DR CANAAN, VT 05903 ",59,HILLTOP DR,CANAAN,VT,05903,-71.53706,45.003438,50,009,950100,2
"2887 JACKSON RD AVERILL, VT 05901 ",2887,JACKSON RD,AVERILL,VT,05901,-71.718767,44.96214,50,009,950100,1
"2238 OREGON RD CONCORD, VT 05906 ",2238,OREGON RD,CONCORD,VT,05906,-71.757935,44.435625,50,009,950500,2
"2000 W LUNENBURG RD LUNENBURG, VT 05906 ",2000,W   LUNENBURG RD,LUNENBURG,VT,05906,-71.771054,44.467615,50,009,950500,1
"757 BEEDE RD CONCORD, VT 05824 ",757,BEEDE RD,CONCORD,VT,05824,-71.87701,44.394606,50,009,950500,2
"4170 MAIDSTONE LAKE RD MAIDSTONE, VT 05905 ",4170,MAIDSTONE LAKE RD,MAIDSTONE,VT,05905,-71.642973,44.661595,50,009,950100,1
"132 BUZZELL GAP GRANBY, VT 05858 ",132,BUZZELL GAP,GRANBY,VT,05858,-71.766597,44.578474,50,009,950500,1
"0 TREATMENT PLANT RD LUNENBURG, VT 05904 ",0,TREATMENT PLANT RD,LUNENBURG,VT,05904,-71.715757,44.411408,50,009,950500,3
"534 GALE ST CANAAN, VT 05903 ",534,GALE ST,CANAAN,VT,05903,-71.543567,44.999665,50,009,950100,2
"685 LAKESHORE DR BRIGHTON, VT 05846 ",685,LAKESHORE DR,BRIGHTON,VT,05846,-71.857469,44.794786,50,009,950200,1
"775 VT ROUTE 253 CANAAN, VT 05902 ",775,VT ROUTE 253,CANAAN,VT,05902,-71.513024,45.005677,50,009,950100,2
"2288 LADD RD CONCORD, VT 05824 ",2288,LADD RD,CONCORD,VT,05824,-71.826981,44.452577,50,009,950500,2
"8987 GRANBY RD GRANBY, VT 05858 ",8987,GRANBY RD,GRANBY,VT,05858,-71.757797,44.569904,50,009,950500,1
"6670 VT ROUTE 102 BRUNSWICK, VT 05905 ",6670,VT ROUTE 102,BRUNSWICK,VT,05905,-71.59514,44.668376,50,009,950100,1
"3977 VT ROUTE 114 S NORTON, VT 05907 ",3977,VT ROUTE 114  S,NORTON,VT,05907,-71.829941,44.960542,50,009,950100,1
"0 POND HILL RD LUNENBURG, VT 05906 ",0,POND HILL RD,LUNENBURG,VT,05906,-71.713962,44.508589,50,009,950500,1
"2032 SIMS HILL RD LEMINGTON, VT 05903 ",2032,SIMS HILL RD,LEMINGTON,VT,05903,-71.582439,44.863017,50,009,950100,1
"0 VT ROUTE 102 BLOOMFIELD, VT 05905 ",0,VT ROUTE 102,BLOOMFIELD,VT,05905,-71.580276,44.788707,50,009,950100,1
"80 UNKNOWN RD GUILDHALL, VT 05905 ",80,UNKNOWN RD,GUILDHALL,VT,05905,-71.66622,44.5732,50,009,950500,1
"0 VT ROUTE 102 BLOOMFIELD, VT 05905 ",0,VT ROUTE 102,BLOOMFIELD,VT,05905,-71.581345,44.787177,50,009,950100,1
"389 RAILROAD ST BRIGHTON, VT 05846 ",389,RAILROAD ST,BRIGHTON,VT,05846,-71.887343,44.81798,50,009,950200,1
"650 BEECHER POND RD BRIGHTON, VT 05846 ",650,BEECHER POND RD,BRIGHTON,VT,05846,-71.841782,44.819589,50,009,950200,1
"525 JOHNSON RD CONCORD, VT 05824 ",525,JOHNSON RD,CONCORD,VT,05824,-71.844151,44.406103,50,009,950500,2
"0 MAIDSTONE LAKE RD MAIDSTONE, VT 05905 ",0,MAIDSTONE LAKE RD,MAIDSTONE,VT,05905,-71.640531,44.649369,50,009,950100,1
"157 SHADOW LAKE RD CONCORD, VT 05824 ",157,SHADOW LAKE RD,CONCORD,VT,05824,-71.888058,44.427103,50,009,950500,2
"0 VT ROUTE 114 CANAAN, VT 05903 ",0,VT ROUTE 114,CANAAN,VT,05903,-71.59862,45.010665,50,009,950100,2
"1025 LAKESHORE DR BRIGHTON, VT 05846 ",1025,LAKESHORE DR,BRIGHTON,VT,05846,-71.858452,44.798564,50,009,950200,1
"3163 SHADOW LAKE RD CONCORD, VT 05824 ",3163,SHADOW LAKE RD,CONCORD,VT,05824,-71.860907,44.40112,50,009,950500,2
"3274 EAST HAVEN RD BRIGHTON, VT 05846 ",3274,EAST HAVEN RD,BRIGHTON,VT,05846,-71.892213,44.755624,50,009,950200,1
"2537 WESTSIDE LAKE RD MAIDSTONE, VT 05905 ",2537,WESTSIDE LAKE RD,MAIDSTONE,VT,05905,-71.662051,44.638297,50,009,950100,1
"1104 MILES POND RD CONCORD, VT 05858 ",1104,MILES POND RD,CONCORD,VT,05858,-71.805289,44.450554,50,009,950500,2
"10 LAKE EAST 2 MAIDSTONE, VT 05905 ",10,LAKE EAST 2,MAIDSTONE,VT,05905,-71.641216,44.641879,50,009,950100,1
"0 E MAIN ST LUNENBURG, VT 05906 ",0,E   MAIN ST,LUNENBURG,VT,05906,-71.667769,44.463178,50,009,950500,3
"210 COTTAGE RD AVERILL, VT 05901 ",210,COTTAGE RD,AVERILL,VT,05901,-71.707086,44.996378,50,009,950100,1
"0 RIVER RD LUNENBURG, VT 05904 ",0,RIVER RD,LUNENBURG,VT,05904,-71.697343,44.418679,50,009,950500,3
"535 LAKESHORE DR BRIGHTON, VT 05846 ",535,LAKESHORE DR,BRIGHTON,VT,05846,-71.85988,44.793501,50,009,950200,1
"57 PROSPECT ST CONCORD, VT 05824 ",57,PROSPECT ST,CONCORD,VT,05824,-71.890756,44.42729,50,009,950500,2
"724 GIDEONS MILL RD BRIGHTON, VT 05846 ",724,GIDEONS MILL RD,BRIGHTON,VT,05846,-71.924061,44.816537,50,009,950200,1
"0 LANCASTER RD LUNENBURG, VT 05906 ",0,LANCASTER RD,LUNENBURG,VT,05906,-71.633865,44.484715,50,009,950500,1
"179 RESERVOIR RD CANAAN, VT 05903 ",179,RESERVOIR RD,CANAAN,VT,05903,-71.536966,45.000804,50,009,950100,2
"2333 BOBBIN MILL RD LUNENBURG, VT 05906 ",2333,BOBBIN MILL RD,LUNENBURG,VT,05906,-71.64974,44.477107,50,009,950500,1
"6135 VT ROUTE 102 GUILDHALL, VT 05905 ",6135,VT ROUTE 102,GUILDHALL,VT,05905,-71.581975,44.567205,50,009,950500,1
"266 RESERVOIR RD BRIGHTON, VT 05846 ",266,RESERVOIR RD,BRIGHTON,VT,05846,-71.875352,44.796063,50,009,950200,1
"76 LYMAN RD LEMINGTON, VT 05905 ",76,LYMAN RD,LEMINGTON,VT,05905,-71.556322,44.849973,50,009,950100,1
"567 CHARLESTON RD BRIGHTON, VT 05846 ",567,CHARLESTON RD,BRIGHTON,VT,05846,-71.897454,44.79983,50,009,950200,1
"58 MCLAUGHLIN RD LUNENBURG, VT 05906 ",58,MCLAUGHLIN RD,LUNENBURG,VT,05906,-71.693596,44.483775,50,009,950500,1
"2565 ROYALSTON CORNER RD CONCORD, VT 05824 ",2565,ROYALSTON CORNER RD,CONCORD,VT,05824,-71.836442,44.430002,50,009,950500,2
"388 NORTH RD GUILDHALL, VT 05905 ",388,NORTH RD,GUILDHALL,VT,05905,-71.590688,44.571577,50,009,950500,1
"95 VICTORIAN RD EAST HAVEN, VT 05837 ",95,VICTORIAN RD,EAST HAVEN,VT,05837,-71.889296,44.658695,50,009,950500,1
"46 DAVIS RD BRIGHTON, VT 05846 ",46,DAVIS RD,BRIGHTON,VT,05846,-71.918931,44.778009,50,009,950200,1
"4002 VICTORY RD VICTORY, VT 05858 ",4002,VICTORY RD,VICTORY,VT,05858,-71.789569,44.575831,50,009,950500,1
"207 BILODEAU RD BRIGHTON, VT 05846 ",207,BILODEAU RD,BRIGHTON,VT,05846,-71.898028,44.816118,50,009,950200,1
"150 CHARLOTTE LN CONCORD, VT 05824 ",150,CHARLOTTE LN,CONCORD,VT,05824,-71.872592,44.404931,50,009,950500,2
"573 HEAD OF THE POND RD BRIGHTON, VT 05846 ",573,HEAD OF THE POND RD,BRIGHTON,VT,05846,-71.864961,44.783903,50,009,950200,1
"61 BEACH RD MAIDSTONE, VT 05905 ",61,BEACH RD,MAIDSTONE,VT,05905,-71.639811,44.653096,50,009,950100,1
"0 VT ROUTE 102 BLOOMFIELD, VT 05905 ",0,VT ROUTE 102,BLOOMFIELD,VT,05905,-71.580248,44.789635,50,009,950100,1
"3636 HEAD OF THE POND RD BRIGHTON, VT 05846 ",3636,HEAD OF THE POND RD,BRIGHTON,VT,05846,-71.819211,44.784744,50,009,950200,1
"919 BEEDE RD CONCORD, VT 05824 ",919,BEEDE RD,CONCORD,VT,05824,-71.876035,44.397026,50,009,950500,2
"0 GUILDHALL HILL RD LUNENBURG, VT 05906 ",0,GUILDHALL HILL RD,LUNENBURG,VT,05906,-71.660689,44.498425,50,009,950500,1
"62 VICTORY RD CONCORD, VT 05858 ",62,VICTORY RD,CONCORD,VT,05858,-71.857469,44.469278,50,009,950500,2
"167 LLOYD POTTER RD LEWIS, VT 05907 ",167,LLOYD POTTER RD,LEWIS,VT,05907,-71.777212,44.882257,50,009,950100,1
"37 POLLARD HL CANAAN, VT 05903 ",37,POLLARD HL,CANAAN,VT,05903,-71.596777,44.95537,50,009,950100,2
"1511 CEDARWOOD DR BRIGHTON, VT 05846 ",1511,CEDARWOOD DR,BRIGHTON,VT,05846,-71.899209,44.780939,50,009,950200,1
"0 RIVER RD LUNENBURG, VT 05904 ",0,RIVER RD,LUNENBURG,VT,05904,-71.688456,44.424318,50,009,950500,3
"1740 JACKSON RD AVERILL, VT 05901 ",1740,JACKSON RD,AVERILL,VT,05901,-71.698814,44.968312,50,009,950100,1
"251 DUPONT RD LUNENBURG, VT 05906 ",251,DUPONT RD,LUNENBURG,VT,05906,-71.736442,44.471761,50,009,950500,1
"828 OLSEN RD GRANBY, VT 05858 ",828,OLSEN RD,GRANBY,VT,05858,-71.750164,44.640493,50,009,950500,1
"2030 VT ROUTE 105 BLOOMFIELD, VT 05905 ",2030,VT ROUTE 105,BLOOMFIELD,VT,05905,-71.649385,44.77606,50,009,950100,1
"840 E MAIN ST CONCORD, VT 05824 ",840,E   MAIN ST,CONCORD,VT,05824,-71.870619,44.451463,50,009,950500,2
"0 BOBBIN MILL RD LUNENBURG, VT 05906 ",0,BOBBIN MILL RD,LUNENBURG,VT,05906,-71.668494,44.491996,50,009,950500,1
"670 MOUNT TUG RD VICTORY, VT 05858 ",670,MOUNT TUG RD,VICTORY,VT,05858,-71.740193,44.549694,50,009,950500,1
"181 KIMBALL RD LUNENBURG, VT 05906 ",181,KIMBALL RD,LUNENBURG,VT,05906,-71.696074,44.46627,50,009,950500,1
"144 BAREFOOT RD CONCORD, VT 05824 ",144,BAREFOOT RD,CONCORD,VT,05824,-71.872973,44.396974,50,009,950500,2
"0 VT ROUTE 102 CANAAN, VT 05903 ",0,VT ROUTE 102,CANAAN,VT,05903,-71.51242,44.917296,50,009,950100,2
"73 W MAIN ST LUNENBURG, VT 05906 ",73,W  MAIN ST,LUNENBURG,VT,05906,-71.685145,44.462852,50,009,950500,3
"2575 LOST NATION RD EAST HAVEN, VT 05837 ",2575,LOST NATION RD,EAST HAVEN,VT,05837,-71.851114,44.693565,50,009,950500,1
"941 LADD RD CONCORD, VT 05858 ",941,LADD RD,CONCORD,VT,05858,-71.851477,44.461972,50,009,950500,2
"3734 VT ROUTE 114 WARRENS GORE, VT 05907 ",3734,VT ROUTE 114,WARRENS GORE,VT,05907,-71.859502,44.934367,50,009,950100,1
"75 COTTAGE DR BRIGHTON, VT 05846 ",75,COTTAGE DR,BRIGHTON,VT,05846,-71.875237,44.802795,50,009,950200,1
"1495 JOHNSON RD CONCORD, VT 05824 ",1495,JOHNSON RD,CONCORD,VT,05824,-71.827165,44.403612,50,009,950500,2
"1000 RODIN RD AVERILL, VT 05901 ",1000,RODIN RD,AVERILL,VT,05901,-71.708852,44.950943,50,009,950100,1
"0 BOBBIN MILL RD LUNENBURG, VT 05906 ",0,BOBBIN MILL RD,LUNENBURG,VT,05906,-71.677886,44.472315,50,009,950500,1
"147 CANAAN MOBILE HOME PARK CANAAN, VT 05903 ",147,CANAAN MOBILE HOME PARK,CANAAN,VT,05903,-71.542429,44.995165,50,009,950100,2
"226 E MAIN ST LUNENBURG, VT 05906 ",226,E   MAIN ST,LUNENBURG,VT,05906,-71.673083,44.462668,50,009,950500,3
"5452 MAIDSTONE LAKE RD MAIDSTONE, VT 05905 ",5452,MAIDSTONE LAKE RD,MAIDSTONE,VT,05905,-71.641281,44.644837,50,009,950100,1
"0 VT ROUTE 102 BLOOMFIELD, VT 05905 ",0,VT ROUTE 102,BLOOMFIELD,VT,05905,-71.57539,44.810353,50,009,950100,1
"106 COWAN RD AVERILL, VT 05901 ",106,COWAN RD,AVERILL,VT,05901,-71.705815,44.963383,50,009,950100,1
"0 VT ROUTE 102 BLOOMFIELD, VT 05905 ",0,VT ROUTE 102,BLOOMFIELD,VT,05905,-71.588007,44.785781,50,009,950100,1
"1049 GAUDETTE RD NORTON, VT 05907 ",1049,GAUDETTE RD,NORTON,VT,05907,-71.760486,44.959987,50,009,950100,1
"0 FULLER RD BLOOMFIELD, VT 05905 ",0,FULLER RD,BLOOMFIELD,VT,05905,-71.594086,44.78294,50,009,950100,1
"311 VT ROUTE 102 GUILDHALL, VT 05905 ",311,VT ROUTE 102,GUILDHALL,VT,05905,-71.596383,44.50049,50,009,950500,1
"92 SUNSET DR BRIGHTON, VT 05846 ",92,SUNSET DR,BRIGHTON,VT,05846,-71.85916,44.799672,50,009,950200,1
"707 NORTH RD GUILDHALL, VT 05905 ",707,NORTH RD,GUILDHALL,VT,05905,-71.596146,44.57399,50,009,950500,1
"1069 HEAD OF THE POND RD BRIGHTON, VT 05846 ",1069,HEAD OF THE POND RD,BRIGHTON,VT,05846,-71.857377,44.779695,50,009,950200,1
"1538 JOHNSON RD CONCORD, VT 05824 ",1538,JOHNSON RD,CONCORD,VT,05824,-71.827243,44.402554,50,009,950500,2
"367 SHORES HL GRANBY, VT 05858 ",367,SHORES HL,GRANBY,VT,05858,-71.746068,44.565096,50,009,950500,1
"5775 VT ROUTE 102 GUILDHALL, VT 05905 ",5775,VT ROUTE 102,GUILDHALL,VT,05905,-71.589246,44.566434,50,009,950500,1
"597 VT ROUTE 114 EAST HAVEN, VT 05837 ",597,VT ROUTE 114,EAST HAVEN,VT,05837,-71.893228,44.647489,50,009,950500,1
"154 WHITE BIRCH LN BRIGHTON, VT 05846 ",154,WHITE BIRCH LN,BRIGHTON,VT,05846,-71.857759,44.795854,50,009,950200,1
"33 JOHNNY CAKE AVE LUNENBURG, VT 05906 ",33,JOHNNY CAKE AVE,LUNENBURG,VT,05906,-71.686853,44.461675,50,009,950500,3
"2098 NEWARK RD BRIGHTON, VT 05846 ",2098,NEWARK RD,BRIGHTON,VT,05846,-71.931268,44.765417,50,009,950200,1
"2200 VT ROUTE 114 EAST HAVEN, VT 05837 ",2200,VT ROUTE 114,EAST HAVEN,VT,05837,-71.885573,44.669646,50,009,950500,1
"244 HASTINGS RD LUNENBURG, VT 05906 ",244,HASTINGS RD,LUNENBURG,VT,05906,-71.738023,44.457302,50,009,950500,3
"1781 WESTSIDE LAKE RD MAIDSTONE, VT 05905 ",1781,WESTSIDE LAKE RD,MAIDSTONE,VT,05905,-71.656499,44.646926,50,009,950100,1
"1199 RAILROAD ST BRIGHTON, VT 05846 ",1199,RAILROAD ST,BRIGHTON,VT,05846,-71.900313,44.825078,50,009,950200,1
"337 LEWIS POND TRL LEWIS, VT 05907 ",337,LEWIS POND TRL,LEWIS,VT,05907,-71.782652,44.881589,50,009,950100,1
"457 NORTON RD BRIGHTON, VT 05846 ",457,NORTON RD,BRIGHTON,VT,05846,-71.907655,44.830316,50,009,950200,1
"335 MAIN ST CONCORD, VT 05824 ",335,MAIN ST,CONCORD,VT,05824,-71.888951,44.428981,50,009,950500,2
"2244 CANAAN HILL RD AVERILL, VT 05901 ",2244,CANAAN HILL RD,AVERILL,VT,05901,-71.642676,44.973499,50,009,950100,1
"23 WENDEL RD CONCORD, VT 05824 ",23,WENDEL RD,CONCORD,VT,05824,-71.869523,44.456182,50,009,950500,2
"120 LAKE RD LUNENBURG, VT 05906 ",120,LAKE RD,LUNENBURG,VT,05906,-71.688934,44.49472,50,009,950500,1
"94 VT ROUTE 105 BLOOMFIELD, VT 05905 ",94,VT ROUTE 105,BLOOMFIELD,VT,05905,-71.632787,44.754058,50,009,950100,1
"487 BREAULT RD GUILDHALL, VT 05905 ",487,BREAULT RD,GUILDHALL,VT,05905,-71.602024,44.567538,50,009,950500,1
"0 W LUNENBURG RD LUNENBURG, VT 05906 ",0,W  LUNENBURG RD,LUNENBURG,VT,05906,-71.761666,44.468235,50,009,950500,3
"211 W MAIN ST CONCORD, VT 05824 ",211,W   MAIN ST,CONCORD,VT,05824,-71.918375,44.444626,50,009,950500,2
"1369 E BRIGHTON RD BRIGHTON, VT 05846 ",1369,E  BRIGHTON RD,BRIGHTON,VT,05846,-71.859246,44.810236,50,009,950200,1
"224 COMMERCIAL AVE LUNENBURG, VT 05904 ",224,COMMERCIAL AVE,LUNENBURG,VT,05904,-71.723066,44.413383,50,009,950500,3
"4923 VT ROUTE 114 S NORTON, VT 05907 ",4923,VT ROUTE 114   S,NORTON,VT,05907,-71.842849,44.951162,50,009,950100,1
"637 VT ROUTE 102 GUILDHALL, VT 05905 ",637,VT ROUTE 102,GUILDHALL,VT,05905,-71.595842,44.505425,50,009,950500,1
"266 MAIN ST CONCORD, VT 05824 ",266,MAIN ST,CONCORD,VT,05824,-71.890514,44.428741,50,009,950500,2
"280 MAPLEWOOD FARM RD GUILDHALL, VT 05905 ",280,MAPLEWOOD FARM RD,GUILDHALL,VT,05905,-71.620904,44.54418,50,009,950500,1
"0 CANAAN HILL RD CANAAN, VT 05903 ",0,CANAAN HILL RD,CANAAN,VT,05903,-71.557451,44.980971,50,009,950100,2
"4905 VT ROUTE 102 MAIDSTONE, VT 05905 ",4905,VT ROUTE 102,MAIDSTONE,VT,05905,-71.559419,44.629793,50,009,950100,1
"423 GRAHAM RD BRUNSWICK, VT 05905 ",423,GRAHAM RD,BRUNSWICK,VT,05905,-71.640084,44.75065,50,009,950100,1
"7218 VT ROUTE 102 GUILDHALL, VT 05905 ",7218,VT ROUTE 102,GUILDHALL,VT,05905,-71.559984,44.564958,50,009,950500,1
"545 KEMP HILL RD CANAAN, VT 05903 ",545,KEMP HILL RD,CANAAN,VT,05903,-71.548294,44.975163,50,009,950100,2
"43 EAST ST CANAAN, VT 05902 ",43,EAST ST,CANAAN,VT,05902,-71.505947,45.00973,50,009,950100,2
"3071 E BRIGHTON RD BRIGHTON, VT 05846 ",3071,E  BRIGHTON RD,BRIGHTON,VT,05846,-71.835559,44.794457,50,009,950200,1
"281 WESTSIDE LAKE RD MAIDSTONE, VT 05905 ",281,WESTSIDE LAKE RD,MAIDSTONE,VT,05905,-71.648678,44.663888,50,009,950100,1
"3667 LEONARD HILL RD CONCORD, VT 05824 ",3667,LEONARD HILL RD,CONCORD,VT,05824,-71.824929,44.41752,50,009,950500,2
"3381 OREGON RD CONCORD, VT 05906 ",3381,OREGON RD,CONCORD,VT,05906,-71.750645,44.422111,50,009,950500,2
"725 VT ROUTE 102 CANAAN, VT 05903 ",725,VT ROUTE 102,CANAAN,VT,05903,-71.516505,44.918817,50,009,950100,2
"66 PERKINS RD LUNENBURG, VT 05906 ",66,PERKINS RD,LUNENBURG,VT,05906,-71.734513,44.462379,50,009,950500,3
"440 DERBY ST BRIGHTON, VT 05846 ",440,DERBY ST,BRIGHTON,VT,05846,-71.886961,44.807871,50,009,950200,1
"225 E MAIN ST LUNENBURG, VT 05906 ",225,E   MAIN ST,LUNENBURG,VT,05906,-71.673851,44.464216,50,009,950500,1
"249 LANCASTER RD LUNENBURG, VT 05906 ",249,LANCASTER RD,LUNENBURG,VT,05906,-71.648881,44.471148,50,009,950500,1
"0 TEMPLE BARWAY RD LUNENBURG, VT 05906 ",0,TEMPLE BARWAY RD,LUNENBURG,VT,05906,-71.735382,44.511271,50,009,950500,1
"49 MILL ST EXT BRIGHTON, VT 05846 ",49,MILL ST EXT,BRIGHTON,VT,05846,-71.87999,44.814949,50,009,950200,1
"3025 VT ROUTE 102 BLOOMFIELD, VT 05905 ",3025,VT ROUTE 102,BLOOMFIELD,VT,05905,-71.595444,44.782262,50,009,950100,1
"204 COMMERCIAL AVE LUNENBURG, VT 05904 ",204,COMMERCIAL AVE,LUNENBURG,VT,05904,-71.72265,44.413466,50,009,950500,3
"1091 POND HILL RD LUNENBURG, VT 05906 ",1091,POND HILL RD,LUNENBURG,VT,05906,-71.704801,44.493911,50,009,950500,1
"1219 KEMP HILL RD CANAAN, VT 05903 ",1219,KEMP HILL RD,CANAAN,VT,05903,-71.552314,44.96701,50,009,950100,2
"0 HILLTOP DR CANAAN, VT 05903 ",0,HILLTOP DR,CANAAN,VT,05903,-71.536754,45.002614,50,009,950100,2
"0 WESTSIDE LAKE RD MAIDSTONE, VT 05905 ",0,WESTSIDE LAKE RD,MAIDSTONE,VT,05905,-71.651856,44.648719,50,009,950100,1
"291 MAIN ST CONCORD, VT 05824 ",291,MAIN ST,CONCORD,VT,05824,-71.889797,44.429043,50,009,950500,2
"0 PAUL STREAM POND RD BRUNSWICK, VT 05905 ",0,PAUL STREAM POND RD,BRUNSWICK,VT,05905,-71.623833,44.691856,50,009,950100,1
"159 SCHOOL ST EAST HAVEN, VT 05837 ",159,SCHOOL ST,EAST HAVEN,VT,05837,-71.891458,44.641679,50,009,950500,1
"590 WOODWARD RD CONCORD, VT 05824 ",590,WOODWARD RD,CONCORD,VT,05824,-71.891725,44.43818,50,009,950500,2
"4 LUND LN GRANBY, VT 05858 ",4,LUND LN,GRANBY,VT,05858,-71.782107,44.579727,50,009,950500,1
"20 WEST MOUNTAIN POND RD MAIDSTONE, VT 05905 ",20,WEST MOUNTAIN POND RD,MAIDSTONE,VT,05905,-71.635194,44.684774,50,009,950100,1
"287 SPENCER HILL RD BLOOMFIELD, VT 05905 ",287,SPENCER HILL RD,BLOOMFIELD,VT,05905,-71.632963,44.757759,50,009,950100,1
"8747 GRANBY RD GRANBY, VT 05858 ",8747,GRANBY RD,GRANBY,VT,05858,-71.75464,44.5702,50,009,950500,1
"0 VT ROUTE 114 CANAAN, VT 05903 ",0,VT ROUTE 114,CANAAN,VT,05903,-71.684486,45.006247,50,009,950100,2
"665 FUND RD CANAAN, VT 05903 ",665,FUND RD,CANAAN,VT,05903,-71.572234,44.988015,50,009,950100,2
"168 DANCE HALL RD LUNENBURG, VT 05906 ",168,DANCE HALL RD,LUNENBURG,VT,05906,-71.758653,44.464175,50,009,950500,3
"0 SFH MAIDSTONE, VT 05905 ",0,SFH,MAIDSTONE,VT,05905,-71.645641,44.635271,50,009,950100,1
"451 LONG HILL RD CONCORD, VT 05824 ",451,LONG HILL RD,CONCORD,VT,05824,-71.874259,44.425801,50,009,950500,2
"830 ROAD MAKER LN CANAAN, VT 05903 ",830,ROAD MAKER LN,CANAAN,VT,05903,-71.538525,45.011848,50,009,950100,2
"703 VICTORY RD VICTORY, VT 05858 ",703,VICTORY RD,VICTORY,VT,05858,-71.843842,44.597482,50,009,950500,1
"624 ARTHUR JOHN RD BRIGHTON, VT 05846 ",624,ARTHUR JOHN RD,BRIGHTON,VT,05846,-71.83206,44.76556,50,009,950200,1
"621 VT ROUTE 114 CANAAN, VT 05903 ",621,VT ROUTE 114,CANAAN,VT,05903,-71.554575,45.005146,50,009,950100,2
"0 HALL RD LUNENBURG, VT 05906 ",0,HALL RD,LUNENBURG,VT,05906,-71.702247,44.519122,50,009,950500,1
"95 DOW DR LUNENBURG, VT 05906 ",95,DOW DR,LUNENBURG,VT,05906,-71.741913,44.421674,50,009,950500,3
"534 VT ROUTE 102 CANAAN, VT 05903 ",534,VT ROUTE 102,CANAAN,VT,05903,-71.512581,44.917089,50,009,950100,2
"2771 LEONARD HILL RD CONCORD, VT 05824 ",2771,LEONARD HILL RD,CONCORD,VT,05824,-71.806764,44.421103,50,009,950500,2
"586 WILLSON RD CONCORD, VT 05858 ",586,WILLSON RD,CONCORD,VT,05858,-71.868814,44.476244,50,009,950500,2
"72 CHURCH HILL RD NORTON, VT 05907 ",72,CHURCH HILL RD,NORTON,VT,05907,-71.798458,45.001224,50,009,950100,1
"1775 CROSS RD CONCORD, VT 05824 ",1775,CROSS RD,CONCORD,VT,05824,-71.906396,44.425535,50,009,950500,2
"1610 CAMPERS LN CONCORD, VT 05824 ",1610,CAMPERS LN,CONCORD,VT,05824,-71.822599,44.447417,50,009,950500,2
"355 GALE ST CANAAN, VT 05903 ",355,GALE ST,CANAAN,VT,05903,-71.541377,44.997645,50,009,950100,2
"0 E MAIN ST LUNENBURG, VT 05906 ",0,E  MAIN ST,LUNENBURG,VT,05906,-71.655612,44.464564,50,009,950500,3
"2499 SHADOW LAKE RD CONCORD, VT 05824 ",2499,SHADOW LAKE RD,CONCORD,VT,05824,-71.870408,44.407358,50,009,950500,2
"0 VT ROUTE 253 CANAAN, VT 05902 ",0,VT ROUTE 253,CANAAN,VT,05902,-71.508535,45.008567,50,009,950100,2
"412 CRANK RD BLOOMFIELD, VT 05905 ",412,CRANK RD,BLOOMFIELD,VT,05905,-71.579953,44.82292,50,009,950100,1
"151 DUVAL RD BLOOMFIELD, VT 05905 ",151,DUVAL RD,BLOOMFIELD,VT,05905,-71.635053,44.754039,50,009,950100,1
"3167 PAUL STREAM RD FERDINAND, VT 05905 ",3167,PAUL STREAM RD,FERDINAND,VT,05905,-71.689942,44.648694,50,009,950100,1
"323 AUSTIN PL GRANBY, VT 05858 ",323,AUSTIN PL,GRANBY,VT,05858,-71.727243,44.572568,50,009,950500,1
"2657 VT ROUTE 114 CANAAN, VT 05903 ",2657,VT ROUTE 114,CANAAN,VT,05903,-71.592033,45.006521,50,009,950100,2
"442 LOOP RD AVERILL, VT 05901 ",442,LOOP RD,AVERILL,VT,05901,-71.693343,44.966935,50,009,950100,1
"3998 MAIDSTONE LAKE RD MAIDSTONE, VT 05905 ",3998,MAIDSTONE LAKE RD,MAIDSTONE,VT,05905,-71.645487,44.663039,50,009,950100,1
"1337 CLAY BROOK RD CANAAN, VT 05903 ",1337,CLAY BROOK RD,CANAAN,VT,05903,-71.59607,44.952716,50,009,950100,2
"7063 VT ROUTE 102 BRUNSWICK, VT 05905 ",7063,VT ROUTE 102,BRUNSWICK,VT,05905,-71.591044,44.664246,50,009,950100,1
"1021 LANCASTER RD LUNENBURG, VT 05906 ",1021,LANCASTER RD,LUNENBURG,VT,05906,-71.634157,44.489209,50,009,950500,1
"5034 MAIDSTONE LAKE RD MAIDSTONE, VT 05905 ",5034,MAIDSTONE LAKE RD,MAIDSTONE,VT,05905,-71.6405,44.651127,50,009,950100,1
"10 TRANSFER STATION RD LUNENBURG, VT 05906 ",10,TRANSFER STATION RD,LUNENBURG,VT,05906,-71.665381,44.463868,50,009,950500,3
"1956 BAPTIST HILL RD LUNENBURG, VT 05906 ",1956,BAPTIST HILL RD,LUNENBURG,VT,05906,-71.716654,44.417077,50,009,950500,3
"2111 HUDSON RD LEMINGTON, VT 05903 ",2111,HUDSON RD,LEMINGTON,VT,05903,-71.570881,44.936356,50,009,950100,1
"7098 VT ROUTE 102 LEMINGTON, VT 05905 ",7098,VT ROUTE 102,LEMINGTON,VT,05905,-71.504072,44.908054,50,009,950100,1
"152 MAIN ST CONCORD, VT 05824 ",152,MAIN ST,CONCORD,VT,05824,-71.892385,44.429463,50,009,950500,2
"24 MAIN ST BRIGHTON, VT 05846 ",24,MAIN ST,BRIGHTON,VT,05846,-71.880633,44.814902,50,009,950200,1
"0 MAIDSTONE LAKE RD MAIDSTONE, VT 05905 ",0,MAIDSTONE LAKE RD,MAIDSTONE,VT,05905,-71.644323,44.662346,50,009,950100,1
"78 WALKER RD FERDINAND, VT 05846 ",78,WALKER RD,FERDINAND,VT,05846,-71.801308,44.77357,50,009,950100,1
"144 FELLOWS RD GUILDHALL, VT 05905 ",144,FELLOWS RD,GUILDHALL,VT,05905,-71.597555,44.51247,50,009,950500,1
"196 BOYS CAMP RD LUNENBURG, VT 05906 ",196,BOYS CAMP RD,LUNENBURG,VT,05906,-71.695755,44.491608,50,009,950500,1
"2705 CANAAN HILL RD AVERILL, VT 05901 ",2705,CANAAN HILL RD,AVERILL,VT,05901,-71.635153,44.970332,50,009,950100,1
"2397 STONE DAM RD BLOOMFIELD, VT 05905 ",2397,STONE DAM RD,BLOOMFIELD,VT,05905,-71.702842,44.798191,50,009,950100,1
"4551 SHADOW LAKE RD CONCORD, VT 05824 ",4551,SHADOW LAKE RD,CONCORD,VT,05824,-71.854806,44.383453,50,009,950500,2
"786 VT ROUTE 102 BRUNSWICK, VT 05905 ",786,VT ROUTE 102,BRUNSWICK,VT,05905,-71.632119,44.738992,50,009,950100,1
"0 DENNIS POND RD BRUNSWICK, VT 05905 ",0,DENNIS POND RD,BRUNSWICK,VT,05905,-71.649896,44.72522,50,009,950100,1
"5727 VT ROUTE 102 CANAAN, VT 05903 ",5727,VT ROUTE 102,CANAAN,VT,05903,-71.543267,44.981128,50,009,950100,2
"1036 VT ROUTE 102 GUILDHALL, VT 05905 ",1036,VT ROUTE 102,GUILDHALL,VT,05905,-71.592929,44.510443,50,009,950500,1
"7031 VT ROUTE 102 GUILDHALL, VT 05905 ",7031,VT ROUTE 102,GUILDHALL,VT,05905,-71.563968,44.565246,50,009,950500,1
"4729 NORTH RD MAIDSTONE, VT 05905 ",4729,NORTH RD,MAIDSTONE,VT,05905,-71.612424,44.625914,50,009,950100,1
"415 HATCHERY BROOK RD AVERILL, VT 05901 ",415,HATCHERY BROOK RD,AVERILL,VT,05901,-71.696791,44.96291,50,009,950100,1
"11 DUPONT RD LUNENBURG, VT 05906 ",11,DUPONT RD,LUNENBURG,VT,05906,-71.735815,44.464768,50,009,950500,1
"42 TUG MOUNTAIN RD LUNENBURG, VT 05906 ",42,TUG MOUNTAIN RD,LUNENBURG,VT,05906,-71.720917,44.512202,50,009,950500,1
"0 RODIN RD AVERILL, VT 05901 ",0,RODIN RD,AVERILL,VT,05901,-71.703202,44.954297,50,009,950100,1
"135 WALTERS FARM RD EAST HAVEN, VT 05837 ",135,WALTERS FARM RD,EAST HAVEN,VT,05837,-71.895338,44.647106,50,009,950500,1
"0 HASTINGS RD LUNENBURG, VT 05906 ",0,HASTINGS RD,LUNENBURG,VT,05906,-71.738854,44.459953,50,009,950500,3
"1628 BAPTIST HILL RD LUNENBURG, VT 05906 ",1628,BAPTIST HILL RD,LUNENBURG,VT,05906,-71.720209,44.425551,50,009,950500,3
"0 VT ROUTE 114 CANAAN, VT 05903 ",0,VT ROUTE 114,CANAAN,VT,05903,-71.641498,45.006938,50,009,950100,2
"5142 MAIDSTONE LAKE RD MAIDSTONE, VT 05905 ",5142,MAIDSTONE LAKE RD,MAIDSTONE,VT,05905,-71.640771,44.649176,50,009,950100,1
"3451 VT ROUTE 114 S NORTON, VT 05907 ",3451,VT ROUTE 114  S,NORTON,VT,05907,-71.820924,44.964723,50,009,950100,1
"0 DANCE HALL RD LUNENBURG, VT 05906 ",0,DANCE HALL RD,LUNENBURG,VT,05906,-71.758611,44.462455,50,009,950500,3
"136 ALLEN RD MAIDSTONE, VT 05905 ",136,ALLEN RD,MAIDSTONE,VT,05905,-71.588149,44.598002,50,009,950100,1
"6074 RADAR RD EAST HAVEN, VT 05837 ",6074,RADAR RD,EAST HAVEN,VT,05837,-71.791116,44.653001,50,009,950500,1
"1555 W MAIN ST CONCORD, VT 05824 ",1555,W  MAIN ST,CONCORD,VT,05824,-71.898386,44.431781,50,009,950500,2
"49 GUILDHALL HILL RD LUNENBURG, VT 05906 ",49,GUILDHALL HILL RD,LUNENBURG,VT,05906,-71.659951,44.499231,50,009,950500,1
"978 W LUNENBURG RD LUNENBURG, VT 05906 ",978,W  LUNENBURG RD,LUNENBURG,VT,05906,-71.734493,44.464576,50,009,950500,1
"138 MAIN ST CONCORD, VT 05824 ",138,MAIN ST,CONCORD,VT,05824,-71.892707,44.429602,50,009,950500,2
"0 VT ROUTE 141 CANAAN, VT 05903 ",0,VT ROUTE 141,CANAAN,VT,05903,-71.557888,45.008859,50,009,950100,2
"3891 FELLOWS RD GUILDHALL, VT 05905 ",3891,FELLOWS RD,GUILDHALL,VT,05905,-71.642091,44.551112,50,009,950500,1
"304 DERBY ST BRIGHTON, VT 05846 ",304,DERBY ST,BRIGHTON,VT,05846,-71.885636,44.809915,50,009,950200,1
"400 STONY BROOK RD GRANBY, VT 05837 ",400,STONY BROOK RD,GRANBY,VT,05837,-71.710794,44.623998,50,009,950500,1
"399 LOOP RD AVERILL, VT 05901 ",399,LOOP RD,AVERILL,VT,05901,-71.694449,44.967549,50,009,950100,1
"108 MARSH RD NORTON, VT 05907 ",108,MARSH RD,NORTON,VT,05907,-71.791667,45.01049,50,009,950100,1
"1081 VT ROUTE 253 CANAAN, VT 05902 ",1081,VT ROUTE 253,CANAAN,VT,05902,-71.508291,45.0085,50,009,950100,2
"930 COTTAGE RD AVERILL, VT 05901 ",930,COTTAGE RD,AVERILL,VT,05901,-71.69738,44.988334,50,009,950100,1
"96 FOLSOM AVE CONCORD, VT 05824 ",96,FOLSOM AVE,CONCORD,VT,05824,-71.885758,44.429906,50,009,950500,2
"60 SOUTH ST BRIGHTON, VT 05846 ",60,SOUTH ST,BRIGHTON,VT,05846,-71.879423,44.816576,50,009,950200,1
"0 TODD HILL RD CANAAN, VT 05903 ",0,TODD HILL RD,CANAAN,VT,05903,-71.53358,44.926397,50,009,950100,2
"2055 W LUNENBURG RD LUNENBURG, VT 05906 ",2055,W  LUNENBURG RD,LUNENBURG,VT,05906,-71.771543,44.463259,50,009,950500,3
"632 CAMPERS LN CONCORD, VT 05824 ",632,CAMPERS LN,CONCORD,VT,05824,-71.80622,44.444911,50,009,950500,2
"42 FUND RD CANAAN, VT 05903 ",42,FUND RD,CANAAN,VT,05903,-71.563346,44.980704,50,009,950100,2
"410 KEMP HILL RD CANAAN, VT 05903 ",410,KEMP HILL RD,CANAAN,VT,05903,-71.548634,44.977152,50,009,950100,2
"2050 LONG HILL RD CONCORD, VT 05824 ",2050,LONG HILL RD,CONCORD,VT,05824,-71.861647,44.406733,50,009,950500,2
"748 BOBBIN MILL RD LUNENBURG, VT 05906 ",748,BOBBIN MILL RD,LUNENBURG,VT,05906,-71.672966,44.48117,50,009,950500,1
"25 VT ROUTE 105 FERDINAND, VT 05846 ",25,VT ROUTE 105,FERDINAND,VT,05846,-71.803162,44.785843,50,009,950100,1
"54 RIVERSIDE AVE LUNENBURG, VT 05906 ",54,RIVERSIDE AVE,LUNENBURG,VT,05906,-71.721635,44.412042,50,009,950500,3
"1347 WESTSIDE LAKE RD MAIDSTONE, VT 05905 ",1347,WESTSIDE LAKE RD,MAIDSTONE,VT,05905,-71.651319,44.650338,50,009,950100,1
"369 MOUNTAIN RD EAST HAVEN, VT 05837 ",369,MOUNTAIN RD,EAST HAVEN,VT,05837,-71.886717,44.644607,50,009,950500,1
"1427 BOBBIN MILL RD LUNENBURG, VT 05906 ",1427,BOBBIN MILL RD,LUNENBURG,VT,05906,-71.662271,44.497808,50,009,950500,1
"970 RESERVOIR RD CANAAN, VT 05903 ",970,RESERVOIR RD,CANAAN,VT,05903,-71.543561,45.010762,50,009,950100,2
"23 CEDAR ST LUNENBURG, VT 05904 ",23,CEDAR ST,LUNENBURG,VT,05904,-71.720242,44.414084,50,009,950500,3
"1346 CAMPERS LN CONCORD, VT 05824 ",1346,CAMPERS LN,CONCORD,VT,05824,-71.818593,44.445107,50,009,950500,2
"0 JEFFERSON AVE LUNENBURG, VT 05904 ",0,JEFFERSON AVE,LUNENBURG,VT,05904,-71.721578,44.414339,50,009,950500,3
"97 RIVER RD CANAAN, VT 05902 ",97,RIVER RD,CANAAN,VT,05902,-71.505792,45.008742,50,009,950100,2
"639 TAMARACK LN MAIDSTONE, VT 05905 ",639,TAMARACK LN,MAIDSTONE,VT,05905,-71.584882,44.593849,50,009,950100,1
"441 VT ROUTE 114 CANAAN, VT 05903 ",441,VT ROUTE 114,CANAAN,VT,05903,-71.552262,45.003087,50,009,950100,2
"0 GALE ST CANAAN, VT 05903 ",0,GALE ST,CANAAN,VT,05903,-71.542526,44.998249,50,009,950100,2
"379 W MAIN ST LUNENBURG, VT 05906 ",379,W  MAIN ST,LUNENBURG,VT,05906,-71.696183,44.460999,50,009,950500,3