GEOID20,POP20
500059570001029,0
500059570001116,17
500059570002041,0
500059570003007,67
500059570003049,16
500059570003099,0
500059570003150,0
500059570001001,5
500059570001002,0
500059570001003,40
500059570001005,23
500059570001006,0
500059570001008,0
500059570001009,16
500059570001011,0
500059570001012,22
500059570001014,0
500059570001015,5
500059570001016,11
500059570001017,9
500059570001018,0
500059570001086,21
500059570001087,4
500059570001088,9
500059570001090,9
500059570001091,17
500059570001093,3
500059570001094,8
500059570001096,23
500059570001097,12
500059570001099,6
500059570001100,5
500059570001101,0
500059570001103,0
500059570001104,30
500059570001105,15
500059570001106,9
500059570001107,13
500059570001108,0
500059570001109,10
500059570001110,19
500059570001111,16
500059570001019,1
500059570001020,15
500059570001021,0
500059570001022,0
500059570001023,2
500059570001024,7
500059570001025,14
500059570001026,11
500059570001027,5
500059570001028,7
500059570001030,0
500059570001031,2
500059570001033,7
500059570001034,4
500059570001036,3
500059570001037,2
500059570001038,16
500059570001040,33
500059570001041,57
500059570001043,6
500059570001044,10
500059570001046,43
500059570001047,8
500059570001049,0
500059570001050,1
500059570001051,5
500059570001053,5
500059570001054,23
500059570001056,11
500059570001057,0
500059570001059,26
500059570001060,0
500059570001061,5
500059570001063,28
500059570001064,3
500059570001066,9
500059570001067,0
500059570001112,34
500059570001113,2
500059570001114,16
500059570001115,25
500059570001117,0
500059570001118,6
500059570001120,0
500059570001121,11
500059570001123,0
500059570001124,0
500059570001125,0
500059570002001,0
500059570002002,73
500059570002004,0
500059570002005,0
500059570002007,8
500059570002008,15
500059570002010,32
500059570002011,0
500059570002012,6
500059570002014,8
500059570002015,28
500059570002017,24
500059570002018,0
500059570002020,10
500059570002021,5
500059570002022,20
500059570002024,5
500059570002025,21
500059570002027,8
500059570002028,19
500059570002029,20
500059570002030,15
500059570002031,12
500059570002032,13
500059570002033,46
500059570002034,4
500059570003037,1
500059570003038,0
500059570003039,0
500059570003040,0
500059570003041,17
500059570003042,39
500059570003043,0
500059570003044,2
500059570003045,0
500059570003046,5
500059570003047,0
500059570003048,0
500059570003050,34
500059570003052,0
500059570001068,0
500059570001069,6
500059570001070,21
500059570001071,0
500059570001072,20
500059570001073,31
500059570001074,13
500059570001075,20
500059570001076,0
500059570001077,27
500059570001078,14
500059570001079,12
500059570001080,14
500059570001081,7
500059570001083,0
500059570001084,9
500059570002035,2
500059570002036,25
500059570002037,19
500059570002038,10
500059570002039,17
500059570002040,12
500059570002042,13
500059570002043,32
500059570002045,18
500059570002046,0
500059570002048,0
500059570002049,6
500059570002050,26
500059570002052,20
500059570002053,0
500059570002055,19
500059570002056,14
500059570002058,2
500059570002059,2
500059570002061,0
500059570002062,0
500059570002063,25
500059570002065,11
500059570002066,12
500059570002068,4
500059570002069,10
500059570002071,0
500059570002072,23
500059570002073,12
500059570002075,0
500059570002076,0
500059570003001,0
500059570003002,0
500059570003003,0
500059570003004,0
500059570003005,0
500059570003006,3
500059570003053,14
500059570003055,6
500059570003056,19
500059570003057,10
500059570003059,47
500059570003060,34
500059570003062,17
500059570003063,39
500059570003065,11
500059570003066,9
500059570003067,0
500059570003069,14
500059570003070,18
500059570003072,4
500059570003073,8
500059570003075,11
500059570003076,34
500059570003078,0
500059570003079,0
500059570003080,19
500059570003082,4
500059570003083,10
500059570003085,0
500059570003086,35
500059570003087,0
500059570003088,4
500059570003089,20
500059570003090,19
500059570003091,54
500059570003092,6
500059570003093,60
500059570003094,0
500059570003095,9
500059570003096,17
500059570003097,0
500059570003098,15
500059570003100,0
500059570003008,0
500059570003009,9
500059570003010,1
500059570003011,58
500059570003012,20
500059570003013,0
500059570003014,8
500059570003015,29
500059570003016,3
500059570003018,0
500059570003019,0
500059570003020,3
500059570003022,2
500059570003023,3
500059570003025,2
500059570003026,6
500059570003028,33
500059570003029,20
500059570003030,18
500059570003032,0
500059570003033,35
500059570003035,0
500059570003036,10
500059570003101,12
500059570003103,0
500059570003104,38
500059570003106,8
500059570003107,6
500059570003108,3
500059570003110,15
500059570003111,23
500059570003113,0
500059570003114,2
500059570003116,0
500059570003117,9
500059570003119,0
500059570003120,10
500059570003121,27
500059570003123,7
500059570003124,20
500059570003126,16
500059570003127,5
500059570003129,26
500059570003130,5
500059570003131,22
500059570003133,25
500059570003134,0
500059570003136,0
500059570003137,0
500059570003138,9
500059570003139,2
500059570003140,8
500059570003141,4
500059570003142,4
500059570003143,33
500059570003144,9
500059570003145,7
500059570003146,9
500059570003147,0
500059570003148,16
500059570003149,0
500059570003151,0
500059570003152,13
500059570003051,2
500059570003054,5
500059570001089,18
500059570001092,0
500059570003058,0
500059570003061,16
500059570003064,0
500059570003068,31
500059570003071,5
500059570003074,29
500059570003077,16
500059570003081,0
500059570003084,10
500059570003102,19
500059570003105,10
500059570003109,2
500059570003112,0
500059570003115,0
500059570003118,10
500059570003122,0
500059570003125,2
500059570003128,0
500059570003132,18
500059570003135,0
500059570003153,13
500059570001095,12
500059570001098,12
500059570001102,7
500059570001119,0
500059570001122,1
500059570002000,0
500059570002003,0
500059570002006,4
500059570002009,19
500059570002013,26
500059570002016,7
500059570002019,15
500059570002023,49
500059570002026,1
500059570002044,10
500059570002047,21
500059570002051,13
500059570002054,0
500059570002057,17
500059570002060,0
500059570002064,36
500059570002067,2
500059570002070,3
500059570002074,7
500059570003000,7
500059570003017,0
500059570003021,38
500059570003024,7
500059570003027,5
500059570003031,0
500059570003034,0
500059570001000,0
500059570001004,7
500059570001007,4
500059570001010,7
500059570001013,2
500059570001032,0
500059570001035,75
500059570001039,10
500059570001042,27
500059570001045,24
500059570001048,41
500059570001052,36
500059570001055,2
500059570001058,48
500059570001062,19
500059570001065,22
500059570001082,21
500059570001085,68
500059571001047,19
500059571002029,21
500059571001037,30
500059571001038,26
500059571001040,27
500059571001041,0
500059571001043,47
500059571001044,41
500059571001046,34
500059571001048,9
500059571001050,0
500059571001051,17
500059571001053,21
500059571002000,7
500059571002002,0
500059571002003,20
500059571002004,16
500059571002006,2
500059571002007,27
500059571002009,35
500059571002010,10
500059571002012,0
500059571002013,25
500059571002015,0
500059571002016,0
500059571002017,11
500059571002018,16
500059571002019,4
500059571002020,3
500059571002021,71
500059571002022,26
500059571002023,5
500059571002024,14
500059571002025,4
500059571002026,67
500059571002027,136
500059571002028,6
500059571002030,1
500059571002031,28
500059571002033,0
500059571002034,0
500059571002036,21
500059571002037,3
500059571002038,0
500059571002040,49
500059571001000,10
500059571001001,27
500059571001003,6
500059571001004,50
500059571001005,15
500059571001007,4
500059571001008,6
500059571001010,0
500059571001011,10
500059571001013,18
500059571001014,11
500059571001016,53
500059571001017,1
500059571001018,5
500059571001020,24
500059571001021,18
500059571001023,13
500059571001024,34
500059571001026,11
500059571001027,33
500059571001028,4
500059571001030,7
500059571001031,2
500059571001033,9
500059571001034,81
500059571001035,9
500059571001036,34
500059571002041,10
500059571002043,0
500059571002044,24
500059571002046,31
500059571002047,23
500059571002049,27
500059571002050,59
500059571002051,3
500059571002053,165
500059571002054,5
500059571002056,12
500059571002057,12
500059571002059,10
500059571002060,0
500059571002061,0
500059571002063,8
500059571002064,5
500059571001039,7
500059571001042,0
500059571001045,29
500059571001049,0
500059571001052,0
500059571002001,34
500059571002005,0
500059571002008,11
500059571002011,11
500059571002014,0
500059571002032,4
500059571002035,34
500059571002039,11
500059571002042,3
500059571002045,17
500059571002048,12
500059571002052,11
500059571002055,46
500059571002058,12
500059571002062,1
500059571001002,63
500059571001006,9
500059571001009,50
500059571001012,4
500059571001015,4
500059571001019,10
500059571001022,7
500059571001025,12
500059571001029,3
500059571001032,33
500059572001015,36
500059572002049,40
500059572001001,25
500059572001002,10
500059572001003,28
500059572001004,23
500059572001005,51
500059572001006,0
500059572001007,0
500059572001008,0
500059572001009,0
500059572001010,12
500059572001011,24
500059572001012,2
500059572001013,450
500059572001014,2
500059572001016,8
500059572001017,55
500059572001019,16
500059572001020,5
500059572001022,0
500059572001023,37
500059572001024,0
500059572001026,0
500059572001027,0
500059572001029,6
500059572001030,9
500059572001032,6
500059572001033,53
500059572001035,8
500059572001036,18
500059572001037,22
500059572001039,0
500059572002000,10
500059572002002,0
500059572002003,61
500059572002005,0
500059572002006,0
500059572002007,7
500059572002009,0
500059572002010,0
500059572002012,0
500059572002013,49
500059572002014,10
500059572002015,0
500059572002016,45
500059572002017,0
500059572002018,0
500059572002019,0
500059572002020,20
500059572002021,9
500059572002022,0
500059572002023,0
500059572002024,23
500059572002025,0
500059572002026,48
500059572002027,67
500059572002029,9
500059572002030,45
500059572002033,15
500059572002034,15
500059572002036,15
500059572002037,29
500059572002038,59
500059572002039,0
500059572002040,54
500059572002041,35
500059572002042,71
500059572002043,89
500059572002044,59
500059572002045,361
500059572002046,22
500059572002047,19
500059572002048,8
500059572002050,0
500059572002032,22
500059572002035,2
500059572001000,45
500059572001018,18
500059572001021,3
500059572001025,6
500059572001028,0
500059572001031,0
500059572001034,48
500059572001038,14
500059572002001,12
500059572002004,21
500059572002008,0
500059572002011,0
500059572002028,150
500059572002031,17
500059573002023,31
500059573003039,18
500059573002031,0
500059573002032,47
500059573003001,25
500059573003002,14
500059573003004,0
500059573003005,0
500059573003007,1
500059573003008,20
500059573003010,4
500059573003011,12
500059573003012,0
500059573003014,86
500059573003015,46
500059573003017,30
500059573003018,10
500059573003020,10
500059573003021,24
500059573003022,17
500059573003024,12
500059573003025,5
500059573003027,7
500059573003028,16
500059573003029,1
500059573003030,113
500059573003031,0
500059573003032,8
500059573003033,0
500059573003034,0
500059573003035,37
500059573003036,9
500059573003037,9
500059573003038,7
500059573003040,5
500059573003041,45
500059573003042,0
500059573003043,30
500059573003045,22
500059573003046,17
500059573003048,14
500059573003049,14
500059573003051,0
500059573003052,37
500059573003053,0
500059573003055,6
500059573003056,9
500059573003058,276
500059573003059,8
500059573003061,20
500059573001000,3
500059573001002,12
500059573001003,137
500059573001005,39
500059573001006,23
500059573001007,19
500059573001009,12
500059573001010,17
500059573001012,0
500059573001013,0
500059573001015,74
500059573001016,8
500059573001018,4
500059573001019,0
500059573001020,13
500059573001022,2
500059573001023,83
500059573001025,80
500059573002000,5
500059573002002,0
500059573002003,0
500059573002004,0
500059573002006,0
500059573002007,0
500059573002009,45
500059573002010,0
500059573002011,19
500059573002012,51
500059573002013,18
500059573002014,0
500059573002015,0
500059573002016,28
500059573002017,0
500059573002018,5
500059573002019,0
500059573002020,0
500059573002021,0
500059573002022,0
500059573002024,47
500059573002025,21
500059573002027,45
500059573002028,102
500059573002030,63
500059573001001,0
500059573001004,9
500059573001008,25
500059573001011,0
500059573001014,144
500059573001017,22
500059573001021,46
500059573001024,24
500059573002001,47
500059573002005,21
500059573002008,0
500059573002026,49
500059573002029,0
500059573003000,0
500059573003003,0
500059573003006,0
500059573003009,2
500059573003013,0
500059573003016,25
500059573003019,84
500059573003023,22
500059573003026,89
500059573003044,30
500059573003047,42
500059573003050,44
500059573003054,0
500059573003057,102
500059573003060,9
500059574001042,0
500059574001093,55
500059574002030,0
500059574001000,0
500059574001001,4
500059574001003,13
500059574001004,0
500059574001006,0
500059574001007,8
500059574001009,8
500059574001010,8
500059574001012,0
500059574001013,14
500059574001014,4
500059574001016,86
500059574001017,0
500059574001019,56
500059574001020,30
500059574001022,15
500059574001023,44
500059574001025,0
500059574001026,10
500059574001027,0
500059574001029,7
500059574001030,16
500059574001031,0
500059574001032,1
500059574001033,41
500059574001034,0
500059574001035,0
500059574001036,0
500059574001037,0
500059574001038,0
500059574001039,12
500059574001040,0
500059574001041,4
500059574001043,0
500059574001044,0
500059574001046,62
500059574001047,0
500059574001049,0
500059574001050,0
500059574001051,0
500059574001053,0
500059574001054,4
500059574001056,22
500059574001057,0
500059574001059,0
500059574001060,0
500059574001062,7
500059574001063,16
500059574001064,7
500059574001066,15
500059574001067,0
500059574001069,5
500059574001070,0
500059574001072,0
500059574001073,41
500059574001074,0
500059574001076,0
500059574001077,6
500059574001079,0
500059574001080,195
500059574001081,30
500059574001082,0
500059574001083,21
500059574001084,0
500059574001085,0
500059574001086,0
500059574001087,0
500059574001088,37
500059574001089,47
500059574001090,31
500059574001091,122
500059574001092,0
500059574001094,0
500059574001095,64
500059574001097,0
500059574001098,0
500059574001100,0
500059574001101,6
500059574001102,0
500059574001104,0
500059574001105,8
500059574001107,7
500059574001108,4
500059574002001,5
500059574002002,0
500059574002004,76
500059574002005,57
500059574002006,126
500059574002008,0
500059574002009,21
500059574002011,13
500059574002012,0
500059574002014,0
500059574002015,0
500059574002016,39
500059574002018,88
500059574002019,0
500059574002021,0
500059574002022,65
500059574002023,0
500059574002024,0
500059574002025,101
500059574002026,62
500059574002027,1
500059574002028,27
500059574002029,58
500059574002031,38
500059574002032,86
500059574003000,85
500059574003001,46
500059574003002,87
500059574003003,41
500059574003004,48
500059574003006,48
500059574003007,22
500059574003009,73
500059574003010,51
500059574003012,33
500059574003013,12
500059574003015,99
500059574003016,85
500059574003017,13
500059574003019,262
500059574003020,7
500059574003022,0
500059574001002,6
500059574001005,0
500059574001008,16
500059574001011,76
500059574001015,4
500059574001018,0
500059574001021,0
500059574001024,1
500059574001028,0
500059574001045,4
500059574001048,7
500059574001052,19
500059574001055,0
500059574001058,1
500059574001061,3
500059574001065,36
500059574001068,22
500059574001071,0
500059574001075,6
500059574001078,0
500059574001096,0
500059574001099,0
500059574001103,13
500059574001106,20
500059574002000,0
500059574002003,9
500059574002007,71
500059574002010,72
500059574002013,0
500059574002017,99
500059574002020,0
500059574003005,33
500059574003008,23
500059574003011,0
500059574003014,7
500059574003018,93
500059574003021,0
500059575001015,21
500059575001062,7
500059575003016,31
500059575003019,18
500059575003020,31
500059575003022,0
500059575003023,81
500059575003025,16
500059575003026,0
500059575003027,0
500059575003029,0
500059575003030,2
500059575003032,0
500059575003033,22
500059575003034,0
500059575001000,9
500059575001002,126
500059575001003,0
500059575001004,0
500059575001005,8
500059575001006,20
500059575001007,6
500059575001008,0
500059575001009,51
500059575001010,14
500059575001011,12
500059575001012,0
500059575001013,0
500059575001016,0
500059575001018,49
500059575001019,7
500059575001020,26
500059575001022,4
500059575001023,0
500059575001025,74
500059575001026,27
500059575001028,0
500059575001029,150
500059575001030,6
500059575001032,23
500059575001033,22
500059575001035,88
500059575001036,15
500059575001038,242
500059575001039,29
500059575001041,2
500059575001042,0
500059575001043,0
500059575001045,14
500059575001046,2
500059575001048,0
500059575001049,2
500059575001050,0
500059575001051,11
500059575001052,4
500059575001053,6
500059575001054,36
500059575001055,5
500059575001056,9
500059575001057,0
500059575001058,29
500059575001059,0
500059575001060,4
500059575001061,11
500059575001063,0
500059575001064,0
500059575001066,5
500059575001067,0
500059575001069,0
500059575001070,0
500059575001071,8
500059575001073,37
500059575001074,48
500059575001076,0
500059575002000,201
500059575002002,20
500059575002003,12
500059575002005,28
500059575002006,0
500059575002007,0
500059575002009,17
500059575002010,67
500059575002012,26
500059575002013,31
500059575002015,63
500059575002016,139
500059575002017,0
500059575002019,14
500059575003000,20
500059575003002,59
500059575003003,60
500059575003004,18
500059575003005,18
500059575003006,0
500059575003007,38
500059575003008,70
500059575003009,75
500059575003010,0
500059575003011,0
500059575003012,7
500059575003013,144
500059575003014,102
500059575003015,13
500059575003017,177
500059575001014,147
500059575001017,4
500059575001021,28
500059575001024,94
500059575001027,38
500059575001031,11
500059575001034,3
500059575001037,0
500059575001040,14
500059575001044,0
500059575001047,95
500059575001065,0
500059575001068,0
500059575001072,0
500059575001075,0
500059575002001,0
500059575002004,15
500059575002008,0
500059575002011,132
500059575002014,85
500059575002018,0
500059575003001,0
500059575003018,61
500059575003021,0
500059575003024,16
500059575003028,0
500059575003031,5
500059575001001,18
500059576001015,5
500059576001027,0
500059576001046,95
500059576002026,77
500059576001026,8
500059576001028,0
500059576001030,8
500059576001031,29
500059576001033,0
500059576001034,8
500059576001035,9
500059576001036,3
500059576001037,6
500059576001038,58
500059576001039,12
500059576001040,11
500059576001041,17
500059576001042,33
500059576001043,19
500059576001044,43
500059576001045,12
500059576001047,72
500059576001048,56
500059576001050,1
500059576001051,55
500059576001053,3
500059576001054,0
500059576001055,29
500059576001057,4
500059576001058,6
500059576001060,22
500059576001061,7
500059576001063,44
500059576001064,0
500059576001066,0
500059576001067,28
500059576001068,1
500059576001000,0
500059576001001,7
500059576001070,0
500059576002000,21
500059576002002,12
500059576002003,12
500059576002005,20
500059576002006,19
500059576002007,0
500059576002009,0
500059576002010,21
500059576002012,2
500059576002013,1
500059576002014,4
500059576002015,10
500059576002016,9
500059576002017,69
500059576002018,1
500059576002019,9
500059576002020,17
500059576002021,17
500059576002022,4
500059576002023,7
500059576002024,17
500059576002025,15
500059576002027,0
500059576002028,15
500059576002030,20
500059576002031,9
500059576002033,0
500059576002034,0
500059576002035,20
500059576002037,3
500059576002038,0
500059576002040,21
500059576002041,51
500059576002043,0
500059576002044,0
500059576002046,10
500059576001002,22
500059576001003,9
500059576001004,18
500059576001005,0
500059576001006,1
500059576001007,29
500059576001008,10
500059576001009,15
500059576001010,21
500059576001011,10
500059576001013,40
500059576001014,23
500059576001017,15
500059576001018,0
500059576001020,18
500059576001021,0
500059576001023,6
500059576001024,12
500059576002047,10
500059576002048,7
500059576002050,29
500059576002051,0
500059576002053,0
500059576002054,28
500059576002056,0
500059576002057,0
500059576002058,4
500059576002060,13
500059576002061,32
500059576002063,0
500059576002064,0
500059576002065,6
500059576002066,7
500059576002067,23
500059576002069,0
500059576002070,0
500059576002072,2
500059576002073,0
500059576002074,6
500059576002076,0
500059576002004,29
500059576002008,7
500059576002011,28
500059576002029,24
500059576002032,0
500059576002036,29
500059576002039,13
500059576002042,0
500059576002045,18
500059576002049,8
500059576002052,3
500059576002055,0
500059576002059,26
500059576002062,29
500059576002068,0
500059576002071,2
500059576002075,0
500059576001012,155
500059576001016,35
500059576001019,5
500059576001022,22
500059576001025,44
500059576001029,38
500059576001032,27
500059576001049,94
500059576001052,11
500059576001056,0
500059576001059,5
500059576001062,3
500059576001065,12
500059576001069,3
500059576002001,25
500059577001067,48
500059577002036,18
500059577001031,13
500059577001033,101
500059577001034,20
500059577001036,11
500059577001037,57
500059577001039,41
500059577001040,0
500059577001041,27
500059577001043,0
500059577001044,10
500059577001046,5
500059577001047,0
500059577001049,36
500059577001050,39
500059577001052,4
500059577001053,34
500059577001054,42
500059577001055,16
500059577001056,12
500059577001057,33
500059577001058,6
500059577001059,0
500059577001060,0
500059577001061,29
500059577001062,11
500059577001063,7
500059577001064,5
500059577001065,44
500059577001066,54
500059577001068,0
500059577001069,0
500059577001071,0
500059577001072,20
500059577001074,3
500059577001075,4
500059577001076,15
500059577001078,11
500059577001079,39
500059577001081,8
500059577002000,84
500059577002002,24
500059577002003,3
500059577002005,41
500059577002006,55
500059577002007,13
500059577002009,27
500059577002010,17
500059577002012,26
500059577002013,73
500059577002015,12
500059577002016,0
500059577002017,0
500059577002019,0
500059577002020,8
500059577001000,6
500059577001002,3
500059577001003,0
500059577001005,47
500059577001006,21
500059577001008,0
500059577001009,42
500059577001010,13
500059577001012,52
500059577001013,0
500059577001015,49
500059577001016,0
500059577001018,0
500059577001019,11
500059577001020,0
500059577001022,29
500059577001023,4
500059577001025,65
500059577001026,50
500059577001027,7
500059577001028,2
500059577001029,46
500059577001030,5
500059577002022,9
500059577002023,8
500059577002024,37
500059577002025,3
500059577002026,36
500059577002027,40
500059577002028,67
500059577002029,3
500059577002030,65
500059577002031,20
500059577002032,193
500059577002033,22
500059577002034,6
500059577002035,16
500059577002037,48
500059577002038,6
500059577002040,15
500059577002041,18
500059577002043,30
500059577002044,37
500059577002045,10
500059577002047,2
500059577002048,12
500059577001001,0
500059577001004,16
500059577001007,17
500059577001011,8
500059577001014,22
500059577001017,8
500059577001021,3
500059577001024,61
500059577001032,25
500059577001035,0
500059577001038,50
500059577001042,0
500059577001045,41
500059577001048,0
500059577001051,19
500059577001070,13
500059577001073,34
500059577001077,13
500059577001080,4
500059577002001,58
500059577002004,25
500059577002008,24
500059577002011,18
500059577002014,23
500059577002018,0
500059577002021,0
500059577002039,54
500059577002042,0
500059577002046,23
500059577002049,0
500059578001024,9
500059578003002,0
500059578002006,6
500059578002057,10
500059578003049,0
500059578003100,0
500059578001053,0
500059578001054,0
500059578001056,8
500059578001057,0
500059578001059,3
500059578001060,0
500059578001061,0
500059578001063,12
500059578001064,29
500059578001066,5
500059578001067,0
500059578001069,14
500059578001070,0
500059578001071,0
500059578001073,12
500059578001074,2
500059578001075,7
500059578001076,0
500059578001077,4
500059578001078,3
500059578002000,16
500059578002001,6
500059578002002,45
500059578002003,6
500059578002004,0
500059578002005,0
500059578002007,0
500059578002008,0
500059578002010,3
500059578002011,0
500059578002013,0
500059578002014,8
500059578002015,0
500059578002017,3
500059578002018,0
500059578002020,0
500059578002021,6
500059578002023,52
500059578002024,5
500059578002026,20
500059578002027,4
500059578002028,11
500059578002030,15
500059578002031,18
500059578002033,7
500059578002034,16
500059578002036,1
500059578002037,0
500059578002038,0
500059578002040,6
500059578002041,30
500059578002043,4
500059578002044,2
500059578002045,12
500059578002046,6
500059578002047,14
500059578002048,107
500059578002049,6
500059578001012,64
500059578001013,1
500059578001014,6
500059578001015,40
500059578001016,0
500059578001017,0
500059578001018,9
500059578001019,5
500059578001020,0
500059578001021,1
500059578001022,23
500059578001023,1
500059578001026,39
500059578001027,18
500059578001029,34
500059578001030,20
500059578001031,2
500059578001033,2
500059578001034,25
500059578001036,4
500059578001037,14
500059578001039,11
500059578002050,9
500059578002051,0
500059578002052,12
500059578002053,0
500059578002054,14
500059578002055,12
500059578002056,0
500059578002058,5
500059578002059,2
500059578002061,3
500059578002062,0
500059578002064,24
500059578002065,2
500059578002066,9
500059578002068,22
500059578002069,3
500059578002071,0
500059578002072,0
500059578002074,0
500059578002075,0
500059578002077,10
500059578002078,34
500059578002079,2
500059578002081,70
500059578002082,16
500059578002084,1
500059578002085,19
500059578001040,0
500059578001041,13
500059578001043,6
500059578001044,48
500059578001046,22
500059578001047,3
500059578001049,4
500059578001050,2
500059578001052,0
500059578001000,4
500059578001001,4
500059578001003,2
500059578001004,0
500059578001006,12
500059578001007,10
500059578001008,5
500059578001010,13
500059578001011,8
500059578002088,47
500059578002089,6
500059578002091,0
500059578002092,0
500059578002093,1
500059578002095,0
500059578002096,0
500059578002098,0
500059578003000,0
500059578003001,0
500059578003003,4
500059578003004,13
500059578003005,37
500059578003006,0
500059578003007,17
500059578003008,0
500059578003009,4
500059578003010,0
500059578003011,0
500059578003012,12
500059578003013,0
500059578003014,0
500059578003016,8
500059578003017,0
500059578003018,0
500059578003020,0
500059578003021,16
500059578003023,10
500059578003024,5
500059578003026,0
500059578003027,0
500059578003029,42
500059578003031,0
500059578003032,42
500059578003034,0
500059578003035,8
500059578003036,0
500059578003037,0
500059578003038,19
500059578003039,11
500059578003040,5
500059578003041,109
500059578003042,12
500059578003043,5
500059578003044,0
500059578003045,9
500059578003046,0
500059578003047,7
500059578003048,19
500059578003050,7
500059578003051,36
500059578003053,16
500059578003054,28
500059578003056,0
500059578003057,0
500059578003058,5
500059578003060,2
500059578003061,0
500059578003063,0
500059578003064,0
500059578003066,5
500059578003067,23
500059578003069,0
500059578003070,28
500059578003071,9
500059578003073,2
500059578003074,8
500059578003076,17
500059578003077,1
500059578003079,21
500059578003080,27
500059578003081,0
500059578003083,0
500059578003084,0
500059578003086,71
500059578003087,0
500059578003088,1
500059578003089,8
500059578003090,17
500059578003091,0
500059578003092,0
500059578003093,0
500059578003094,23
500059578003095,13
500059578003096,27
500059578003097,0
500059578003098,39
500059578003099,58
500059578003101,0
500059578003102,3
500059578001025,1
500059578001028,6
500059578001032,5
500059578001035,5
500059578001038,33
500059578001042,0
500059578001045,10
500059578001048,13
500059578001051,8
500059578003030,9
500059578003033,10
500059578003052,0
500059578003055,0
500059578003059,14
500059578003062,50
500059578003065,0
500059578003068,0
500059578003072,40
500059578003075,4
500059578003078,2
500059578003082,0
500059578003085,12
500059578003103,9
500059578001055,4
500059578001058,5
500059578001062,16
500059578001065,0
500059578001068,0
500059578001072,6
500059578002009,0
500059578002012,1
500059578002016,26
500059578002019,26
500059578002022,0
500059578002025,16
500059578002029,0
500059578002032,3
500059578002035,7
500059578002039,18
500059578002042,15
500059578002060,22
500059578002063,16
500059578002067,0
500059578002070,6
500059578002073,0
500059578002076,13
500059578002080,7
500059578002083,10
500059578002086,7
500059578001002,0
500059578001005,0
500059578001009,20
500059578002087,6
500059578002090,0
500059578002094,17
500059578002097,0
500059578003015,48
500059578003019,15
500059578003022,20
500059578003025,17
500059578003028,6
500059579001051,2
500059579002082,0
500059579002002,6
500059579002062,0
500059579003004,0
500059579003059,0
500059579001036,19
500059579001037,21
500059579001038,20
500059579002077,0
500059579002078,1
500059579002079,14
500059579002080,0
500059579002081,30
500059579002083,0
500059579002084,36
500059579002085,0
500059579002086,5
500059579002087,0
500059579002089,2
500059579002090,3
500059579002092,6
500059579002093,10
500059579002095,10
500059579002096,16
500059579002097,14
500059579002099,6
500059579002100,6
500059579002102,0
500059579002103,0
500059579002105,9
500059579002106,10
500059579002107,0
500059579002109,35
500059579002110,9
500059579002112,0
500059579002113,0
500059579002115,0
500059579002116,9
500059579001039,28
500059579001040,0
500059579001041,47
500059579001043,31
500059579001044,18
500059579001046,0
500059579001047,0
500059579001048,26
500059579001049,2
500059579001050,0
500059579001052,0
500059579001053,37
500059579001054,60
500059579001055,13
500059579001056,5
500059579001057,20
500059579001058,4
500059579001059,24
500059579001060,5
500059579001061,0
500059579001063,0
500059579001064,9
500059579001065,1
500059579001067,0
500059579001068,6
500059579001070,4
500059579001071,32
500059579001073,3
500059579001074,0
500059579001076,0
500059579001077,13
500059579001078,59
500059579001079,21
500059579001081,0
500059579001082,0
500059579001084,0
500059579001085,11
500059579001087,0
500059579001088,0
500059579001090,0
500059579001091,0
500059579001092,0
500059579001094,11
500059579001095,0
500059579001097,0
500059579001098,16
500059579001100,2
500059579001101,0
500059579001102,0
500059579001104,0
500059579001105,0
500059579001106,12
500059579001107,9
500059579001108,9
500059579001109,9
500059579001110,5
500059579001111,2
500059579001112,0
500059579001113,0
500059579001114,0
500059579001115,0
500059579002000,41
500059579002001,4
500059579002003,3
500059579002004,3
500059579002006,25
500059579002007,26
500059579002009,9
500059579002010,0
500059579002011,0
500059579002013,0
500059579002014,9
500059579002016,53
500059579002017,9
500059579002019,0
500059579002020,0
500059579002022,33
500059579002023,0
500059579002024,34
500059579002026,0
500059579002027,0
500059579002029,0
500059579002030,21
500059579002032,12
500059579002033,0
500059579002034,1
500059579002036,0
500059579002037,0
500059579002039,12
500059579002118,10
500059579002119,1
500059579002120,0
500059579002122,0
500059579002123,0
500059579002125,0
500059579002126,0
500059579002128,0
500059579002129,3
500059579002131,0
500059579002132,0
500059579002133,0
500059579002134,0
500059579002135,0
500059579002136,0
500059579002137,19
500059579002138,17
500059579002139,7
500059579002140,0
500059579002040,0
500059579002041,12
500059579002042,39
500059579002043,0
500059579002044,0
500059579002045,17
500059579002046,17
500059579002047,0
500059579002048,0
500059579002049,12
500059579002050,0
500059579002051,2
500059579002052,0
500059579002053,0
500059579002054,0
500059579002055,0
500059579002056,0
500059579002058,7
500059579002059,0
500059579002061,0
500059579002064,0
500059579002065,0
500059579002067,18
500059579002068,5
500059579002069,0
500059579002071,0
500059579002072,0
500059579002074,0
500059579002075,0
500059579002141,3
500059579003000,7
500059579003001,0
500059579003002,0
500059579003003,2
500059579003005,29
500059579003006,6
500059579003008,0
500059579003009,6
500059579003011,7
500059579003012,1
500059579003013,1
500059579003015,6
500059579003016,27
500059579003018,30
500059579003019,9
500059579003021,13
500059579003022,19
500059579003024,2
500059579003025,24
500059579003026,0
500059579003028,41
500059579003029,6
500059579003031,0
500059579003032,1
500059579003034,8
500059579003035,9
500059579003036,11
500059579003038,3
500059579003039,3
500059579003041,18
500059579003042,9
500059579003043,6
500059579003044,0
500059579003045,0
500059579003046,0
500059579003047,12
500059579001000,33
500059579001001,25
500059579001003,0
500059579001004,0
500059579001005,6
500059579001007,12
500059579001008,0
500059579001010,15
500059579001011,8
500059579001013,0
500059579001014,0
500059579001016,5
500059579001017,9
500059579001018,12
500059579001020,17
500059579001021,76
500059579001023,18
500059579001024,0
500059579001026,30
500059579001027,65
500059579001028,0
500059579001030,0
500059579001031,0
500059579001033,21
500059579001034,49
500059579001035,71
500059579003048,0
500059579003049,2
500059579003050,0
500059579003051,0
500059579003052,18
500059579003053,8
500059579003054,25
500059579003055,3
500059579003056,1
500059579003057,11
500059579003060,6
500059579003061,11
500059579003063,0
500059579003064,25
500059579003066,0
500059579003067,0
500059579003069,2
500059579003070,10
500059579003072,23
500059579003073,0
500059579003074,10
500059579003076,2
500059579003077,4
500059579003079,17
500059579003080,21
500059579003082,8
500059579003083,5
500059579003084,0
500059579003086,0
500059579002117,0
500059579002121,0
500059579002124,0
500059579002127,0
500059579002130,14
500059579003007,1
500059579003010,17
500059579003014,1
500059579003017,2
500059579003020,31
500059579003023,0
500059579003027,9
500059579003030,59
500059579003033,29
500059579003037,0
500059579003040,4
500059579003058,3
500059579003062,1
500059579001080,6
500059579001083,0
500059579001086,6
500059579001089,0
500059579001093,0
500059579001096,15
500059579001099,5
500059579001103,0
500059579002005,6
500059579002008,5
500059579002012,22
500059579002015,11
500059579002018,0
500059579003065,4
500059579003068,0
500059579003071,20
500059579003075,0
500059579003078,24
500059579003081,0
500059579003085,0
500059579002021,0
500059579002025,5
500059579002028,4
500059579002031,0
500059579002035,0
500059579002038,0
500059579002057,0
500059579002060,0
500059579002063,4
500059579002066,2
500059579002070,10
500059579002073,0
500059579002076,0
500059579001002,0
500059579001006,0
500059579001009,0
500059579001012,0
500059579001015,7
500059579001019,0
500059579001022,0
500059579001025,0
500059579001029,0
500059579001032,45
500059579002088,19
500059579002091,17
500059579002094,9
500059579002098,5
500059579002101,8
500059579002104,21
500059579002108,11
500059579002111,13
500059579002114,23
500059579001042,19
500059579001045,55
500059579001062,15
500059579001066,0
500059579001069,0
500059579001072,7
500059579001075,0
500099501001227,0
500099501001154,0
500099501001156,0
500099501001157,0
500099501001158,0
500099501001160,0
500099501001161,0
500099501001163,0
500099501001164,0
500099501001166,5
500099501001167,0
500099501001169,0
500099501001170,0
500099501001172,0
500099501001173,0
500099501001174,0
500099501001175,0
500099501001176,0
500099501001177,11
500099501001178,1
500099501001179,0
500099501001180,0
500099501001181,0
500099501001182,0
500099501001183,0
500099501001184,0
500099501001185,0
500099501001187,0
500099501001188,0
500099501001190,0
500099501001191,0
500099501001193,0
500099501001194,0
500099501001196,0
500099501001197,3
500099501001198,0
500099501001200,1
500099501001201,0
500099501001203,1
500099501001239,5
500099501001240,0
500099501001242,0
500099501001243,0
500099501001245,8
500099501001246,0
500099501001247,3
500099501001249,0
500099501001250,0
500099501001251,38
500099501001252,0
500099501001253,19
500099501001254,0
500099501001255,11
500099501001256,0
500099501001257,12
500099501001258,22
500099501001259,17
500099501001260,1
500099501001261,0
500099501001262,0
500099501001263,5
500099501001265,0
500099501001266,0
500099501001268,61
500099501001269,0
500099501001271,6
500099501001272,0
500099501001274,0
500099501001275,0
500099501001276,0
500099501001278,0
500099501001279,0
500099501001281,0
500099501001282,6
500099501001284,0
500099501001285,7
500099501001287,0
500099501002068,4
500099501002070,3
500099501002071,8
500099501002073,8
500099501002074,4
500099501002076,7
500099501001204,4
500099501001206,18
500099501001207,0
500099501001209,0
500099501001210,8
500099501001211,4
500099501001213,7
500099501001214,5
500099501001216,0
500099501001217,0
500099501001288,2
500099501001289,0
500099501001291,0
500099501001292,0
500099501001294,0
500099501001295,0
500099501001297,0
500099501001298,0
500099501001300,1
500099501001301,1
500099501001303,0
500099501001304,0
500099501002000,0
500099501002001,6
500099501002002,0
500099501002003,16
500099501002004,27
500099501002005,33
500099501002006,0
500099501002007,0
500099501002008,13
500099501002009,21
500099501002010,10
500099501002011,13
500099501002013,0
500099501002014,8
500099501002016,0
500099501002017,12
500099501002019,7
500099501002020,1
500099501002022,3
500099501002023,2
500099501002024,0
500099501002026,4
500099501002027,3
500099501002029,0
500099501002030,3
500099501002032,2
500099501002077,5
500099501002078,2
500099501002080,6
500099501002081,0
500099501002082,17
500099501002083,98
500099501002033,2
500099501002035,12
500099501002036,39
500099501002037,2
500099501002039,3
500099501002040,0
500099501002042,9
500099501002043,5
500099501002045,0
500099501002046,0
500099501002048,0
500099501002049,41
500099501002051,0
500099501002052,0
500099501002053,0
500099501002054,1
500099501002055,0
500099501002056,0
500099501002057,0
500099501002058,11
500099501002059,2
500099501002060,9
500099501002061,36
500099501002062,5
500099501002063,3
500099501002064,0
500099501002065,0
500099501002067,13
500099501001066,2
500099501001067,1
500099501001068,1
500099501001069,0
500099501001070,5
500099501001071,7
500099501001072,1
500099501001073,0
500099501001074,0
500099501001075,0
500099501001076,0
500099501001077,0
500099501001078,0
500099501001079,2
500099501001081,0
500099501001082,0
500099501001084,0
500099501001085,0
500099501001087,0
500099501001088,0
500099501001090,3
500099501001091,8
500099501001092,0
500099501001094,0
500099501001095,0
500099501001097,86
500099501001098,0
500099501001100,6
500099501001101,4
500099501001103,0
500099501001000,4
500099501001001,9
500099501001002,0
500099501001003,0
500099501001004,18
500099501001005,0
500099501001006,0
500099501001007,1
500099501001009,8
500099501001010,0
500099501001012,0
500099501001013,0
500099501001015,2
500099501001016,0
500099501001018,0
500099501001019,0
500099501001021,17
500099501001022,1
500099501001023,0
500099501001025,0
500099501001026,1
500099501001028,17
500099501001104,3
500099501001105,0
500099501001107,0
500099501001108,2
500099501001110,0
500099501001111,0
500099501001113,0
500099501001114,0
500099501001116,0
500099501001117,0
500099501001119,0
500099501001120,0
500099501001121,0
500099501001122,0
500099501001123,0
500099501001124,4
500099501001125,9
500099501001126,45
500099501001127,0
500099501001128,0
500099501001129,0
500099501001130,0
500099501001131,8
500099501001132,0
500099501001134,3
500099501001135,2
500099501001137,0
500099501001138,0
500099501001140,0
500099501001141,1
500099501001143,7
500099501001144,0
500099501001145,0
500099501001147,0
500099501001148,0
500099501001150,2
500099501001151,0
500099501001153,0
500099501001220,0
500099501001221,0
500099501001223,2
500099501001224,42
500099501001226,0
500099501001229,0
500099501001230,0
500099501001231,0
500099501001233,0
500099501001234,0
500099501001236,0
500099501001237,0
500099501001029,5
500099501001031,0
500099501001032,3
500099501001034,0
500099501001035,0
500099501001037,2
500099501001038,0
500099501001039,3
500099501001041,0
500099501001042,0
500099501001044,0
500099501001045,0
500099501001046,0
500099501001047,0
500099501001048,0
500099501001049,0
500099501001050,0
500099501001051,0
500099501001052,0
500099501001053,2
500099501001054,1
500099501001055,1
500099501001056,0
500099501001057,0
500099501001058,0
500099501001060,0
500099501001061,0
500099501001063,0
500099501001064,0
500099501001112,0
500099501001115,0
500099501001118,6
500099501001133,0
500099501001136,4
500099501001139,0
500099501001142,0
500099501001146,0
500099501001149,0
500099501001152,0
500099501001155,0
500099501001159,0
500099501001162,0
500099501001165,1
500099501001168,0
500099501001171,0
500099501001186,0
500099501001189,0
500099501001192,0
500099501001195,2
500099501001199,6
500099501001202,0
500099501001205,0
500099501001208,0
500099501001212,0
500099501001215,0
500099501001218,0
500099501001008,5
500099501001011,2
500099501001014,0
500099501001017,0
500099501001020,37
500099501001024,0
500099501001027,0
500099501001030,0
500099501001033,4
500099501001036,7
500099501001040,0
500099501001043,0
500099501001059,1
500099501001062,4
500099501001065,0
500099501001080,0
500099501001083,0
500099501001086,0
500099501001089,0
500099501001093,6
500099501001096,6
500099501001099,0
500099501001102,7
500099501001106,17
500099501001109,1
500099501002069,2
500099501002072,4
500099501002075,0
500099501002079,17
500099501001219,0
500099501001222,0
500099501001225,15
500099501001228,0
500099501001232,0
500099501001235,0
500099501001238,5
500099501001241,0
500099501001244,0
500099501001248,0
500099501001264,0
500099501001267,0
500099501001270,2
500099501001273,0
500099501001277,0
500099501001280,0
500099501001283,15
500099501001286,0
500099501001290,0
500099501001293,0
500099501001296,0
500099501001299,0
500099501001302,0
500099501002012,0
500099501002015,159
500099501002018,9
500099501002021,0
500099501002025,6
500099501002028,11
500099501002031,0
500099501002034,15
500099501002038,5
500099501002041,3
500099501002044,38
500099501002047,1
500099501002050,87
500099501002066,0
500099502001000,3
500099502001001,0
500099502001002,0
500099502001003,0
500099502001004,0
500099502001005,0
500099502001006,0
500099502001007,17
500099502001008,0
500099502001009,5
500099502001010,9
500099502001011,0
500099502001013,6
500099502001014,52
500099502001016,3
500099502001017,10
500099502001019,5
500099502001020,7
500099502001022,0
500099502001023,28
500099502001024,0
500099502001026,8
500099502001027,57
500099502001029,0
500099502001030,0
500099502001032,20
500099502001033,16
500099502001035,30
500099502001036,11
500099502001037,0
500099502001039,5
500099502001040,27
500099502001043,23
500099502001045,7
500099502001046,32
500099502001048,23
500099502001049,0
500099502001051,90
500099502001052,3
500099502001053,2
500099502001054,60
500099502001055,54
500099502001056,15
500099502001057,0
500099502001058,4
500099502001059,11
500099502001060,2
500099502001061,13
500099502001062,3
500099502001063,22
500099502001064,66
500099502001066,29
500099502001067,12
500099502001069,8
500099502001070,2
500099502001072,0
500099502001073,2
500099502001075,1
500099502001076,10
500099502001077,5
500099502001079,6
500099502001080,7
500099502001082,14
500099502001083,6
500099502001085,23
500099502001086,2
500099502001088,4
500099502001089,0
500099502001042,1
500099502001090,0
500099502001092,6
500099502001093,3
500099502001095,7
500099502001096,0
500099502001098,5
500099502001099,1
500099502001101,0
500099502001102,3
500099502001104,3
500099502001105,0
500099502001012,0
500099502001015,10
500099502001018,15
500099502001021,0
500099502001025,4
500099502001028,28
500099502001031,0
500099502001034,38
500099502001038,64
500099502001041,4
500099502001044,3
500099502001047,0
500099502001050,0
500099502001065,15
500099502001068,0
500099502001071,38
500099502001074,1
500099502001078,5
500099502001081,0
500099502001084,0
500099502001087,5
500099502001091,2
500099502001094,7
500099502001097,9
500099502001100,0
500099502001103,0
500099505002041,0
500099505001032,0
500099505001033,0
500099505001034,0
500099505001035,4
500099505001036,0
500099505001037,0
500099505001038,0
500099505001039,0
500099505001040,2
500099505001041,0
500099505001042,1
500099505001043,0
500099505001045,0
500099505001046,0
500099505001048,4
500099505001049,12
500099505001051,3
500099505001052,9
500099505001054,4
500099505001055,5
500099505001056,1
500099505001058,5
500099505001059,1
500099505001061,0
500099505001062,5
500099505001064,0
500099505001065,0
500099505001067,0
500099505001068,0
500099505001069,6
500099505001071,0
500099505001072,3
500099505001074,3
500099505001075,9
500099505001077,6
500099505001078,4
500099505001080,21
500099505001000,9
500099505001001,0
500099505001002,0
500099505001003,0
500099505001004,15
500099505001005,8
500099505001006,27
500099505001007,2
500099505001008,0
500099505001009,0
500099505001010,3
500099505001011,0
500099505001012,5
500099505001013,10
500099505001015,24
500099505001016,5
500099505001018,5
500099505001019,0
500099505001021,18
500099505001022,28
500099505001024,21
500099505001025,10
500099505001027,0
500099505001028,0
500099505001029,0
500099505001031,1
500099505001081,41
500099505001082,8
500099505001083,12
500099505001084,3
500099505001085,5
500099505001086,0
500099505001087,38
500099505001088,37
500099505001089,26
500099505001090,4
500099505001091,0
500099505001092,30
500099505001093,51
500099505001095,0
500099505001096,0
500099505001098,12
500099505001099,0
500099505001101,6
500099505001102,0
500099505001104,4
500099505001105,14
500099505001106,44
500099505001108,0
500099505001109,57
500099505001111,7
500099505001112,25
500099505001114,8
500099505001115,0
500099505001117,0
500099505001118,0
500099505001119,0
500099505001121,0
500099505001122,4
500099505001124,0
500099505001125,11
500099505001127,0
500099505001128,6
500099505001130,0
500099505001131,9
500099505001133,41
500099505001134,21
500099505001135,0
500099505001136,27
500099505001137,0
500099505001138,15
500099505001139,0
500099505001140,0
500099505001141,2
500099505001142,0
500099505001143,0
500099505001144,5
500099505001145,0
500099505001146,3
500099505001148,17
500099505001149,18
500099505001151,0
500099505001152,0
500099505002001,5
500099505002002,0
500099505002004,13
500099505002005,1
500099505002006,62
500099505002008,2
500099505002009,0
500099505002011,0
500099505002012,2
500099505002014,0
500099505002015,6
500099505002017,0
500099505002018,0
500099505002019,0
500099505002021,29
500099505002022,11
500099505002024,31
500099505002025,11
500099505002027,45
500099505002028,6
500099505002030,7
500099505002031,9
500099505002034,13
500099505002035,6
500099505002037,0
500099505002038,3
500099505002040,7
500099505002043,0
500099505002044,0
500099505002045,7
500099505002047,0
500099505002048,21
500099505002050,0
500099505002051,0
500099505002053,73
500099505002054,17
500099505002056,18
500099505002057,15
500099505002059,10
500099505002060,6
500099505002061,0
500099505002063,0
500099505002064,3
500099505002065,5
500099505002066,6
500099505002067,3
500099505002068,5
500099505002069,10
500099505002070,16
500099505002071,14
500099505002072,14
500099505002073,6
500099505002074,3
500099505002075,0
500099505002076,1
500099505002077,0
500099505002079,0
500099505002080,0
500099505002082,0
500099505002083,0
500099505002085,8
500099505002086,0
500099505002088,11
500099505002089,0
500099505002090,34
500099505002092,23
500099505002093,11
500099505002095,11
500099505002096,6
500099505002098,0
500099505002099,33
500099505002101,8
500099505002102,2
500099505002103,0
500099505002105,11
500099505002106,19
500099505002108,12
500099505002109,4
500099505002111,0
500099505002112,0
500099505002114,9
500099505002115,0
500099505003001,2
500099505003002,0
500099505003003,0
500099505003004,3
500099505003005,30
500099505003006,24
500099505003007,70
500099505003008,9
500099505003009,80
500099505003010,22
500099505003011,1
500099505003012,15
500099505003013,3
500099505003014,45
500099505003016,12
500099505003017,0
500099505003019,38
500099505003020,12
500099505003022,7
500099505003023,0
500099505003025,0
500099505003026,0
500099505003027,0
500099505003029,31
500099505003030,11
500099505003032,0
500099505003033,7
500099505003035,9
500099505003036,9
500099505003038,26
500099505003039,19
500099505003041,0
500099505003042,0
500099505003043,0
500099505003045,0
500099505003046,0
500099505003048,33
500099505003049,0
500099505003051,8
500099505003052,0
500099505002033,14
500099505002036,1
500099505002039,15
500099505002042,15
500099505002046,5
500099505002049,1
500099505002052,10
500099505002055,26
500099505002058,0
500099505001044,0
500099505001047,0
500099505001050,17
500099505001053,7
500099505001057,1
500099505001060,11
500099505001063,0
500099505001066,0
500099505002062,5
500099505002078,0
500099505002081,0
500099505002084,0
500099505002087,7
500099505002091,4
500099505002094,38
500099505002097,14
500099505002100,5
500099505002104,2
500099505002107,32
500099505002110,2
500099505002113,0
500099505003000,0
500099505003015,53
500099505003018,10
500099505003021,41
500099505003024,12
500099505003028,35
500099505003031,4
500099505003034,87
500099505003037,11
500099505003040,0
500099505003044,0
500099505003047,8
500099505003050,8
500099505001070,0
500099505001073,0
500099505001076,6
500099505001079,43
500099505001094,2
500099505001097,11
500099505001100,0
500099505001103,22
500099505001107,9
500099505001110,0
500099505001113,0
500099505001116,0
500099505001120,0
500099505001123,6
500099505001126,0
500099505001129,0
500099505001132,18
500099505001147,0
500099505001150,0
500099505002000,53
500099505002003,0
500099505002007,23
500099505002010,55
500099505002013,20
500099505002016,0
500099505002020,3
500099505002023,23
500099505002026,0
500099505002029,6
500099505002032,38
500099505001014,12
500099505001017,9
500099505001020,12
500099505001023,9
500099505001026,0
500099505001030,29
500159530001053,5
500159530002056,0
500159530001001,0
500159530001002,42
500159530001004,127
500159530001005,10
500159530001007,3
500159530001008,31
500159530001010,19
500159530001011,0
500159530001012,61
500159530001014,9
500159530001015,13
500159530001017,11
500159530001018,16
500159530001020,25
500159530001021,119
500159530001022,20
500159530001023,1
500159530001024,7
500159530001025,0
500159530001026,0
500159530001027,5
500159530001028,35
500159530001029,0
500159530001030,17
500159530001031,9
500159530001032,17
500159530001033,0
500159530001034,85
500159530001035,0
500159530001037,12
500159530001038,26
500159530001040,23
500159530001041,5
500159530001043,75
500159530001044,1
500159530001045,0
500159530001047,9
500159530001048,4
500159530001050,3
500159530001051,6
500159530001054,10
500159530001056,8
500159530001057,36
500159530001058,87
500159530001060,15
500159530001061,51
500159530001062,0
500159530001064,0
500159530001065,6
500159530001067,0
500159530001068,12
500159530001069,0
500159530001071,0
500159530002000,22
500159530002001,0
500159530002002,5
500159530002003,0
500159530002004,28
500159530002005,3
500159530002006,11
500159530002007,8
500159530002008,0
500159530002009,13
500159530002010,7
500159530002011,155
500159530002012,5
500159530002013,10
500159530002014,25
500159530002016,12
500159530002017,5
500159530002019,11
500159530002020,0
500159530002022,18
500159530002023,4
500159530002024,0
500159530002026,8
500159530002027,9
500159530002029,29
500159530002030,24
500159530002031,6
500159530002032,7
500159530002033,19
500159530002034,51
500159530002035,0
500159530002036,22
500159530002037,0
500159530002038,31
500159530002039,0
500159530002040,168
500159530002041,12
500159530002043,14
500159530002044,11
500159530002046,0
500159530002047,0
500159530002049,18
500159530002050,17
500159530002051,10
500159530002053,0
500159530002054,7
500159530002057,10
500159530002042,1
500159530002045,0
500159530002048,0
500159530002052,8
500159530002055,9
500159530001000,0
500159530001003,2
500159530001006,20
500159530001009,74
500159530001013,25
500159530001016,70
500159530001019,0
500159530001036,0
500159530001039,23
500159530001042,0
500159530001046,0
500159530001049,0
500159530001052,9
500159530001055,6
500159530001059,1
500159530001063,5
500159530001066,23
500159530001070,4
500159530002015,0
500159530002018,14
500159530002021,0
500159530002025,187
500159530002028,10
500159531001049,30
500159531001086,20
500159531002058,0
500159531001023,14
500159531001024,15
500159531001025,20
500159531001026,20
500159531001027,18
500159531001028,15
500159531001029,43
500159531001030,5
500159531001031,10
500159531001032,14
500159531001033,0
500159531001034,12
500159531001036,12
500159531001037,0
500159531001039,21
500159531001040,63
500159531001042,26
500159531001043,10
500159531001044,0
500159531001046,0
500159531001047,125
500159531001050,11
500159531001052,0
500159531001053,0
500159531001054,0
500159531001056,0
500159531001057,172
500159531001059,23
500159531001060,0
500159531001062,0
500159531001063,26
500159531001065,6
500159531001066,0
500159531001067,24
500159531001069,67
500159531001070,25
500159531001071,0
500159531001072,0
500159531001073,0
500159531001074,3
500159531001075,0
500159531001076,15
500159531001077,0
500159531001078,0
500159531001079,0
500159531001080,9
500159531001081,0
500159531001082,15
500159531001083,120
500159531001085,0
500159531001087,0
500159531001088,14
500159531001090,0
500159531001091,18
500159531001093,0
500159531001094,0
500159531001096,11
500159531001097,6
500159531001099,10
500159531001100,0
500159531001101,0
500159531001103,8
500159531001104,0
500159531002001,52
500159531002002,0
500159531002004,71
500159531002005,234
500159531002006,13
500159531002008,6
500159531002009,0
500159531002011,0
500159531002012,0
500159531002014,0
500159531002015,0
500159531002016,4
500159531002017,5
500159531002018,26
500159531002019,0
500159531002020,0
500159531002021,20
500159531002022,11
500159531002023,6
500159531002025,0
500159531002026,0
500159531002028,39
500159531002029,26
500159531002030,167
500159531002031,17
500159531002032,2
500159531002033,0
500159531002034,16
500159531002035,0
500159531002036,0
500159531002037,79
500159531002038,9
500159531002039,6
500159531002040,0
500159531002041,24
500159531002042,4
500159531002043,103
500159531002045,16
500159531002046,18
500159531002048,50
500159531002049,35
500159531002051,27
500159531002052,0
500159531002053,69
500159531002055,43
500159531002056,2
500159531002059,11
500159531002061,3
500159531002062,9
500159531002063,17
500159531002065,0
500159531002066,15
500159531002068,11
500159531002069,18
500159531002071,0
500159531002072,0
500159531002074,7
500159531002075,8
500159531002076,0
500159531001001,38
500159531001002,23
500159531001003,6
500159531001005,0
500159531001006,5
500159531001008,106
500159531001009,0
500159531001011,41
500159531001012,17
500159531001014,3
500159531001015,0
500159531001016,3
500159531001018,397
500159531001019,35
500159531001020,46
500159531001021,9
500159531001022,0
500159531002024,0
500159531002027,0
500159531002044,1
500159531002047,35
500159531002050,75
500159531002054,0
500159531002057,46
500159531002060,38
500159531002064,36
500159531002067,6
500159531002070,7
500159531002073,0
500159531001000,8
500159531001004,4
500159531001007,23
500159531001010,12
500159531001013,3
500159531001017,8
500159531001035,16
500159531001038,5
500159531001041,0
500159531001045,5
500159531001048,23
500159531001051,0
500159531001055,0
500159531001058,8
500159531001061,9
500159531001064,0
500159531001068,0
500159531001084,16
500159531001089,0
500159531001092,53
500159531001095,0
500159531001098,40
500159531001102,13
500159531002000,155
500159531002003,51
500159531002007,26
500159531002010,13
500159531002013,0
500159532001032,36
500159532002018,8
500159532002039,0
500159532002041,12
500159532002042,96
500159532002044,23
500159532002045,10
500159532002046,3
500159532002048,0
500159532002049,1
500159532002051,10
500159532002052,17
500159532002054,6
500159532002055,4
500159532002057,7
500159532002058,0
500159532002059,12
500159532002060,0
500159532002061,0
500159532002062,20
500159532002063,23
500159532002064,8
500159532002065,9
500159532002066,0
500159532002067,27
500159532002068,74
500159532002069,6
500159532002070,85
500159532002071,0
500159532001001,7
500159532001002,5
500159532001003,0
500159532001004,138
500159532001005,4
500159532001006,16
500159532001007,7
500159532001008,27
500159532001009,10
500159532001010,109
500159532001011,1
500159532001012,18
500159532001013,4
500159532001014,41
500159532001015,0
500159532001016,21
500159532001017,20
500159532001019,12
500159532001020,6
500159532001022,14
500159532001023,66
500159532001025,46
500159532001026,19
500159532001027,84
500159532001029,31
500159532001030,17
500159532001033,26
500159532001035,13
500159532001036,25
500159532001037,0
500159532001039,0
500159532001040,28
500159532001042,37
500159532001043,0
500159532001045,336
500159532001046,79
500159532001048,0
500159532001049,21
500159532001050,0
500159532001052,26
500159532001053,12
500159532001054,0
500159532001055,36
500159532001056,0
500159532001057,0
500159532001058,1
500159532001059,0
500159532001060,25
500159532001061,5
500159532002000,5
500159532002001,0
500159532002002,27
500159532002003,7
500159532002004,40
500159532002005,77
500159532002006,19
500159532002008,11
500159532002009,96
500159532002011,0
500159532002012,27
500159532002014,11
500159532002015,158
500159532002016,53
500159532002019,12
500159532002021,11
500159532002022,30
500159532002024,139
500159532002025,196
500159532002027,0
500159532002028,20
500159532002029,156
500159532002031,19
500159532002032,15
500159532002034,20
500159532002035,0
500159532002038,4
500159532001000,0
500159532001018,17
500159532001021,3
500159532001024,0
500159532001028,0
500159532001031,9
500159532001034,39
500159532001038,0
500159532001041,7
500159532001044,0
500159532001047,8
500159532001051,0
500159532002007,0
500159532002010,91
500159532002013,0
500159532002017,19
500159532002020,0
500159532002023,11
500159532002026,74
500159532002030,0
500159532002033,2
500159532002036,8
500159532002037,48
500159532002040,3
500159532002043,1
500159532002047,11
500159532002050,69
500159532002053,21
500159532002056,7
500159533001015,0
500159533002034,41
500159533001000,12
500159533001002,12
500159533001003,0
500159533001005,8
500159533001006,9
500159533001008,6
500159533001009,34
500159533001010,14
500159533001012,7
500159533001013,104
500159533001016,32
500159533001018,14
500159533001019,0
500159533001020,0
500159533001022,0
500159533001023,30
500159533001025,7
500159533001026,12
500159533001028,65
500159533001029,20
500159533001031,49
500159533001032,0
500159533001033,23
500159533002000,11
500159533002001,69
500159533002002,0
500159533002003,20
500159533002004,33
500159533002005,17
500159533002006,0
500159533002007,0
500159533002008,0
500159533002009,12
500159533002010,17
500159533002011,40
500159533002012,89
500159533002013,37
500159533002014,18
500159533002015,3
500159533002016,103
500159533002018,4
500159533002019,99
500159533002021,9
500159533002022,18
500159533002023,14
500159533002025,72
500159533002026,0
500159533002028,0
500159533002029,0
500159533002031,24
500159533002032,8
500159533002035,12
500159533002036,179
500159533002038,225
500159533002039,19
500159533002041,26
500159533002042,18
500159533002043,0
500159533002045,0
500159533002046,20
500159533002048,51
500159533002049,0
500159533002050,32
500159533002051,22
500159533002052,0
500159533002053,5
500159533002054,7
500159533002055,17
500159533002056,0
500159533002057,0
500159533002058,0
500159533002059,0
500159533002060,54
500159533002061,72
500159533002062,4
500159533002063,16
500159533002064,24
500159533002066,10
500159533002067,12
500159533002069,0
500159533001001,57
500159533001004,118
500159533001007,181
500159533001011,180
500159533001014,25
500159533001017,8
500159533001021,0
500159533001024,67
500159533001027,62
500159533001030,0
500159533001034,0
500159533002017,10
500159533002020,31
500159533002024,62
500159533002027,59
500159533002030,14
500159533002033,39
500159533002037,19
500159533002040,9
500159533002044,15
500159533002047,6
500159533002065,6
500159533002068,11
500159534001054,70
500159534001105,0
500159534001000,45
500159534001001,4
500159534001003,16
500159534001004,12
500159534001006,13
500159534001007,36
500159534001009,50
500159534001010,22
500159534001012,22
500159534001013,10
500159534001015,7
500159534001016,30
500159534001018,10
500159534001019,0
500159534001021,72
500159534001022,12
500159534001023,96
500159534001024,0
500159534001025,40
500159534001026,63
500159534001027,29
500159534001028,0
500159534001029,37
500159534001030,21
500159534001031,1
500159534001032,6
500159534001033,66
500159534001034,8
500159534001035,7
500159534001036,10
500159534001037,0
500159534001038,10
500159534001039,0
500159534001041,0
500159534001042,41
500159534001044,36
500159534001045,164
500159534001047,16
500159534001048,79
500159534001049,28
500159534001051,4
500159534001052,36
500159534001055,57
500159534001057,201
500159534001058,0
500159534001059,0
500159534001061,11
500159534001062,12
500159534001064,29
500159534001065,13
500159534001067,4
500159534001068,22
500159534001070,13
500159534001071,17
500159534001072,20
500159534001074,6
500159534001075,0
500159534001076,15
500159534001077,0
500159534001078,21
500159534001079,0
500159534001080,32
500159534001081,0
500159534001082,14
500159534001083,0
500159534001084,37
500159534001085,0
500159534001086,0
500159534001087,0
500159534001088,10
500159534001089,17
500159534001090,109
500159534001092,5
500159534001093,86
500159534001095,16
500159534001096,15
500159534001098,8
500159534001099,0
500159534001100,0
500159534001102,0
500159534001103,0
500159534001106,0
500159534001108,5
500159534001109,2
500159534001014,43
500159534001017,58
500159534001020,4
500159534001040,0
500159534001043,0
500159534001046,9
500159534001050,37
500159534001053,14
500159534001056,32
500159534001060,0
500159534001063,86
500159534001066,0
500159534001069,8
500159534001073,58
500159534001091,37
500159534001094,0
500159534001097,17
500159534001101,0
500159534001104,0
500159534001107,0
500159534001002,60
500159534001005,54
500159534001008,12
500159534001011,1
500159535002014,134
500159535002058,89
500159535003038,0
500159535002025,13
500159535002027,8
500159535002028,7
500159535002029,0
500159535002030,12
500159535002031,12
500159535002032,46
500159535002033,90
500159535002034,31
500159535002035,22
500159535002036,26
500159535002037,11
500159535002038,11
500159535002039,0
500159535002040,18
500159535002041,42
500159535002042,0
500159535002043,26
500159535002045,1
500159535002046,14
500159535002048,56
500159535002049,0
500159535002051,26
500159535002052,21
500159535002053,6
500159535002055,0
500159535002056,81
500159535002059,82
500159535002061,11
500159535002062,17
500159535002063,11
500159535002065,10
500159535002066,7
500159535002068,10
500159535002069,76
500159535003000,0
500159535003001,0
500159535003003,24
500159535003004,4
500159535003005,142
500159535003007,11
500159535003008,84
500159535003009,28
500159535003010,30
500159535003011,64
500159535003012,40
500159535003013,44
500159535003014,32
500159535003015,141
500159535003016,214
500159535003017,46
500159535003018,16
500159535003019,58
500159535003020,22
500159535003021,16
500159535003022,112
500159535003023,15
500159535003025,67
500159535003026,20
500159535003028,5
500159535003029,128
500159535003031,30
500159535003032,23
500159535003033,15
500159535003035,7
500159535003036,29
500159535003039,19
500159535003041,57
500159535003042,9
500159535003043,79
500159535003045,2
500159535003046,15
500159535003048,20
500159535003049,7
500159535003051,43
500159535003052,42
500159535001000,48
500159535001002,63
500159535001003,37
500159535001005,34
500159535001006,18
500159535001008,19
500159535001009,79
500159535001011,25
500159535001012,27
500159535001013,0
500159535001015,29
500159535001016,0
500159535001017,4
500159535001018,65
500159535001019,27
500159535001020,11
500159535001021,139
500159535001022,50
500159535001023,85
500159535001024,0
500159535001025,0
500159535001026,121
500159535001027,0
500159535001028,7
500159535001029,0
500159535001031,27
500159535001032,0
500159535002001,30
500159535002002,110
500159535002004,63
500159535002005,55
500159535002006,11
500159535002008,7
500159535002009,40
500159535002011,7
500159535002012,71
500159535002015,7
500159535002017,9
500159535002018,44
500159535002019,0
500159535002021,0
500159535002022,33
500159535002024,2
500159535002026,13
500159535002044,21
500159535002047,37
500159535002050,72
500159535002054,11
500159535002057,88
500159535002060,0
500159535002064,46
500159535002067,9
500159535002070,8
500159535003002,0
500159535003006,192
500159535003024,153
500159535003027,36
500159535003030,0
500159535003034,37
500159535003037,57
500159535003040,30
500159535003044,20
500159535003047,37
500159535003050,5
500159535001001,16
500159535001004,16
500159535001007,76
500159535001010,38
500159535001014,0
500159535001030,4
500159535002000,0
500159535002003,0
500159535002007,0
500159535002010,49
500159535002013,27
500159535002016,16
500159535002020,0
500159535002023,129
500159536001029,0
500159536002004,18
500159536003017,46
500159536001056,7
500159536001057,19
500159536001059,17
500159536002000,388
500159536002002,366
500159536002003,53
500159536002006,20
500159536002007,118
500159536002009,15
500159536002010,27
500159536002012,62
500159536002013,19
500159536002014,4
500159536002016,88
500159536002017,4
500159536002019,57
500159536002020,246
500159536002021,6
500159536002022,39
500159536002023,45
500159536002024,7
500159536002025,24
500159536002026,40
500159536002027,0
500159536002028,11
500159536002029,25
500159536002030,24
500159536002031,20
500159536002032,45
500159536003000,121
500159536003001,16
500159536003002,0
500159536003004,0
500159536003005,20
500159536003007,1
500159536003008,6
500159536003010,15
500159536003011,6
500159536003012,376
500159536003015,70
500159536003018,11
500159536003020,34
500159536003021,0
500159536003022,25
500159536003024,73
500159536003025,0
500159536003027,0
500159536003028,0
500159536003030,33
500159536003031,52
500159536003033,19
500159536003034,0
500159536003035,0
500159536003037,0
500159536003038,46
500159536003039,9
500159536003040,137
500159536003041,13
500159536003042,0
500159536003014,26
500159536001001,2
500159536001002,7
500159536001003,8
500159536001005,10
500159536001006,21
500159536001007,17
500159536001008,28
500159536001009,14
500159536001010,0
500159536001011,8
500159536001012,0
500159536001013,54
500159536001014,11
500159536001015,14
500159536001016,210
500159536001017,14
500159536001018,6
500159536001019,17
500159536001020,0
500159536001021,37
500159536001023,54
500159536001024,18
500159536001026,14
500159536001027,17
500159536001030,0
500159536001032,287
500159536001033,10
500159536001034,2
500159536001036,24
500159536001037,33
500159536001039,0
500159536001040,10
500159536001042,33
500159536001043,0
500159536001044,8
500159536001046,68
500159536001047,8
500159536001049,0
500159536001050,4
500159536001052,21
500159536001053,37
500159536001055,60
500159536001058,30
500159536002001,0
500159536002005,0
500159536002008,217
500159536002011,119
500159536002015,16
500159536002018,32
500159536003003,0
500159536003006,0
500159536003009,12
500159536003013,23
500159536003016,0
500159536003019,24
500159536003023,27
500159536003026,6
500159536003029,26
500159536003032,3
500159536003036,0
500159536001000,307
500159536001004,30
500159536001022,37
500159536001025,7
500159536001028,13
500159536001031,32
500159536001035,23
500159536001038,22
500159536001041,2
500159536001045,24
500159536001048,6
500159536001051,30
500159536001054,0
500199511001082,7
500199511001007,0
500199511001008,0
500199511001010,5
500199511001011,38
500199511001012,14
500199511001014,31
500199511001015,24
500199511001017,21
500199511001018,1
500199511001020,3
500199511001021,3
500199511001023,6
500199511001024,7
500199511001025,28
500199511001027,59
500199511001028,7
500199511001030,4
500199511001031,12
500199511001033,10
500199511001034,40
500199511001036,2
500199511001037,6
500199511001038,25
500199511001039,7
500199511001040,15
500199511001041,0
500199511001042,7
500199511001043,2
500199511001044,28
500199511001045,2
500199511001046,0
500199511001047,3
500199511001048,26
500199511001049,8
500199511001050,0
500199511001052,0
500199511001053,7
500199511001054,1
500199511001056,77
500199511001057,6
500199511001059,26
500199511001060,6
500199511001062,5
500199511001063,76
500199511001065,0
500199511001066,8
500199511001067,4
500199511001069,0
500199511001070,0
500199511001072,3
500199511001073,16
500199511001075,0
500199511001076,6
500199511001078,3
500199511001079,18
500199511001080,7
500199511001083,17
500199511001085,11
500199511001086,18
500199511001088,0
500199511001089,4
500199511001090,0
500199511001091,0
500199511001092,0
500199511001093,5
500199511001094,1
500199511002000,20
500199511002001,16
500199511002002,0
500199511002003,19
500199511002004,0
500199511002005,0
500199511002006,0
500199511002007,20
500199511002009,3
500199511002010,0
500199511002011,71
500199511002013,0
500199511002014,35
500199511002016,18
500199511002017,5
500199511002019,6
500199511002020,2
500199511002022,0
500199511002023,0
500199511002024,25
500199511002026,7
500199511002027,0
500199511002029,3
500199511002030,6
500199511002032,0
500199511002033,0
500199511002034,3
500199511002035,2
500199511002036,0
500199511002037,24
500199511002038,8
500199511002039,11
500199511002040,39
500199511002041,0
500199511002042,6
500199511002043,0
500199511002044,0
500199511002045,0
500199511002046,7
500199511002047,8
500199511002048,4
500199511002049,0
500199511002051,23
500199511002052,1
500199511002053,0
500199511002055,6
500199511002056,47
500199511002058,15
500199511002059,20
500199511002061,7
500199511002062,6
500199511002064,5
500199511002065,3
500199511002066,7
500199511002068,23
500199511002069,1
500199511002071,29
500199511002072,3
500199511002074,2
500199511002075,0
500199511001001,15
500199511001002,6
500199511001004,2
500199511001005,0
500199511002050,6
500199511002054,0
500199511002057,19
500199511002060,0
500199511002063,7
500199511002067,0
500199511002070,11
500199511002073,5
500199511002076,5
500199511001000,50
500199511001003,0
500199511001006,9
500199511001009,11
500199511001013,15
500199511001016,0
500199511001019,41
500199511001022,15
500199511001026,24
500199511001029,8
500199511001032,40
500199511001035,143
500199511001051,6
500199511001055,4
500199511001058,25
500199511001061,22
500199511001064,0
500199511001068,0
500199511001071,0
500199511001074,27
500199511001077,11
500199511001081,7
500199511001084,13
500199511001087,0
500199511002008,6
500199511002012,151
500199511002015,22
500199511002018,17
500199511002021,15
500199511002025,151
500199511002028,34
500199511002031,6
500199512001004,0
500199512002018,0
500199512003010,16
500199512003011,23
500199512003012,15
500199512003013,1
500199512003015,24
500199512003016,37
500199512003017,40
500199512003019,7
500199512003020,84
500199512003022,4
500199512003023,0
500199512003025,15
500199512003026,69
500199512003028,85
500199512003029,0
500199512003030,14
500199512003032,7
500199512003033,0
500199512003035,5
500199512003036,18
500199512003038,0
500199512003039,7
500199512003041,19
500199512003042,13
500199512003043,80
500199512001000,194
500199512001001,0
500199512001002,30
500199512001005,13
500199512001007,51
500199512001008,30
500199512001010,29
500199512001011,9
500199512001012,0
500199512001013,0
500199512001014,0
500199512001015,0
500199512001016,0
500199512001017,0
500199512001018,29
500199512001019,97
500199512001020,0
500199512001021,50
500199512001022,45
500199512001023,11
500199512001024,169
500199512001026,12
500199512001027,15
500199512001028,15
500199512001030,62
500199512001031,0
500199512001033,0
500199512001034,0
500199512001036,8
500199512001037,0
500199512002001,0
500199512002002,0
500199512002003,75
500199512002005,2
500199512002006,0
500199512002008,0
500199512002009,20
500199512002011,33
500199512002012,53
500199512002014,18
500199512002015,136
500199512002016,31
500199512002019,36
500199512002021,12
500199512002022,0
500199512002024,4
500199512003000,0
500199512003001,17
500199512003002,0
500199512003003,13
500199512003004,0
500199512003005,66
500199512003006,13
500199512003007,45
500199512003008,0
500199512003009,0
500199512001003,12
500199512001006,0
500199512001009,9
500199512001025,15
500199512001029,26
500199512001032,7
500199512001035,7
500199512002000,12
500199512002004,12
500199512002007,303
500199512002010,8
500199512002013,40
500199512002017,118
500199512002020,15
500199512002023,12
500199512003014,40
500199512003018,25
500199512003021,19
500199512003024,10
500199512003027,5
500199512003031,13
500199512003034,0
500199512003037,8
500199512003040,11
500199512003044,0
500199513001000,22
500199513001073,44
500199513001001,103
500199513001003,18
500199513001005,18
500199513001006,0
500199513001008,0
500199513001009,0
500199513001011,289
500199513001012,0
500199513001013,0
500199513001015,9
500199513001016,0
500199513001018,0
500199513001019,21
500199513001021,0
500199513001022,11
500199513001024,15
500199513001025,55
500199513001026,0
500199513001028,75
500199513001029,10
500199513001030,18
500199513001031,0
500199513001032,6
500199513001033,0
500199513001034,0
500199513001035,7
500199513001036,86
500199513001037,79
500199513001038,35
500199513001039,13
500199513001040,2
500199513001041,2
500199513001043,0
500199513001044,0
500199513001045,99
500199513001047,0
500199513001048,29
500199513001050,13
500199513001051,0
500199513001053,49
500199513001054,11
500199513001056,0
500199513001057,0
500199513001058,0
500199513001060,0
500199513001061,57
500199513001063,0
500199513001064,5
500199513001066,16
500199513001067,62
500199513001069,53
500199513001070,29
500199513001071,1
500199513001074,0
500199513001076,62
500199513001077,0
500199513001079,5
500199513001080,28
500199513001081,0
500199513001082,0
500199513001083,0
500199513001084,5
500199513001085,33
500199513001086,0
500199513001087,9
500199513001088,13
500199513001089,16
500199513001090,15
500199513001091,7
500199513001092,4
500199513001093,0
500199513001095,0
500199513001096,0
500199513001097,1
500199513001099,0
500199513001004,22
500199513001007,30
500199513001010,30
500199513001014,9
500199513001017,0
500199513001020,0
500199513001023,6
500199513001027,0
500199513001042,0
500199513001046,25
500199513001049,42
500199513001052,65
500199513001055,7
500199513001059,0
500199513001062,2
500199513001065,0
500199513001068,8
500199513001072,0
500199513001075,9
500199513001078,0
500199513001094,0
500199513001098,11
500199513001002,0
500199514001025,18
500199514003017,31
500199514003018,0
500199514003019,0
500199514003021,43
500199514003022,0
500199514003024,0
500199514003025,0
500199514003027,0
500199514003028,0
500199514001000,59
500199514001002,5
500199514001003,154
500199514001005,43
500199514001006,79
500199514001008,40
500199514001009,3
500199514001010,104
500199514001012,79
500199514001013,7
500199514001015,51
500199514001016,139
500199514001018,43
500199514001019,93
500199514001021,6
500199514001022,24
500199514001023,0
500199514001026,0
500199514001028,0
500199514001029,0
500199514001031,0
500199514001032,39
500199514002000,21
500199514002001,360
500199514002002,0
500199514002003,0
500199514002004,0
500199514002005,0
500199514002006,0
500199514003000,99
500199514003001,35
500199514003002,0
500199514003003,0
500199514003004,0
500199514003005,0
500199514003007,0
500199514003008,0
500199514003009,0
500199514003011,0
500199514003012,0
500199514003014,39
500199514003015,18
500199514003020,7
500199514003023,2
500199514003026,0
500199514003029,0
500199514001001,12
500199514001004,20
500199514001007,12
500199514001011,19
500199514001014,18
500199514001017,18
500199514001020,34
500199514001024,22
500199514001027,18
500199514001030,22
500199514003006,0
500199514003010,0
500199514003013,43
500199514003016,138
500199515002017,28
500199515001000,0
500199515001001,8
500199515001002,40
500199515001003,19
500199515001004,126
500199515001005,7
500199515001006,31
500199515001007,72
500199515001008,54
500199515001009,32
500199515001010,300
500199515001011,28
500199515001012,36
500199515001013,26
500199515001014,11
500199515001015,34
500199515001017,47
500199515001018,144
500199515001019,67
500199515001021,10
500199515001022,14
500199515001024,0
500199515001025,4
500199515001027,0
500199515001028,7
500199515002000,113
500199515002001,19
500199515002002,27
500199515002004,88
500199515002005,159
500199515002007,12
500199515002008,10
500199515002010,4
500199515002011,0
500199515002013,7
500199515002014,53
500199515002015,13
500199515002018,123
500199515002020,86
500199515002021,22
500199515002023,15
500199515001016,37
500199515001020,12
500199515001023,23
500199515001026,18
500199515001029,76
500199515002003,13
500199515002006,14
500199515002009,21
500199515002012,37
500199515002016,3
500199515002019,0
500199515002022,288
500199516001045,16
500199516003051,0
500199516004044,2
500199516005042,114
500199516003005,0
500199516003006,0
500199516003007,0
500199516003008,0
500199516003009,11
500199516003010,30
500199516003011,0
500199516003012,63
500199516003013,0
500199516003014,20
500199516003015,16
500199516003016,56
500199516003017,28
500199516003018,40
500199516003019,1
500199516003021,30
500199516003022,55
500199516003023,30
500199516003025,22
500199516003026,3
500199516003028,17
500199516003029,37
500199516003031,56
500199516003032,3
500199516003034,8
500199516003035,20
500199516003036,0
500199516003038,18
500199516003039,18
500199516003041,38
500199516003042,7
500199516003044,0
500199516003045,3
500199516003047,0
500199516003048,0
500199516003049,16
500199516003052,6
500199516003054,0
500199516003055,0
500199516003057,3
500199516003058,0
500199516004000,5
500199516004001,3
500199516004002,33
500199516004003,92
500199516004004,13
500199516004005,0
500199516004006,41
500199516004007,8
500199516004008,0
500199516004009,0
500199516004010,1
500199516004011,17
500199516004012,1
500199516004014,0
500199516004015,7
500199516004016,0
500199516004018,14
500199516004019,26
500199516004021,67
500199516004022,0
500199516004024,0
500199516004025,13
500199516004027,0
500199516004028,50
500199516004029,7
500199516004031,10
500199516004032,0
500199516004034,16
500199516004035,0
500199516004037,13
500199516004038,1
500199516004040,0
500199516004041,0
500199516004042,25
500199516004045,21
500199516004047,20
500199516004048,6
500199516004050,5
500199516004051,2
500199516004052,6
500199516004053,18
500199516005000,0
500199516005001,49
500199516005002,7
500199516005003,2
500199516005004,0
500199516005005,4
500199516005047,12
500199516005048,19
500199516005050,20
500199516005051,0
500199516005053,7
500199516005054,35
500199516005055,6
500199516005057,30
500199516005058,4
500199516005060,34
500199516005061,15
500199516005063,0
500199516005064,0
500199516005066,0
500199516005067,0
500199516005068,52
500199516005070,0
500199516005071,17
500199516005073,8
500199516005074,4
500199516005076,9
500199516005077,30
500199516005079,4
500199516005080,5
500199516005081,8
500199516005082,0
500199516005083,1
500199516005084,0
500199516005085,0
500199516005086,13
500199516005087,0
500199516005006,0
500199516005007,0
500199516005008,3
500199516005009,5
500199516005010,2
500199516005012,0
500199516005013,17
500199516005014,4
500199516005016,6
500199516005017,16
500199516005019,42
500199516005020,7
500199516005022,26
500199516005023,2
500199516005025,0
500199516005026,0
500199516005027,0
500199516005029,0
500199516005030,0
500199516005032,0
500199516005033,9
500199516005035,2
500199516005036,50
500199516005038,0
500199516005039,4
500199516005040,23
500199516005043,7
500199516005045,0
500199516002019,20
500199516002021,0
500199516002022,13
500199516002024,12
500199516002025,0
500199516002027,29
500199516002028,20
500199516002030,0
500199516002031,4
500199516003000,14
500199516003002,9
500199516003003,0
500199516001000,0
500199516001001,0
500199516001002,1
500199516001003,59
500199516001004,12
500199516001005,73
500199516001006,15
500199516001007,10
500199516001008,16
500199516001009,0
500199516001010,81
500199516001011,14
500199516001012,10
500199516001013,14
500199516001015,0
500199516001016,0
500199516001017,0
500199516001019,0
500199516001020,8
500199516001022,12
500199516001023,11
500199516001025,76
500199516001026,11
500199516001028,0
500199516001029,61
500199516001030,1
500199516001032,11
500199516001033,39
500199516001035,0
500199516001036,37
500199516001038,0
500199516001039,0
500199516001041,40
500199516001042,8
500199516001043,0
500199516001046,16
500199516001048,13
500199516001049,5
500199516002001,5
500199516002002,11
500199516002003,29
500199516002004,12
500199516002005,9
500199516002006,0
500199516002007,21
500199516002008,28
500199516002009,0
500199516002010,19
500199516002011,26
500199516002012,9
500199516002013,72
500199516002014,46
500199516002015,18
500199516002017,16
500199516002018,12
500199516005046,5
500199516005049,17
500199516005052,16
500199516005056,14
500199516005059,6
500199516005062,0
500199516005065,0
500199516005069,0
500199516005072,0
500199516005075,18
500199516005078,0
500199516003020,34
500199516003024,48
500199516003027,0
500199516003030,4
500199516003033,20
500199516003037,41
500199516003040,5
500199516003043,2
500199516003046,2
500199516003050,123
500199516003053,4
500199516003056,12
500199516004013,5
500199516004017,10
500199516004020,29
500199516004023,0
500199516004026,0
500199516004030,18
500199516004033,80
500199516004036,38
500199516004039,18
500199516004043,0
500199516004046,4
500199516004049,4
500199516005011,61
500199516005015,5
500199516005018,10
500199516005021,117
500199516005024,2
500199516005028,18
500199516005031,6
500199516005034,21
500199516005037,11
500199516005041,4
500199516005044,20
500199516001014,26
500199516001018,7
500199516001021,32
500199516001024,76
500199516001027,27
500199516001031,7
500199516001034,9
500199516001037,18
500199516001040,19
500199516001044,4
500199516001047,21
500199516002000,7
500199516002016,102
500199516002020,28
500199516002023,26
500199516002026,6
500199516002029,10
500199516003001,0
500199516003004,0
500199517001037,35
500199517002032,4
500199517003026,4
500199517004005,36
500199517004092,0
500199517001000,0
500199517002056,8
500199517002057,11
500199517002059,42
500199517002060,3
500199517002061,7
500199517002063,3
500199517002064,70
500199517002065,18
500199517002066,9
500199517002067,40
500199517002068,29
500199517002069,28
500199517002070,1
500199517002071,32
500199517001001,0
500199517001002,9
500199517001003,9
500199517001004,0
500199517001005,35
500199517001007,18
500199517001008,13
500199517001009,8
500199517001011,3
500199517001012,19
500199517001014,5
500199517001015,54
500199517001017,0
500199517001018,7
500199517001020,15
500199517001021,4
500199517001022,4
500199517001024,5
500199517001025,20
500199517001027,23
500199517001028,15
500199517001030,4
500199517001031,16
500199517001033,34
500199517001034,27
500199517001035,10
500199517001038,0
500199517001040,0
500199517001041,0
500199517001043,3
500199517001044,75
500199517001045,10
500199517001046,9
500199517001047,1
500199517001048,9
500199517001049,2
500199517001050,22
500199517001051,10
500199517002072,0
500199517002073,9
500199517002074,0
500199517002075,0
500199517002076,0
500199517002078,0
500199517002079,0
500199517002080,0
500199517003000,24
500199517003001,0
500199517003003,9
500199517003004,6
500199517003006,12
500199517003007,38
500199517003009,1
500199517003010,7
500199517003011,1
500199517003013,0
500199517003014,23
500199517003016,85
500199517003017,21
500199517003019,10
500199517003020,23
500199517003022,0
500199517003023,0
500199517003024,12
500199517003027,6
500199517003029,3
500199517003030,23
500199517003032,22
500199517003033,22
500199517003034,0
500199517003035,0
500199517003036,7
500199517003037,0
500199517003038,0
500199517003039,12
500199517003040,7
500199517001052,13
500199517001053,13
500199517001054,10
500199517001055,34
500199517001056,4
500199517002000,0
500199517002002,0
500199517002003,0
500199517002004,0
500199517002006,29
500199517002007,0
500199517002009,19
500199517002010,24
500199517002012,50
500199517002013,5
500199517002015,0
500199517002016,0
500199517002017,0
500199517002019,0
500199517002020,0
500199517002022,18
500199517002023,0
500199517002025,1
500199517002026,0
500199517002028,54
500199517002029,20
500199517002030,13
500199517002033,3
500199517002035,22
500199517002036,3
500199517002038,4
500199517002039,0
500199517002040,43
500199517002041,5
500199517002042,10
500199517002043,53
500199517002044,5
500199517002045,0
500199517003041,20
500199517003042,0
500199517003043,26
500199517003044,24
500199517003045,0
500199517003046,14
500199517003048,6
500199517003049,0
500199517003050,3
500199517003052,57
500199517003053,0
500199517003055,0
500199517003056,31
500199517003058,0
500199517003059,15
500199517003061,0
500199517003062,1
500199517003063,20
500199517003065,16
500199517003066,0
500199517003068,4
500199517003069,10
500199517003071,4
500199517003072,13
500199517004001,6
500199517004002,8
500199517004003,17
500199517004006,10
500199517004008,3
500199517004009,24
500199517004011,1
500199517004012,4
500199517004013,4
500199517004014,0
500199517004015,5
500199517004016,65
500199517004017,8
500199517004018,47
500199517004054,31
500199517004055,32
500199517004057,5
500199517004058,9
500199517004060,0
500199517004061,55
500199517004063,0
500199517004064,46
500199517004066,8
500199517004067,47
500199517004068,19
500199517004070,13
500199517004071,3
500199517004073,1
500199517004074,5
500199517004076,14
500199517004077,12
500199517004079,19
500199517004080,10
500199517004081,1
500199517004083,3
500199517004084,7
500199517004086,10
500199517004087,0
500199517004089,17
500199517004090,19
500199517004093,8
500199517004094,20
500199517004095,34
500199517004096,0
500199517004097,7
500199517004098,40
500199517004099,0
500199517004100,0
500199517002046,63
500199517002047,123
500199517002048,11
500199517002049,33
500199517002050,27
500199517002051,0
500199517002052,21
500199517002054,0
500199517004019,5
500199517004020,9
500199517004021,12
500199517004022,21
500199517004023,3
500199517004024,3
500199517004025,41
500199517004027,5
500199517004028,13
500199517004029,6
500199517004031,8
500199517004032,0
500199517004034,0
500199517004035,11
500199517004037,5
500199517004038,36
500199517004040,13
500199517004041,0
500199517004042,0
500199517004044,29
500199517004045,7
500199517004047,6
500199517004048,0
500199517004050,44
500199517004051,0
500199517004053,26
500199517001006,35
500199517001010,2
500199517001013,34
500199517001016,13
500199517001019,13
500199517001023,0
500199517001026,24
500199517001029,37
500199517001032,6
500199517001036,60
500199517001039,43
500199517001042,13
500199517002001,0
500199517002005,0
500199517002008,13
500199517002011,4
500199517002014,0
500199517002018,60
500199517002021,0
500199517002024,0
500199517002027,15
500199517002031,45
500199517002034,36
500199517002037,45
500199517002053,0
500199517004056,4
500199517004059,20
500199517004062,3
500199517004065,38
500199517004069,32
500199517004072,12
500199517004075,1
500199517004078,35
500199517004082,15
500199517004085,0
500199517004088,0
500199517004091,6
500199517002055,22
500199517002058,12
500199517002062,4
500199517002077,4
500199517002081,0
500199517003002,52
500199517003005,0
500199517003008,29
500199517003012,23
500199517003015,7
500199517003018,22
500199517003021,22
500199517003025,6
500199517003028,20
500199517003031,69
500199517003047,6
500199517003051,23
500199517003054,4
500199517003057,27
500199517003060,12
500199517003064,5
500199517003067,4
500199517003070,3
500199517004000,0
500199517004004,7
500199517004007,0
500199517004010,0
500199517004026,60
500199517004030,2
500199517004033,2
500199517004036,11
500199517004039,12
500199517004043,0
500199517004046,29
500199517004049,13
500199517004052,5
500199518001037,38
500199518002034,72
500199518003054,0
500199518001000,16
500199518001001,11
500199518001002,18
500199518001003,15
500199518001004,15
500199518001005,1
500199518001007,0
500199518001008,31
500199518001009,9
500199518001011,90
500199518001012,6
500199518001014,11
500199518001015,9
500199518001017,9
500199518001018,23
500199518001020,70
500199518001021,2
500199518001022,0
500199518001024,0
500199518001025,12
500199518001027,2
500199518001028,7
500199518001030,1
500199518001031,0
500199518001033,40
500199518001034,25
500199518001035,7
500199518001038,0
500199518001040,0
500199518001041,0
500199518001043,3
500199518001044,12
500199518001045,13
500199518001046,37
500199518001047,16
500199518001048,11
500199518001049,0
500199518001050,0
500199518001051,6
500199518002053,0
500199518002054,0
500199518002056,0
500199518002057,31
500199518002059,0
500199518002060,0
500199518002061,0
500199518002063,0
500199518002064,0
500199518002066,0
500199518003000,10
500199518003002,0
500199518003003,22
500199518003005,14
500199518003006,17
500199518003007,37
500199518003009,0
500199518003010,0
500199518003011,0
500199518003012,27
500199518003013,6
500199518003014,0
500199518003015,21
500199518003016,0
500199518003017,29
500199518003018,0
500199518003019,3
500199518003020,10
500199518003021,7
500199518003022,0
500199518003024,29
500199518001052,18
500199518001053,2
500199518001054,3
500199518002000,19
500199518002001,0
500199518002002,0
500199518002004,0
500199518002005,0
500199518002006,0
500199518002008,0
500199518002009,0
500199518002011,0
500199518002012,11
500199518002014,54
500199518002015,0
500199518002017,65
500199518002018,19
500199518002019,16
500199518002021,28
500199518002022,0
500199518002024,0
500199518002025,0
500199518002027,10
500199518002028,40
500199518002030,66
500199518002031,0
500199518002032,64
500199518002035,85
500199518002037,0
500199518002038,0
500199518002040,0
500199518002041,0
500199518002042,26
500199518002043,144
500199518002044,27
500199518002045,7
500199518002046,5
500199518002047,0
500199518003025,0
500199518003026,25
500199518003028,0
500199518003029,44
500199518003031,13
500199518003032,35
500199518003034,14
500199518003035,10
500199518003037,13
500199518003038,17
500199518003039,8
500199518003041,7
500199518003042,2
500199518003044,94
500199518003045,13
500199518003047,0
500199518003048,0
500199518003050,0
500199518003051,0
500199518003052,0
500199518003055,0
500199518003057,4
500199518003058,16
500199518003060,2
500199518003061,0
500199518003062,38
500199518003063,39
500199518003064,3
500199518003065,36
500199518003066,0
500199518003067,0
500199518003068,0
500199518003069,0
500199518003070,0
500199518003071,41
500199518003072,34
500199518003073,38
500199518003074,41
500199518002048,0
500199518002049,0
500199518002050,0
500199518002051,0
500199518003076,15
500199518003077,12
500199518003078,0
500199518003080,0
500199518003081,3
500199518003083,3
500199518003084,0
500199518003086,6
500199518003087,0
500199518003089,0
500199518003090,0
500199518003091,0
500199518003093,0
500199518003094,0
500199518003096,5
500199518002052,0
500199518002055,0
500199518002058,0
500199518002062,0
500199518002065,0
500199518003001,0
500199518003004,4
500199518003008,0
500199518003023,0
500199518003027,0
500199518003030,58
500199518003033,9
500199518003036,2
500199518003040,9
500199518003043,0
500199518003046,22
500199518003049,25
500199518003053,0
500199518003056,29
500199518001006,0
500199518001010,37
500199518001013,11
500199518001016,0
500199518001019,55
500199518001023,0
500199518003059,0
500199518003075,0
500199518003079,2
500199518003082,11
500199518003085,12
500199518003088,0
500199518003092,29
500199518003095,0
500199518001026,98
500199518001029,35
500199518001032,9
500199518001036,11
500199518001039,0
500199518001042,5
500199518002003,9
500199518002007,0
500199518002010,0
500199518002013,78
500199518002016,0
500199518002020,23
500199518002023,2
500199518002026,3
500199518002029,21
500199518002033,8
500199518002036,14
500199518002039,0
500199519001009,0
500199519002000,25
500199519002052,2
500199519001029,0
500199519001031,0
500199519001032,11
500199519001033,28
500199519001035,0
500199519001036,0
500199519001038,108
500199519001039,0
500199519001041,8
500199519002032,13
500199519002033,12
500199519002035,0
500199519002036,23
500199519002037,0
500199519002039,29
500199519002040,5
500199519002042,28
500199519002043,0
500199519002045,0
500199519002046,23
500199519002048,23
500199519002049,0
500199519002050,47
500199519002053,19
500199519002055,19
500199519002056,0
500199519002058,15
500199519002059,7
500199519002060,45
500199519002061,15
500199519002062,2
500199519002063,2
500199519002064,0
500199519002065,27
500199519002066,5
500199519002067,6
500199519002068,1
500199519002069,44
500199519002070,0
500199519002071,0
500199519002072,0
500199519002074,4
500199519002075,24
500199519002076,6
500199519002078,0
500199519002079,2
500199519002081,0
500199519002082,12
500199519002084,0
500199519001042,0
500199519001044,0
500199519001045,0
500199519001046,0
500199519001048,33
500199519001049,20
500199519001050,21
500199519001051,9
500199519001052,35
500199519001053,37
500199519001054,9
500199519001055,29
500199519001056,27
500199519001057,22
500199519001058,33
500199519001059,0
500199519001060,0
500199519001061,0
500199519001063,0
500199519001064,0
500199519001065,0
500199519001067,15
500199519001068,3
500199519001070,0
500199519001071,12
500199519001073,0
500199519001000,11
500199519001002,69
500199519001003,48
500199519001005,4
500199519001006,0
500199519001007,0
500199519001010,0
500199519001012,0
500199519001013,0
500199519001015,0
500199519001016,0
500199519001017,0
500199519001018,0
500199519001019,0
500199519001020,0
500199519001021,0
500199519001022,0
500199519001023,0
500199519001024,0
500199519001025,6
500199519001026,12
500199519001027,14
500199519001028,0
500199519001074,0
500199519001076,21
500199519001077,0
500199519001078,0
500199519001080,0
500199519001081,0
500199519001083,0
500199519001084,0
500199519001086,0
500199519001087,0
500199519001089,0
500199519001090,0
500199519001091,0
500199519002001,6
500199519002003,13
500199519002004,34
500199519002006,58
500199519002007,108
500199519002008,28
500199519002009,0
500199519002010,9
500199519002011,40
500199519002012,7
500199519002013,0
500199519002014,45
500199519002015,118
500199519002016,62
500199519002017,6
500199519002018,50
500199519002019,3
500199519002020,0
500199519002022,18
500199519002023,63
500199519002024,6
500199519002026,0
500199519002027,0
500199519002029,6
500199519002030,0
500199519001043,0
500199519001047,8
500199519001062,0
500199519001066,8
500199519001069,16
500199519001072,1
500199519001075,0
500199519001079,4
500199519001082,27
500199519001085,0
500199519001088,0
500199519001092,0
500199519002002,0
500199519002005,28
500199519002021,3
500199519002025,0
500199519002028,0
500199519002031,13
500199519002034,1
500199519002038,12
500199519002041,90
500199519002044,0
500199519002047,50
500199519002051,7
500199519002054,21
500199519002057,3
500199519002073,0
500199519002077,0
500199519002080,0
500199519002083,6
500199519001001,14
500199519001004,288
500199519001008,0
500199519001011,58
500199519001014,26
500199519001030,0
500199519001034,0
500199519001037,0
500199519001040,5
500199520002033,0
500199520002085,20
500199520001000,0
500199520001002,120
500199520001003,25
500199520001004,6
500199520001006,44
500199520001007,13
500199520001009,28
500199520001010,39
500199520001012,13
500199520001013,22
500199520001015,6
500199520001016,15
500199520001017,0
500199520001040,2
500199520001042,19
500199520001043,49
500199520001044,6
500199520001046,0
500199520001047,7
500199520001049,3
500199520001050,12
500199520001052,11
500199520001053,26
500199520001055,0
500199520001056,17
500199520001057,0
500199520001058,4
500199520001059,0
500199520001060,0
500199520001061,0
500199520001062,8
500199520001063,0
500199520001064,0
500199520001065,4
500199520001066,18
500199520001067,11
500199520002000,2
500199520002001,1
500199520002003,11
500199520002004,0
500199520002005,1
500199520002007,18
500199520002008,0
500199520002010,0
500199520002011,6
500199520002013,11
500199520002014,6
500199520002016,8
500199520002017,21
500199520002018,5
500199520002020,18
500199520002021,10
500199520002023,15
500199520002024,3
500199520002026,12
500199520002027,9
500199520002029,5
500199520002030,37
500199520002031,1
500199520002034,4
500199520002036,9
500199520002037,9
500199520002039,6
500199520002040,0
500199520002041,0
500199520002042,7
500199520002043,0
500199520002044,12
500199520002045,3
500199520002046,1
500199520002047,27
500199520002048,1
500199520002049,6
500199520002050,27
500199520002051,61
500199520002052,0
500199520002053,9
500199520002055,4
500199520002056,17
500199520002057,24
500199520002059,0
500199520002060,8
500199520002062,3
500199520002063,1
500199520002065,4
500199520002066,0
500199520002068,0
500199520002069,6
500199520002070,24
500199520002072,0
500199520002073,46
500199520002075,0
500199520002076,0
500199520002078,67
500199520002079,7
500199520002081,57
500199520002082,15
500199520002083,0
500199520002086,6
500199520002088,0
500199520001018,0
500199520001020,10
500199520001021,11
500199520001023,27
500199520001024,13
500199520001026,7
500199520001027,32
500199520001029,1
500199520001030,6
500199520001031,51
500199520001033,34
500199520001034,19
500199520001036,7
500199520001037,16
500199520001039,0
500199520002025,5
500199520002028,0
500199520002032,0
500199520002035,2
500199520002038,25
500199520002054,3
500199520002058,0
500199520002061,0
500199520002064,6
500199520002067,0
500199520002071,0
500199520002074,0
500199520002077,3
500199520002080,5
500199520002084,0
500199520002087,0
500199520001001,0
500199520001005,4
500199520001008,49
500199520001011,37
500199520001014,10
500199520001019,32
500199520001022,23
500199520001025,0
500199520001028,20
500199520001032,26
500199520001035,0
500199520001038,56
500199520001041,3
500199520001045,17
500199520001048,1
500199520001051,73
500199520001054,1
500199520002002,0
500199520002006,45
500199520002009,0
500199520002012,14
500199520002015,5
500199520002019,0
500199520002022,7
500239540001000,0
500239540002042,13
500239540003047,16
500239540001002,0
500239540001003,21
500239540001004,52
500239540001006,26
500239540001007,5
500239540001008,13
500239540001010,31
500239540001011,26
500239540001013,28
500239540001014,0
500239540001016,0
500239540001017,9
500239540001018,1
500239540001020,16
500239540001021,15
500239540001023,13
500239540001024,1
500239540001026,14
500239540001027,43
500239540001028,4
500239540001030,0
500239540001031,13
500239540001033,36
500239540001034,0
500239540001036,15
500239540001037,45
500239540001039,46
500239540001040,9
500239540001041,130
500239540001043,17
500239540001044,19
500239540001045,11
500239540001046,65
500239540001047,12
500239540001048,23
500239540001049,50
500239540001050,7
500239540001051,1
500239540001052,8
500239540001053,0
500239540001054,50
500239540001055,5
500239540001056,0
500239540001057,0
500239540001058,0
500239540001060,0
500239540001061,38
500239540001063,0
500239540001064,9
500239540001065,9
500239540001067,15
500239540001068,1
500239540001070,34
500239540001071,5
500239540001073,4
500239540001074,0
500239540001075,7
500239540001077,24
500239540001078,0
500239540001080,7
500239540001081,0
500239540002001,19
500239540002002,154
500239540002003,10
500239540002005,7
500239540002006,0
500239540002008,9
500239540002009,5
500239540002011,1
500239540002012,0
500239540002014,44
500239540002015,5
500239540002016,3
500239540002017,5
500239540002018,9
500239540002019,5
500239540002020,7
500239540002021,19
500239540002022,0
500239540002023,5
500239540002024,30
500239540002025,0
500239540002026,35
500239540002027,19
500239540002028,0
500239540002029,48
500239540002031,28
500239540002032,11
500239540002034,4
500239540002078,6
500239540002080,5
500239540002081,0
500239540002083,6
500239540002084,27
500239540002035,0
500239540002036,0
500239540002038,30
500239540002039,19
500239540002040,0
500239540002043,35
500239540002045,8
500239540002046,0
500239540002048,2
500239540002049,65
500239540002050,51
500239540002052,0
500239540002053,25
500239540002055,15
500239540002056,0
500239540002086,0
500239540002087,7
500239540002088,0
500239540002090,35
500239540002091,0
500239540002092,16
500239540002093,0
500239540002094,8
500239540002095,47
500239540002096,9
500239540002097,10
500239540002098,1
500239540002099,10
500239540002100,2
500239540002101,8
500239540003000,13
500239540003001,30
500239540003002,60
500239540003004,45
500239540003005,0
500239540003007,39
500239540003008,0
500239540003009,24
500239540003011,0
500239540003012,9
500239540003014,6
500239540003015,11
500239540003017,0
500239540003018,0
500239540003019,0
500239540003021,2
500239540003022,46
500239540003024,0
500239540003025,74
500239540003027,15
500239540003028,0
500239540003029,50
500239540002058,85
500239540002059,15
500239540002060,0
500239540002062,3
500239540002063,6
500239540002064,0
500239540002065,11
500239540002066,0
500239540002067,1
500239540002068,9
500239540002069,13
500239540002070,0
500239540002071,2
500239540002072,19
500239540002073,58
500239540002074,11
500239540002075,109
500239540002076,15
500239540002077,7
500239540003031,75
500239540003032,18
500239540003034,13
500239540003035,11
500239540003037,13
500239540003038,14
500239540003040,36
500239540003041,67
500239540003042,6
500239540003043,69
500239540003044,19
500239540003045,31
500239540003046,5
500239540003048,11
500239540003049,22
500239540003050,2
500239540003051,9
500239540003052,21
500239540003053,11
500239540003054,39
500239540003056,16
500239540003057,7
500239540001009,34
500239540001012,13
500239540001015,8
500239540001019,48
500239540001022,18
500239540001025,3
500239540001029,21
500239540001032,22
500239540001035,16
500239540001038,7
500239540001042,2
500239540001059,15
500239540001062,0
500239540001066,42
500239540001069,0
500239540001072,6
500239540001076,25
500239540001079,21
500239540002000,34
500239540002004,31
500239540002007,8
500239540002010,17
500239540002013,0
500239540002030,6
500239540002033,0
500239540002079,3
500239540002082,12
500239540002085,0
500239540002089,6
500239540003003,21
500239540003006,20
500239540003010,93
500239540003013,0
500239540003016,8
500239540003020,0
500239540003023,22
500239540003026,0
500239540003030,37
500239540003033,7
500239540003036,11
500239540003039,29
500239540003055,19
500239540003058,14
500239540002037,7
500239540002041,0
500239540002044,11
500239540002047,69
500239540002051,16
500239540002054,15
500239540002057,16
500239540002061,26
500239540001001,3
500239540001005,106
500239541003033,1
500239541001055,31
500239541002000,7
500239541002002,0
500239541002003,22
500239541002005,29
500239541002006,0
500239541002008,5
500239541002009,17
500239541002011,47
500239541002012,19
500239541002014,34
500239541002015,19
500239541002016,0
500239541002018,61
500239541002019,19
500239541002021,9
500239541002022,1
500239541002024,5
500239541002025,13
500239541002027,0
500239541002028,0
500239541002029,3
500239541002030,26
500239541002031,0
500239541002032,0
500239541002033,15
500239541002034,2
500239541002035,59
500239541002036,5
500239541002037,50
500239541002038,8
500239541002039,8
500239541002040,11
500239541002041,16
500239541002042,13
500239541002044,38
500239541002045,36
500239541002047,0
500239541002048,31
500239541002049,0
500239541002051,10
500239541003000,14
500239541003002,10
500239541003003,26
500239541003005,106
500239541003006,0
500239541003007,0
500239541003009,63
500239541003010,0
500239541003012,61
500239541003013,17
500239541003015,11
500239541003016,10
500239541003017,47
500239541003019,2
500239541003020,11
500239541003022,31
500239541003023,2
500239541003025,38
500239541003026,16
500239541003028,24
500239541003029,27
500239541003030,53
500239541003031,6
500239541003032,39
500239541003034,0
500239541003035,11
500239541003036,23
500239541001000,69
500239541001001,0
500239541001003,9
500239541001004,0
500239541001005,14
500239541001007,48
500239541001008,16
500239541001010,1
500239541001011,12
500239541001013,10
500239541001014,22
500239541001015,1
500239541001017,0
500239541001018,3
500239541001020,0
500239541001021,0
500239541001023,49
500239541001024,0
500239541001026,0
500239541001027,13
500239541001028,0
500239541001030,26
500239541001031,42
500239541001033,10
500239541001034,14
500239541001036,44
500239541001037,10
500239541001038,16
500239541001040,0
500239541001041,0
500239541001042,11
500239541001043,3
500239541001044,44
500239541001045,1
500239541001046,2
500239541001047,16
500239541001048,19
500239541001049,9
500239541001050,0
500239541001051,0
500239541001052,16
500239541001053,11
500239541001054,20
500239541001057,11
500239541001058,7
500239541001059,6
500239541001061,10
500239541001062,6
500239541001064,2
500239541002007,27
500239541002010,4
500239541002013,41
500239541002017,9
500239541002020,25
500239541002023,0
500239541002026,41
500239541002043,2
500239541002046,0
500239541002050,1
500239541003001,0
500239541003004,0
500239541003008,4
500239541003011,8
500239541003014,3
500239541003018,29
500239541003021,18
500239541003024,43
500239541003027,32
500239541001029,70
500239541001032,2
500239541001035,12
500239541001039,0
500239541001056,39
500239541001060,3
500239541001063,2
500239541002001,59
500239541002004,28
500239541001002,1
500239541001006,24
500239541001009,8
500239541001012,14
500239541001016,61
500239541001019,11
500239541001022,22
500239541001025,5
500239542002034,5
500239542002035,79
500239542002036,41
500239542002037,13
500239542002038,27
500239542002039,10
500239542002040,4
500239542002041,32
500239542002042,0
500239542002044,294
500239542002045,0
500239542002046,0
500239542002048,0
500239542002049,0
500239542002051,0
500239542002052,0
500239542002054,0
500239542002055,0
500239542002056,0
500239542002058,31
500239542002059,6
500239542002061,0
500239542002062,22
500239542002064,12
500239542002065,0
500239542002066,0
500239542002068,14
500239542002069,0
500239542002071,0
500239542002072,2
500239542001031,0
500239542001032,23
500239542001034,2
500239542001035,13
500239542001036,11
500239542002001,5
500239542002002,65
500239542002004,38
500239542002005,24
500239542002007,30
500239542002008,2
500239542002010,10
500239542002011,20
500239542002012,48
500239542002014,0
500239542002015,22
500239542002017,22
500239542002018,26
500239542002020,18
500239542002021,62
500239542002022,139
500239542002024,0
500239542002025,22
500239542002027,27
500239542002028,0
500239542002029,0
500239542002030,0
500239542002031,13
500239542002032,11
500239542002033,0
500239542001000,195
500239542001001,16
500239542001002,0
500239542001003,92
500239542001004,9
500239542001005,0
500239542001007,127
500239542001008,0
500239542001010,8
500239542001011,0
500239542001013,8
500239542001014,10
500239542001016,142
500239542001017,15
500239542001018,25
500239542001020,0
500239542001021,0
500239542001023,37
500239542001024,33
500239542001026,18
500239542001027,15
500239542001028,18
500239542002043,0
500239542002047,0
500239542002050,10
500239542002053,1
500239542002057,0
500239542002060,0
500239542002063,0
500239542002067,0
500239542002070,22
500239542002073,10
500239542001030,20
500239542001033,42
500239542002000,285
500239542002003,8
500239542002006,72
500239542002009,19
500239542002013,25
500239542002016,14
500239542002019,26
500239542002023,82
500239542002026,9
500239542001006,9
500239542001009,14
500239542001012,18
500239542001015,0
500239542001019,30
500239542001022,0
500239542001025,14
500239542001029,0
500239543002047,23
500239543002037,24
500239543002038,13
500239543002039,78
500239543002040,23
500239543002041,120
500239543002042,15
500239543002043,17
500239543002044,8
500239543002045,8
500239543002046,18
500239543002049,58
500239543002050,27
500239543002052,0
500239543002053,154
500239543002055,36
500239543002056,4
500239543002057,9
500239543002059,1
500239543002060,6
500239543003000,105
500239543003001,52
500239543003003,0
500239543003004,0
500239543003006,75
500239543003007,18
500239543003008,29
500239543003010,0
500239543003011,14
500239543003013,0
500239543003014,0
500239543001000,114
500239543001001,65
500239543001003,35
500239543001004,47
500239543001005,17
500239543001006,127
500239543001007,71
500239543001008,296
500239543001009,22
500239543001010,104
500239543001011,85
500239543001012,34
500239543001013,42
500239543001014,40
500239543001015,18
500239543001016,75
500239543001017,27
500239543001018,215
500239543001019,1
500239543001021,72
500239543001022,183
500239543001024,6
500239543001025,10
500239543001026,0
500239543001028,17
500239543001029,10
500239543001031,19
500239543001032,0
500239543001034,0
500239543001035,0
500239543002000,302
500239543002002,77
500239543002003,0
500239543002005,0
500239543002006,0
500239543002008,0
500239543002009,0
500239543002010,0
500239543002012,11
500239543002013,0
500239543002015,0
500239543002016,0
500239543002018,74
500239543002019,11
500239543002021,9
500239543002022,352
500239543002023,13
500239543002024,59
500239543002025,30
500239543002026,0
500239543002027,19
500239543002028,3
500239543002029,0
500239543002030,0
500239543002031,0
500239543002032,0
500239543002033,13
500239543002034,0
500239543002035,0
500239543003017,6
500239543003018,0
500239543003019,0
500239543003021,53
500239543003022,98
500239543003023,57
500239543003024,0
500239543003025,0
500239543003026,0
500239543004000,59
500239543004001,0
500239543004002,20
500239543004003,22
500239543004004,40
500239543004005,46
500239543004006,7
500239543004007,0
500239543004008,77
500239543004010,48
500239543004011,29
500239543004013,112
500239543004014,58
500239543004015,0
500239543004017,87
500239543004018,9
500239543004020,0
500239543004021,0
500239543004023,16
500239543004024,13
500239543004025,0
500239543004027,0
500239543003016,0
500239543003020,0
500239543004009,14
500239543004012,186
500239543004016,0
500239543004019,16
500239543004022,0
500239543004026,0
500239543002048,50
500239543002051,101
500239543002054,9
500239543002058,10
500239543002061,0
500239543003002,2
500239543003005,0
500239543003009,9
500239543003012,39
500239543003015,68
500239543001002,76
500239543001020,53
500239543001023,12
500239543001027,10
500239543001030,0
500239543001033,0
500239543002001,11
500239543002004,0
500239543002007,23
500239543002011,0
500239543002014,0
500239543002017,12
500239543002020,113
500239543002036,0
500239544003028,11
500239544003029,13
500239544003031,34
500239544003032,1
500239544003033,29
500239544003035,20
500239544003036,90
500239544003038,28
500239544003039,189
500239544003041,17
500239544003042,5
500239544003043,2
500239544003045,43
500239544003046,3
500239544003047,23
500239544003048,5
500239544003049,0
500239544003050,0
500239544003051,0
500239544003052,0
500239544003053,10
500239544003054,42
500239544003055,17
500239544003056,27
500239544003057,3
500239544003058,4
500239544003059,1
500239544003061,29
500239544003062,24
500239544003064,7
500239544003065,84
500239544003066,12
500239544003068,0
500239544003069,5
500239544003071,5
500239544003072,4
500239544003074,63
500239544003075,5
500239544003076,63
500239544001000,0
500239544001002,1
500239544001003,1
500239544001005,0
500239544001006,6
500239544001007,0
500239544001009,0
500239544001010,122
500239544001012,4
500239544001013,6
500239544001015,9
500239544001016,44
500239544001018,24
500239544001019,3
500239544001020,63
500239544001021,11
500239544001022,69
500239544001023,122
500239544001024,0
500239544001025,0
500239544002026,0
500239544002027,0
500239544002028,0
500239544002029,15
500239544002030,0
500239544002032,3
500239544002033,14
500239544002035,53
500239544002036,17
500239544002038,39
500239544002039,25
500239544003000,0
500239544003002,0
500239544003003,0
500239544003005,0
500239544003006,2
500239544003008,6
500239544003009,0
500239544003011,2
500239544003012,4
500239544003013,3
500239544003015,3
500239544003016,0
500239544003018,7
500239544003019,10
500239544003021,6
500239544003022,9
500239544003023,0
500239544003025,6
500239544003026,0
500239544001026,7
500239544001027,31
500239544001028,86
500239544001029,30
500239544001030,24
500239544001031,0
500239544001033,8
500239544001034,115
500239544001036,4
500239544001037,4
500239544001038,17
500239544001040,8
500239544001041,43
500239544001043,6
500239544001044,5
500239544001046,8
500239544001047,0
500239544002000,0
500239544002002,0
500239544002003,79
500239544002005,112
500239544002006,8
500239544002008,21
500239544002009,10
500239544002010,31
500239544002012,33
500239544002013,58
500239544002015,2
500239544002016,0
500239544002018,0
500239544002019,0
500239544002021,0
500239544002022,0
500239544002023,33
500239544002024,5
500239544002025,2
500239544002031,0
500239544002034,0
500239544002037,0
500239544003001,0
500239544003004,0
500239544003007,177
500239544003010,0
500239544003014,0
500239544003017,6
500239544003020,6
500239544003024,0
500239544001001,0
500239544001004,11
500239544001008,0
500239544001011,5
500239544001014,9
500239544001017,15
500239544001032,0
500239544001035,12
500239544001039,27
500239544001042,44
500239544001045,23
500239544002001,28
500239544002004,0
500239544002007,6
500239544002011,5
500239544002014,24
500239544002017,0
500239544002020,103
500239544003027,0
500239544003030,15
500239544003034,41
500239544003037,10
500239544003040,14
500239544003044,11
500239544003060,11
500239544003063,5
500239544003067,0
500239544003070,117
500239544003073,24
500239544003077,0
500239545001022,0
500239545001087,2
500239545001000,0
500239545001001,10
500239545001003,0
500239545001004,5
500239545001006,8
500239545001007,14
500239545001008,9
500239545001010,8
500239545001011,14
500239545001013,16
500239545001014,0
500239545001016,6
500239545001017,23
500239545001019,1
500239545001020,0
500239545001021,15
500239545001023,0
500239545001024,0
500239545001025,0
500239545001026,0
500239545001027,0
500239545001028,0
500239545001029,1
500239545001030,0
500239545001031,0
500239545001032,1
500239545001034,146
500239545001035,33
500239545001036,0
500239545001038,5
500239545001063,10
500239545001064,0
500239545001065,0
500239545001066,0
500239545001067,0
500239545001068,0
500239545001069,46
500239545001070,18
500239545001071,4
500239545001072,5
500239545001073,11
500239545001074,0
500239545001075,14
500239545001039,6
500239545001041,0
500239545001042,0
500239545001044,198
500239545001045,68
500239545001046,8
500239545001048,3
500239545001049,19
500239545001051,40
500239545001052,0
500239545001054,0
500239545001055,0
500239545001056,0
500239545001058,6
500239545001059,7
500239545001061,14
500239545001076,65
500239545001077,11
500239545001078,61
500239545001080,12
500239545001081,33
500239545001083,0
500239545001084,0
500239545001086,9
500239545001088,0
500239545001090,0
500239545001091,16
500239545001093,0
500239545002000,0
500239545002002,380
500239545002003,31
500239545002004,12
500239545002006,11
500239545002007,0
500239545002009,5
500239545002011,0
500239545002012,0
500239545002014,0
500239545002015,0
500239545002016,31
500239545002018,21
500239545002019,0
500239545002020,0
500239545002021,0
500239545002022,52
500239545002023,1
500239545002024,25
500239545002025,165
500239545002026,91
500239545002027,0
500239545002028,0
500239545002029,0
500239545002030,8
500239545002031,0
500239545002032,0
500239545002034,7
500239545002035,27
500239545002037,0
500239545002038,0
500239545002039,0
500239545002041,25
500239545002042,0
500239545002044,0
500239545002045,6
500239545002047,0
500239545002048,10
500239545002049,22
500239545002051,0
500239545002052,40
500239545002054,170
500239545002055,0
500239545002057,0
500239545002058,3
500239545002059,0
500239545002061,3
500239545002062,0
500239545002064,0
500239545002065,0
500239545002067,0
500239545002068,6
500239545002070,0
500239545002071,32
500239545002072,3
500239545002010,18
500239545002013,57
500239545002017,16
500239545002033,0
500239545002036,27
500239545002040,0
500239545002043,0
500239545002046,0
500239545002050,30
500239545002053,21
500239545002056,0
500239545002060,60
500239545002063,14
500239545002066,1
500239545002069,0
500239545001062,0
500239545001079,6
500239545001082,0
500239545001085,10
500239545001089,0
500239545001092,0
500239545002001,0
500239545002005,4
500239545002008,11
500239545001002,0
500239545001005,0
500239545001009,0
500239545001012,179
500239545001015,0
500239545001018,79
500239545001033,0
500239545001037,48
500239545001040,0
500239545001043,1
500239545001047,16
500239545001050,42
500239545001053,17
500239545001057,4
500239545001060,0
500239546002032,0
500239546002028,24
500239546002029,48
500239546002030,0
500239546002031,8
500239546002033,0
500239546002034,0
500239546002035,0
500239546002037,55
500239546002038,19
500239546002039,50
500239546001000,0
500239546001001,12
500239546001002,17
500239546001003,15
500239546001004,40
500239546001005,14
500239546001006,0
500239546001007,18
500239546001008,418
500239546001009,53
500239546001010,27
500239546001012,58
500239546001013,37
500239546001015,35
500239546001016,157
500239546001017,52
500239546001019,0
500239546001020,0
500239546002000,154
500239546002001,37
500239546002003,237
500239546002004,15
500239546002005,0
500239546002007,21
500239546002008,24
500239546002010,0
500239546002011,0
500239546002013,7
500239546002014,0
500239546002015,0
500239546002017,8
500239546002018,0
500239546002020,46
500239546002021,7
500239546002023,16
500239546002024,86
500239546002026,0
500239546002027,0
500239546002036,0
500239546001011,63
500239546001014,35
500239546001018,84
500239546001021,68
500239546002002,31
500239546002006,15
500239546002009,82
500239546002012,0
500239546002016,96
500239546002019,0
500239546002022,29
500239546002025,0
500239547001001,174
500239547001002,24
500239547001004,9
500239547001005,160
500239547001007,23
500239547001008,26
500239547001009,10
500239547001011,37
500239547001012,0
500239547001014,19
500239547001015,0
500239547001017,0
500239547001018,0
500239547001019,0
500239547001021,8
500239547001022,0
500239547001024,0
500239547002000,0
500239547002002,0
500239547002003,0
500239547002005,0
500239547002006,17
500239547002007,90
500239547002008,69
500239547002009,349
500239547002010,47
500239547002011,62
500239547002012,45
500239547002013,73
500239547002014,0
500239547002015,48
500239547002016,95
500239547002004,0
500239547001000,27
500239547001003,142
500239547001006,0
500239547001010,17
500239547001013,0
500239547001016,0
500239547001020,25
500239547001023,0
500239547002001,44
500239548001000,9
500239548001001,25
500239548001002,152
500239548001004,43
500239548001005,74
500239548001007,147
500239548001008,54
500239548001009,56
500239548001011,20
500239548001012,49
500239548001014,36
500239548001015,59
500239548001017,47
500239548001018,33
500239548002000,161
500239548002002,14
500239548002003,75
500239548002005,0
500239548002006,0
500239548002008,0
500239548002009,172
500239548002010,74
500239548002012,25
500239548002013,56
500239548002015,9
500239548002016,46
500239548002018,49
500239548002019,56
500239548002021,19
500239548002022,27
500239548002023,0
500239548002024,35
500239548002025,24
500239548001003,57
500239548001006,36
500239548001010,111
500239548001013,35
500239548001016,42
500239548002001,7
500239548002004,53
500239548002007,0
500239548002011,74
500239548002014,132
500239548002017,0
500239548002020,0
500239549001000,0
500239549001001,0
500239549001002,0
500239549001003,0
500239549001004,0
500239549001005,0
500239549001006,0
500239549001007,0
500239549001008,0
500239549001010,22
500239549001011,0
500239549001013,7
500239549001014,66
500239549001015,11
500239549001017,10
500239549001018,71
500239549001020,25
500239549001021,72
500239549001023,0
500239549001024,0
500239549001025,0
500239549001027,0
500239549001028,0
500239549002000,0
500239549002001,0
500239549002003,0
500239549002004,0
500239549002005,61
500239549002007,27
500239549002008,43
500239549002010,70
500239549002011,135
500239549002013,0
500239549002014,0
500239549002016,60
500239549002017,228
500239549002018,0
500239549002019,0
500239549001009,84
500239549001012,0
500239549001016,393
500239549001019,64
500239549001022,0
500239549001026,12
500239549001029,6
500239549002002,0
500239549002006,336
500239549002009,27
500239549002012,0
500239549002015,93
500239550002001,6
500239550001006,13
500239550001007,46
500239550001008,12
500239550001010,63
500239550001011,8
500239550001013,5
500239550001014,14
500239550001016,109
500239550001017,23
500239550001018,0
500239550001020,9
500239550001021,4
500239550001022,144
500239550001023,20
500239550001024,53
500239550001025,29
500239550001026,22
500239550001027,0
500239550001028,9
500239550001029,2
500239550001030,1
500239550001031,22
500239550001032,12
500239550001033,76
500239550001034,21
500239550001035,0
500239550001036,3
500239550001038,44
500239550001039,37
500239550002002,0
500239550002004,0
500239550002005,24
500239550002006,0
500239550002007,27
500239550002009,66
500239550002010,2
500239550002012,52
500239550002013,82
500239550002015,5
500239550002016,0
500239550002018,4
500239550002019,39
500239550002020,10
500239550002022,0
500239550002023,0
500239550002025,0
500239550002026,11
500239550002028,2
500239550002029,3
500239550002030,15
500239550002031,35
500239550002032,8
500239550002033,0
500239550002034,23
500239550002035,36
500239550002036,4
500239550002037,5
500239550002038,9
500239550002039,81
500239550002040,25
500239550002041,34
500239550002042,28
500239550002043,0
500239550002045,10
500239550002046,13
500239550002048,11
500239550002049,6
500239550002050,36
500239550002052,5
500239550002053,0
500239550002055,0
500239550002056,11
500239550002058,0
500239550002059,30
500239550002060,6
500239550002062,0
500239550002063,3
500239550002065,0
500239550002066,12
500239550002068,5
500239550002069,0
500239550002070,20
500239550002072,12
500239550002073,24
500239550002075,15
500239550002076,8
500239550002078,0
500239550002079,0
500239550002081,73
500239550002082,19
500239550001000,14
500239550001001,10
500239550001002,53
500239550001003,0
500239550001004,11
500239550002008,6
500239550002011,5
500239550002014,39
500239550002017,15
500239550002021,17
500239550002024,81
500239550002027,26
500239550002044,28
500239550002047,13
500239550002051,28
500239550002054,0
500239550002057,0
500239550002061,1
500239550002064,45
500239550002067,24
500239550002071,212
500239550002074,14
500239550002077,0
500239550002080,25
500239550001005,5
500239550001009,12
500239550001012,15
500239550001015,56
500239550001019,16
500239550001037,43
500239550002000,26
500239550002003,2
500239551001009,74
500239551002030,37
500239551002011,47
500239551002012,24
500239551002014,25
500239551002015,45
500239551002017,62
500239551002018,37
500239551002019,120
500239551002020,20
500239551002021,8
500239551002022,18
500239551002023,61
500239551002024,40
500239551002025,34
500239551002026,50
500239551002027,23
500239551002028,28
500239551002029,52
500239551002031,20
500239551002032,30
500239551002034,61
500239551003000,248
500239551003002,30
500239551003003,13
500239551003004,131
500239551003006,25
500239551003007,16
500239551003009,10
500239551003010,12
500239551003012,20
500239551003013,0
500239551003014,66
500239551001000,23
500239551001001,7
500239551001002,0
500239551001003,170
500239551001004,38
500239551001005,12
500239551001006,31
500239551001007,16
500239551001008,146
500239551001010,49
500239551001011,13
500239551001012,123
500239551001014,31
500239551001015,247
500239551003017,20
500239551003018,18
500239551003019,12
500239551003021,24
500239551004000,40
500239551004002,25
500239551004003,27
500239551004005,51
500239551004006,8
500239551004007,62
500239551004009,10
500239551004010,12
500239551004011,23
500239551004012,117
500239551004013,84
500239551004014,30
500239551004015,74
500239551004016,0
500239551004017,30
500239551001017,56
500239551001018,0
500239551001019,18
500239551001021,44
500239551001022,61
500239551001024,36
500239551002000,49
500239551002002,20
500239551002003,8
500239551002004,25
500239551002006,30
500239551002007,13
500239551002009,11
500239551002010,19
500239551003016,96
500239551003020,38
500239551004001,46
500239551004004,16
500239551004008,39
500239551001013,60
500239551001016,10
500239551001020,21
500239551001023,50
500239551002001,29
500239551002005,7
500239551002008,87
500239551002013,28
500239551002016,79
500239551002033,43
500239551003001,33
500239551003005,31
500239551003008,41
500239551003011,20
500239551003015,27
500239552003006,71
500239552006010,12
500239552005021,42
500239552005022,31
500239552005024,35
500239552006000,0
500239552006001,181
500239552006002,8
500239552006003,22
500239552006004,0
500239552006005,0
500239552006006,0
500239552006007,7
500239552006008,171
500239552006009,40
500239552006011,232
500239552006012,0
500239552006013,0
500239552006014,0
500239552001000,0
500239552001001,160
500239552001002,15
500239552001003,169
500239552001004,10
500239552001005,27
500239552001007,59
500239552001008,38
500239552001010,19
500239552001011,21
500239552001012,69
500239552001014,56
500239552001015,36
500239552001017,6
500239552002000,87
500239552002002,12
500239552002003,28
500239552002004,100
500239552002006,26
500239552002007,27
500239552002009,32
500239552002010,2
500239552002012,15
500239552002013,7
500239552002014,93
500239552002016,21
500239552002017,24
500239552003000,22
500239552003001,84
500239552003003,0
500239552003004,438
500239552003007,13
500239552003008,0
500239552003009,21
500239552003010,8
500239552004000,0
500239552004001,9
500239552004002,51
500239552004003,9
500239552004004,0
500239552004005,15
500239552004006,0
500239552004007,0
500239552004008,0
500239552004010,444
500239552004011,18
500239552004012,13
500239552004014,69
500239552004015,56
500239552004017,31
500239552004018,89
500239552004020,0
500239552005000,0
500239552005002,0
500239552005003,8
500239552005004,10
500239552005006,0
500239552005007,27
500239552005009,7
500239552005010,23
500239552005012,198
500239552005013,39
500239552005014,20
500239552005016,0
500239552005017,0
500239552005019,26
500239552005020,0
500239552001006,43
500239552001009,20
500239552001013,35
500239552001016,18
500239552002001,0
500239552002005,9
500239552002008,40
500239552002011,19
500239552002015,24
500239552002018,101
500239552003002,6
500239552003005,28
500239552004009,19
500239552004013,11
500239552004016,20
500239552004019,20
500239552005001,0
500239552005005,0
500239552005008,11
500239552005011,50
500239552005015,0
500239552005018,0
500239552005023,7
500239552006015,0
500239553001021,11
500239553001022,9
500239553001023,28
500239553001024,76
500239553001025,94
500239553001026,0
500239553001027,18
500239553001028,0
500239553001029,5
500239553001030,0
500239553002000,151
500239553002001,0
500239553002002,0
500239553002003,7
500239553002004,14
500239553002006,41
500239553002007,37
500239553002009,95
500239553002010,10
500239553002011,47
500239553002013,32
500239553002014,30
500239553002016,101
500239553002017,8
500239553002019,40
500239553002020,12
500239553002021,16
500239553002023,12
500239553002024,36
500239553002026,350
500239553002027,26
500239553002029,23
500239553002030,18
500239553002031,20
500239553002033,38
500239553002034,10
500239553002036,29
500239553002037,32
500239553002039,37
500239553003000,41
500239553003002,33
500239553003003,0
500239553003004,0
500239553003005,0
500239553003006,35
500239553003007,70
500239553003008,18
500239553003009,25
500239553003010,392
500239553003011,39
500239553003012,16
500239553003013,17
500239553003014,88
500239553003015,31
500239553003017,44
500239553003018,44
500239553003020,36
500239553001000,159
500239553001001,23
500239553001003,56
500239553001004,52
500239553001005,309
500239553001007,264
500239553001008,28
500239553001010,28
500239553001011,21
500239553001013,7
500239553001014,7
500239553001016,21
500239553001017,14
500239553001018,7
500239553001020,61
500239553002005,2
500239553002008,8
500239553002012,120
500239553002015,0
500239553002018,128
500239553002022,18
500239553002025,25
500239553002028,0
500239553002032,23
500239553002035,22
500239553002038,37
500239553003001,7
500239553003016,14
500239553003019,18
500239553001002,61
500239553001006,32
500239553001009,26
500239553001012,18
500239553001015,15
500239553001019,27
500239554003023,11
500239554003024,24
500239554003026,129
500239554001000,0
500239554001001,54
500239554001003,25
500239554001004,0
500239554001006,30
500239554001007,139
500239554001009,28
500239554001010,0
500239554001011,0
500239554001013,45
500239554001014,104
500239554001016,19
500239554001017,0
500239554001019,29
500239554001020,140
500239554001021,27
500239554001023,22
500239554001024,22
500239554002000,0
500239554002001,98
500239554002003,227
500239554002004,52
500239554002006,63
500239554002007,16
500239554002008,25
500239554002009,0
500239554002010,23
500239554002011,131
500239554002012,22
500239554003027,6
500239554003029,11
500239554003030,19
500239554003032,0
500239554003033,14
500239554003034,57
500239554003036,21
500239554003037,160
500239554003039,76
500239554003040,7
500239554003042,3
500239554003043,46
500239554003045,18
500239554002013,51
500239554002014,177
500239554002016,15
500239554002017,37
500239554002019,21
500239554002020,14
500239554002021,44
500239554002023,94
500239554002024,103
500239554002026,101
500239554002027,37
500239554002029,10
500239554002030,57
500239554002031,42
500239554003000,23
500239554003001,24
500239554003003,11
500239554003004,16
500239554003006,27
500239554003007,6
500239554003008,29
500239554003009,22
500239554003010,6
500239554003011,0
500239554003012,8
500239554003013,10
500239554003014,0
500239554003015,0
500239554003016,15
500239554003017,50
500239554003018,5
500239554003019,59
500239554003020,50
500239554003021,30
500239554003022,11
500239554003025,0
500239554003028,12
500239554003031,18
500239554003035,14
500239554003038,38
500239554003041,13
500239554003044,43
500239554001002,11
500239554001005,0
500239554001008,4
500239554001012,139
500239554001015,17
500239554001018,122
500239554001022,10
500239554001025,15
500239554002002,25
500239554002005,49
500239554002015,7
500239554002018,30
500239554002022,34
500239554002025,50
500239554002028,7
500239554002032,0
500239554003002,1
500239554003005,16
500239555012013,6
500239555012032,24
500239555011000,4
500239555011001,14
500239555011003,56
500239555011004,0
500239555011006,0
500239555011007,0
500239555011009,0
500239555011010,0
500239555011011,0
500239555011012,112
500239555011013,10
500239555011014,4
500239555011015,29
500239555011016,59
500239555011017,87
500239555011018,4
500239555011019,73
500239555011020,28
500239555011021,4
500239555011022,10
500239555011023,15
500239555011024,56
500239555011025,58
500239555011027,90
500239555011028,22
500239555011030,24
500239555012000,25
500239555012001,26
500239555012003,134
500239555012004,3
500239555012006,9
500239555012007,21
500239555012009,89
500239555012010,105
500239555012011,10
500239555012014,1
500239555012016,5
500239555012017,0
500239555012019,89
500239555012020,17
500239555012021,3
500239555012023,4
500239555012024,0
500239555012026,9
500239555012027,3
500239555012028,44
500239555012030,12
500239555012031,25
500239555012033,7
500239555012034,14
500239555012035,32
500239555012036,27
500239555012037,7
500239555012038,0
500239555012039,0
500239555012040,1
500239555012041,0
500239555012042,54
500239555012043,0
500239555012044,33
500239555012045,0
500239555012047,0
500239555012048,5
500239555011002,33
500239555011005,0
500239555011008,0
500239555011026,25
500239555011029,48
500239555012002,32
500239555012005,27
500239555012008,0
500239555012012,16
500239555012015,34
500239555012018,7
500239555012022,2
500239555012025,32
500239555012029,149
500239555012046,35
500239555023001,30
500239555021014,21
500239555021015,19
500239555021016,0
500239555021017,0
500239555021018,43
500239555021019,68
500239555021020,30
500239555021021,0
500239555021022,18
500239555021023,93
500239555021024,0
500239555021025,46
500239555021027,165
500239555021028,0
500239555021030,101
500239555021031,16
500239555021032,2
500239555021034,17
500239555021035,38
500239555021037,36
500239555021038,0
500239555021040,10
500239555022000,4
500239555022001,51
500239555022003,43
500239555022004,15
500239555022006,10
500239555022007,2
500239555022008,12
500239555022010,36
500239555022012,2
500239555022013,41
500239555022015,8
500239555022016,54
500239555022018,10
500239555022019,10
500239555022020,9
500239555022021,9
500239555022022,20
500239555022023,19
500239555022024,0
500239555022025,35
500239555022026,17
500239555022027,13
500239555022028,0
500239555022029,14
500239555022030,0
500239555022031,44
500239555022032,0
500239555022033,3
500239555022035,0
500239555022036,9
500239555022038,0
500239555022039,10
500239555022040,11
500239555022042,10
500239555022043,11
500239555022045,1
500239555022046,0
500239555022048,10
500239555022049,0
500239555022050,2
500239555023002,0
500239555023004,24
500239555023005,106
500239555023007,8
500239555023008,0
500239555023009,0
500239555023011,0
500239555023012,56
500239555023014,0
500239555023015,5
500239555023016,18
500239555023018,5
500239555023019,1464
500239555023020,18
500239555023021,12
500239555023022,38
500239555023023,0
500239555023024,54
500239555023025,0
500239555023026,11
500239555023027,146
500239555023028,19
500239555023029,9
500239555023030,34
500239555023031,21
500239555021001,11
500239555021002,317
500239555021004,55
500239555021005,18
500239555021006,2
500239555023032,9
500239555023033,0
500239555023034,5
500239555023036,9
500239555023037,11
500239555023039,20
500239555021008,46
500239555021010,39
500239555021011,39
500239555021012,30
500239555021013,22
500239555022011,8
500239555022014,0
500239555022017,0
500239555022034,7
500239555022037,0
500239555022041,44
500239555022044,4
500239555022047,3
500239555023000,0
500239555023003,0
500239555023006,74
500239555023010,0
500239555023013,42
500239555023017,18
500239555023035,2
500239555021000,10
500239555021003,12
500239555021007,5
500239555023038,0
500239555021009,92
500239555021026,147
500239555021029,21
500239555021033,4
500239555021036,14
500239555021039,0
500239555022002,16
500239555022005,46
500239555022009,5
500239556001031,5
500239556001032,7
500239556001033,19
500239556001035,2
500239556001036,2
500239556001038,15
500239556001039,7
500239556001041,0
500239556001042,5
500239556001043,18
500239556001045,3
500239556001046,10
500239556001048,10
500239556001049,3
500239556002000,3
500239556002001,0
500239556002003,6
500239556002004,12
500239556002005,327
500239556002007,8
500239556002008,0
500239556002010,2
500239556002011,92
500239556002012,3
500239556002013,0
500239556002014,46
500239556002015,29
500239556002016,54
500239556002017,0
500239556002018,5
500239556002019,12
500239556002020,1
500239556002021,0
500239556002022,13
500239556002023,18
500239556002025,14
500239556001000,126
500239556001002,9
500239556001003,48
500239556001004,107
500239556001006,0
500239556001007,10
500239556001009,27
500239556001010,13
500239556001012,16
500239556001013,75
500239556001015,73
500239556001016,8
500239556001017,45
500239556001019,9
500239556001020,16
500239556001022,101
500239556001023,9
500239556001025,1
500239556001026,0
500239556001027,14
500239556001029,5
500239556002026,6
500239556002028,8
500239556002029,0
500239556002031,0
500239556002032,2
500239556002024,53
500239556002027,3
500239556002030,5
500239556001001,10
500239556001005,7
500239556001008,10
500239556001011,25
500239556001014,12
500239556001018,32
500239556001021,15
500239556001024,1
500239556001028,5
500239556001030,119
500239556001034,5
500239556001037,18
500239556001040,7
500239556001044,0
500239556001047,1
500239556001050,3
500239556002002,153
500239556002006,14
500239556002009,0
500239557001000,0
500239557001002,0
500239557001003,15
500239557001005,85
500239557001006,5
500239557001008,9
500239557001009,0
500239557001010,222
500239557001012,11
500239557001013,21
500239557001015,0
500239557001016,32
500239557001018,19
500239557001019,8
500239557001020,83
500239557001022,0
500239557001023,18
500239557001025,78
500239557001026,117
500239557001027,0
500239557001028,48
500239557001029,9
500239557001030,4
500239557001031,1
500239557001032,12
500239557001033,97
500239557001034,0
500239557001035,0
500239557001036,0
500239557001037,24
500239557001038,16
500239557001039,27
500239557001040,15
500239557001042,5
500239557001043,0
500239557002000,12
500239557002001,0
500239557002002,17
500239557002004,13
500239557002005,0
500239557002007,69
500239557002008,6
500239557002010,0
500239557002011,5
500239557002012,38
500239557002014,12
500239557002015,7
500239557002017,32
500239557002018,21
500239557002020,62
500239557002021,50
500239557002022,4
500239557002024,0
500239557002025,0
500239557002027,6
500239557002028,3
500239557002030,7
500239557002031,0
500239557002033,0
500239557002034,0
500239557002035,5
500239557002036,45
500239557002037,0
500239557002038,5
500239557002039,0
500239557001001,33
500239557001004,66
500239557001007,0
500239557001011,0
500239557001014,48
500239557001017,0
500239557001021,13
500239557001024,26
500239557001041,2
500239557001044,9
500239557002003,16
500239557002006,0
500239557002009,20
500239557002013,0
500239557002016,3
500239557002019,12
500239557002023,36
500239557002026,132
500239557002029,0
500239557002032,28
500239558001015,0
500239558001016,14
500239558001018,10
500239558001019,102
500239558001020,0
500239558001022,24
500239558002000,293
500239558002002,5
500239558002003,14
500239558002005,110
500239558002006,4
500239558002007,0
500239558002009,23
500239558002010,14
500239558002011,2
500239558002012,3
500239558002013,12
500239558002014,3
500239558002015,142
500239558002016,3
500239558002017,3
500239558002018,2
500239558002019,51
500239558002020,23
500239558002021,8
500239558002022,21
500239558001000,79
500239558001001,33
500239558001002,67
500239558001003,0
500239558001004,8
500239558001005,9
500239558001006,0
500239558001008,7
500239558001009,23
500239558001011,143
500239558001012,15
500239558001014,22
500239558001007,15
500239558001010,8
500239558001013,11
500239558001017,20
500239558001021,3
500239558002001,6
500239558002004,7
500239558002008,2
